2025/12/22 04:43:51 - mmengine - INFO - 
------------------------------------------------------------
System environment:
    sys.platform: linux
    Python: 3.8.12 (default, Oct 12 2021, 13:49:34) [GCC 7.5.0]
    CUDA available: True
    MUSA available: False
    numpy_random_seed: 42
    GPU 0: NVIDIA GeForce RTX 3080
    CUDA_HOME: /usr/local/cuda
    NVCC: Cuda compilation tools, release 11.3, V11.3.109
    GCC: gcc (Ubuntu 7.5.0-3ubuntu1~18.04) 7.5.0
    PyTorch: 1.11.0
    PyTorch compiling details: PyTorch built with:
  - GCC 7.3
  - C++ Version: 201402
  - Intel(R) oneAPI Math Kernel Library Version 2021.4-Product Build 20210904 for Intel(R) 64 architecture applications
  - Intel(R) MKL-DNN v2.5.2 (Git Hash a9302535553c73243c632ad3c4c80beec3d19a1e)
  - OpenMP 201511 (a.k.a. OpenMP 4.5)
  - LAPACK is enabled (usually provided by MKL)
  - NNPACK is enabled
  - CPU capability usage: AVX2
  - CUDA Runtime 11.3
  - NVCC architecture flags: -gencode;arch=compute_37,code=sm_37;-gencode;arch=compute_50,code=sm_50;-gencode;arch=compute_60,code=sm_60;-gencode;arch=compute_61,code=sm_61;-gencode;arch=compute_70,code=sm_70;-gencode;arch=compute_75,code=sm_75;-gencode;arch=compute_80,code=sm_80;-gencode;arch=compute_86,code=sm_86;-gencode;arch=compute_37,code=compute_37
  - CuDNN 8.2
  - Magma 2.5.2
  - Build settings: BLAS_INFO=mkl, BUILD_TYPE=Release, CUDA_VERSION=11.3, CUDNN_VERSION=8.2.0, CXX_COMPILER=/opt/rh/devtoolset-7/root/usr/bin/c++, CXX_FLAGS= -Wno-deprecated -fvisibility-inlines-hidden -DUSE_PTHREADPOOL -fopenmp -DNDEBUG -DUSE_KINETO -DUSE_FBGEMM -DUSE_QNNPACK -DUSE_PYTORCH_QNNPACK -DUSE_XNNPACK -DSYMBOLICATE_MOBILE_DEBUG_HANDLE -DEDGE_PROFILER_USE_KINETO -O2 -fPIC -Wno-narrowing -Wall -Wextra -Werror=return-type -Wno-missing-field-initializers -Wno-type-limits -Wno-array-bounds -Wno-unknown-pragmas -Wno-sign-compare -Wno-unused-parameter -Wno-unused-function -Wno-unused-result -Wno-unused-local-typedefs -Wno-strict-overflow -Wno-strict-aliasing -Wno-error=deprecated-declarations -Wno-stringop-overflow -Wno-psabi -Wno-error=pedantic -Wno-error=redundant-decls -Wno-error=old-style-cast -fdiagnostics-color=always -faligned-new -Wno-unused-but-set-variable -Wno-maybe-uninitialized -fno-math-errno -fno-trapping-math -Werror=format -Wno-stringop-overflow, LAPACK_INFO=mkl, PERF_WITH_AVX=1, PERF_WITH_AVX2=1, PERF_WITH_AVX512=1, TORCH_VERSION=1.11.0, USE_CUDA=ON, USE_CUDNN=ON, USE_EXCEPTION_PTR=1, USE_GFLAGS=OFF, USE_GLOG=OFF, USE_MKL=ON, USE_MKLDNN=OFF, USE_MPI=OFF, USE_NCCL=ON, USE_NNPACK=ON, USE_OPENMP=ON, USE_ROCM=OFF, 

    TorchVision: 0.12.0
    OpenCV: 4.12.0
    MMEngine: 0.10.7

Runtime environment:
    cudnn_benchmark: True
    mp_cfg: {'mp_start_method': 'fork', 'opencv_num_threads': 0}
    dist_cfg: {'backend': 'nccl'}
    seed: 42
    deterministic: False
    diff_rank_seed: False
    Distributed launcher: none
    Distributed training: False
    GPU number: 1
------------------------------------------------------------

2025/12/22 04:43:51 - mmengine - INFO - Config:
checkpoint_file = 'https://download.openmmlab.com/mmsegmentation/v0.5/pretrain/segformer/mit_b0_20220624-7e0fe6dd.pth'
custom_hooks = [
    dict(
        check_finite=True,
        min_delta=0.0001,
        monitor='depth/abs_rel',
        patience=20,
        rule='less',
        type='EarlyStoppingHook'),
    dict(log_interval=100, type='MTLWeightLoggerHook'),
    dict(flush_secs=10, out_csv=None, type='MTLIterLoggerHook'),
]
custom_imports = dict(
    allow_failed_imports=False,
    imports=[
        'mmseg.models.segmentors.mtl_encoder_decoder',
        'mmseg.models.decode_heads.depth_head',
        'mmseg.models.losses.depth_losses',
        'mmseg.datasets.mtl_dataset',
        'mmseg.evaluation.metrics.depth_metric',
        'mmseg.models.data_preprocessor',
        'mmseg.engine.hooks.mtl_hooks',
        'hooks',
        'mmseg.models.decode_heads.interaction_segformer_head',
        'mmseg.models.segmentors.mtl_interaction_segmentor',
    ])
data_preprocessor = dict(
    bgr_to_rgb=True,
    mean=[
        123.675,
        116.28,
        103.53,
    ],
    pad_val=0,
    seg_pad_val=255,
    size=(
        512,
        512,
    ),
    std=[
        58.395,
        57.12,
        57.375,
    ],
    test_cfg=dict(size_divisor=32),
    type='MTLSegDataPreProcessor')
data_root = 'dataset'
dataset_type = 'MTLChamDataset'
default_hooks = dict(
    checkpoint=dict(
        by_epoch=False,
        interval=-1,
        max_keep_ckpts=5,
        rule=[
            'greater',
            'less',
        ],
        save_best=[
            'seg/mIoU',
            'depth/abs_rel',
        ],
        save_last=True,
        type='CheckpointHook'),
    logger=dict(interval=200, log_metric_by_epoch=False, type='LoggerHook'),
    param_scheduler=dict(type='ParamSchedulerHook'),
    sampler_seed=dict(type='DistSamplerSeedHook'),
    timer=dict(type='IterTimerHook'))
default_scope = 'mmseg'
env_cfg = dict(
    cudnn_benchmark=True,
    dist_cfg=dict(backend='nccl'),
    mp_cfg=dict(mp_start_method='fork', opencv_num_threads=0))
launcher = 'none'
load_from = None
log_level = 'INFO'
log_processor = dict(by_epoch=False)
model = dict(
    backbone=dict(
        attn_drop_rate=0.0,
        drop_path_rate=0.1,
        drop_rate=0.0,
        embed_dims=32,
        in_channels=3,
        init_cfg=dict(
            checkpoint=
            'https://download.openmmlab.com/mmsegmentation/v0.5/pretrain/segformer/mit_b0_20220624-7e0fe6dd.pth',
            type='Pretrained'),
        mlp_ratio=4,
        num_heads=[
            1,
            2,
            5,
            8,
        ],
        num_layers=[
            2,
            2,
            2,
            2,
        ],
        num_stages=4,
        out_indices=(
            0,
            1,
            2,
            3,
        ),
        patch_sizes=[
            7,
            3,
            3,
            3,
        ],
        qkv_bias=True,
        sr_ratios=[
            8,
            4,
            2,
            1,
        ],
        type='MixVisionTransformer'),
    data_preprocessor=dict(
        bgr_to_rgb=True,
        mean=[
            123.675,
            116.28,
            103.53,
        ],
        pad_val=0,
        seg_pad_val=255,
        size=(
            512,
            512,
        ),
        std=[
            58.395,
            57.12,
            57.375,
        ],
        test_cfg=dict(size_divisor=32),
        type='MTLSegDataPreProcessor'),
    depth_decode_head=dict(
        align_corners=False,
        channels=128,
        dropout_ratio=0.1,
        in_channels=[
            32,
            64,
            160,
            256,
        ],
        in_index=[
            0,
            1,
            2,
            3,
        ],
        loss_decode=[
            dict(
                lambda_variance=0.85,
                loss_name='loss_depth_silog',
                loss_weight=1.0,
                type='SILogLoss'),
            dict(
                loss_name='loss_depth_berhu',
                loss_weight=0.3,
                threshold=0.2,
                type='BerHuLoss'),
        ],
        norm_cfg=dict(requires_grad=True, type='SyncBN'),
        num_classes=1,
        type='InteractionDepthHead'),
    mtl_config=dict(
        dwa_config=dict(
            enabled=False,
            num_tasks=2,
            temperature=2.0,
            update_freq=50,
            window_size=10),
        fixed_weights=dict(depth_weight=5.0, seg_weight=1.0),
        uncertainty_config=dict(
            enabled=True, init_log_var_depth=0.0, init_log_var_seg=0.0),
        weight_strategy='manual'),
    pretrained=None,
    seg_decode_head=dict(
        align_corners=False,
        channels=128,
        dropout_ratio=0.1,
        in_channels=[
            32,
            64,
            160,
            256,
        ],
        in_index=[
            0,
            1,
            2,
            3,
        ],
        loss_decode=[
            dict(
                class_weight=[
                    1.0,
                    2.0,
                    3.0,
                    1.0,
                    1.0,
                    1.0,
                    1.0,
                ],
                loss_weight=1.0,
                type='CrossEntropyLoss',
                use_sigmoid=False),
            dict(
                eps=0.001, loss_weight=0.5, type='DiceLoss',
                use_sigmoid=False),
        ],
        norm_cfg=dict(requires_grad=True, type='SyncBN'),
        num_classes=7,
        type='InteractionSegformerHead'),
    test_cfg=dict(mode='whole'),
    train_cfg=dict(),
    type='MTLInteractionSegmentor')
mtl_config = dict(
    dwa_config=dict(
        enabled=False,
        num_tasks=2,
        temperature=2.0,
        update_freq=50,
        window_size=10),
    fixed_weights=dict(depth_weight=5.0, seg_weight=1.0),
    uncertainty_config=dict(
        enabled=True, init_log_var_depth=0.0, init_log_var_seg=0.0),
    weight_strategy='manual')
norm_cfg = dict(requires_grad=True, type='SyncBN')
optim_wrapper = dict(
    accumulative_counts=4,
    clip_grad=dict(max_norm=5.0, norm_type=2),
    loss_scale='dynamic',
    optimizer=dict(lr=0.0004, type='AdamW', weight_decay=0.01),
    paramwise_cfg=dict(
        custom_keys=dict(
            head=dict(lr_mult=5.0),
            norm=dict(decay_mult=0.0),
            pos_block=dict(decay_mult=0.0))),
    type='AmpOptimWrapper')
optimizer = dict(lr=0.0004, type='AdamW', weight_decay=0.01)
param_scheduler = [
    dict(begin=0, by_epoch=False, end=500, start_factor=0.01, type='LinearLR'),
    dict(
        begin=500,
        by_epoch=False,
        end=30000,
        eta_min_ratio=0.01,
        power=0.9,
        type='PolyLRRatio'),
]
randomness = dict(deterministic=False, diff_rank_seed=False, seed=42)
resume = False
test_cfg = dict(type='TestLoop')
test_dataloader = dict(
    batch_size=1,
    dataset=dict(
        data_prefix=dict(
            depth_map_path='test/metric_depth/depth_npy',
            img_path='test/images',
            seg_map_path='test/masks'),
        data_root='dataset',
        depth_map_suffix='_depth.npy',
        img_suffix='.jpg',
        pipeline=[
            dict(type='LoadImageFromFile'),
            dict(type='LoadAnnotations'),
            dict(type='MTLLoadDepthAnnotation'),
            dict(keep_ratio=False, scale=(
                512,
                512,
            ), type='Resize'),
            dict(max_depth=10.0, type='MTLNormalizeDepth'),
            dict(type='PackMTLSegInputs'),
        ],
        seg_map_suffix='_mask.png',
        serialize_data=False,
        type='MTLChamDataset'),
    num_workers=4,
    persistent_workers=True,
    sampler=dict(shuffle=False, type='DefaultSampler'))
test_evaluator = [
    dict(iou_metrics=[
        'mIoU',
    ], prefix='seg', type='IoUMetric'),
    dict(
        depth_metrics=[
            'abs_rel',
            'sq_rel',
            'rmse',
            'rmse_log',
            'd1',
            'd2',
            'd3',
        ],
        max_depth_eval=10.0,
        min_depth_eval=0.001,
        prefix='depth',
        type='DepthMetric'),
]
test_pipeline = [
    dict(type='LoadImageFromFile'),
    dict(type='LoadAnnotations'),
    dict(type='MTLLoadDepthAnnotation'),
    dict(keep_ratio=False, scale=(
        512,
        512,
    ), type='Resize'),
    dict(max_depth=10.0, type='MTLNormalizeDepth'),
    dict(type='PackMTLSegInputs'),
]
train_cfg = dict(max_iters=30000, type='IterBasedTrainLoop', val_interval=200)
train_dataloader = dict(
    batch_size=4,
    dataset=dict(
        data_prefix=dict(
            depth_map_path='train/metric_depth/depth_npy',
            img_path='train/images',
            seg_map_path='train/masks'),
        data_root='dataset',
        depth_map_suffix='_depth.npy',
        img_suffix='.png',
        pipeline=[
            dict(type='LoadImageFromFile'),
            dict(type='LoadAnnotations'),
            dict(type='MTLLoadDepthAnnotation'),
            dict(keep_ratio=False, scale=(
                512,
                512,
            ), type='Resize'),
            dict(max_depth=10.0, type='MTLNormalizeDepth'),
            dict(type='PackMTLSegInputs'),
        ],
        seg_map_suffix='_mask.png',
        serialize_data=False,
        type='MTLChamDataset'),
    num_workers=4,
    persistent_workers=True,
    sampler=dict(shuffle=True, type='InfiniteSampler'))
train_pipeline = [
    dict(type='LoadImageFromFile'),
    dict(type='LoadAnnotations'),
    dict(type='MTLLoadDepthAnnotation'),
    dict(keep_ratio=False, scale=(
        512,
        512,
    ), type='Resize'),
    dict(max_depth=10.0, type='MTLNormalizeDepth'),
    dict(type='PackMTLSegInputs'),
]
tta_model = dict(type='SegTTAModel')
val_cfg = dict(type='ValLoop')
val_dataloader = dict(
    batch_size=1,
    dataset=dict(
        data_prefix=dict(
            depth_map_path='valid/metric_depth/depth_npy',
            img_path='valid/images',
            seg_map_path='valid/masks'),
        data_root='dataset',
        depth_map_suffix='_depth.npy',
        img_suffix='.jpg',
        pipeline=[
            dict(type='LoadImageFromFile'),
            dict(type='LoadAnnotations'),
            dict(type='MTLLoadDepthAnnotation'),
            dict(keep_ratio=False, scale=(
                512,
                512,
            ), type='Resize'),
            dict(max_depth=10.0, type='MTLNormalizeDepth'),
            dict(type='PackMTLSegInputs'),
        ],
        seg_map_suffix='_mask.png',
        serialize_data=False,
        type='MTLChamDataset'),
    num_workers=4,
    persistent_workers=True,
    sampler=dict(shuffle=False, type='DefaultSampler'))
val_evaluator = [
    dict(iou_metrics=[
        'mIoU',
    ], prefix='seg', type='IoUMetric'),
    dict(
        depth_metrics=[
            'abs_rel',
            'sq_rel',
            'rmse',
            'rmse_log',
            'd1',
            'd2',
            'd3',
        ],
        max_depth_eval=10.0,
        min_depth_eval=0.001,
        prefix='depth',
        type='DepthMetric'),
]
val_pipeline = [
    dict(type='LoadImageFromFile'),
    dict(type='LoadAnnotations'),
    dict(type='MTLLoadDepthAnnotation'),
    dict(keep_ratio=False, scale=(
        512,
        512,
    ), type='Resize'),
    dict(max_depth=10.0, type='MTLNormalizeDepth'),
    dict(type='PackMTLSegInputs'),
]
vis_backends = [
    dict(type='LocalVisBackend'),
    dict(type='TensorboardVisBackend'),
]
visualizer = dict(
    name='visualizer',
    type='SegLocalVisualizer',
    vis_backends=[
        dict(type='LocalVisBackend'),
        dict(type='TensorboardVisBackend'),
    ])
work_dir = '/workspace/mmsegmentation/work_dirs/chamnet_mtl_manual_1_5_last_ch128_int'

2025/12/22 04:43:54 - mmengine - INFO - Distributed training is not used, all SyncBatchNorm (SyncBN) layers in the model will be automatically reverted to BatchNormXd layers if they are used.
2025/12/22 04:43:54 - mmengine - INFO - Hooks will be executed in the following order:
before_run:
(VERY_HIGH   ) RuntimeInfoHook                    
(NORMAL      ) MTLIterLoggerHook                  
(BELOW_NORMAL) LoggerHook                         
(LOWEST      ) EarlyStoppingHook                  
 -------------------- 
before_train:
(VERY_HIGH   ) RuntimeInfoHook                    
(NORMAL      ) IterTimerHook                      
(VERY_LOW    ) CheckpointHook                     
 -------------------- 
before_train_epoch:
(VERY_HIGH   ) RuntimeInfoHook                    
(NORMAL      ) IterTimerHook                      
(NORMAL      ) DistSamplerSeedHook                
 -------------------- 
before_train_iter:
(VERY_HIGH   ) RuntimeInfoHook                    
(NORMAL      ) IterTimerHook                      
 -------------------- 
after_train_iter:
(VERY_HIGH   ) RuntimeInfoHook                    
(NORMAL      ) IterTimerHook                      
(NORMAL      ) MTLWeightLoggerHook                
(NORMAL      ) MTLIterLoggerHook                  
(BELOW_NORMAL) LoggerHook                         
(LOW         ) ParamSchedulerHook                 
(VERY_LOW    ) CheckpointHook                     
 -------------------- 
after_train_epoch:
(NORMAL      ) IterTimerHook                      
(LOW         ) ParamSchedulerHook                 
(VERY_LOW    ) CheckpointHook                     
 -------------------- 
before_val:
(VERY_HIGH   ) RuntimeInfoHook                    
 -------------------- 
before_val_epoch:
(NORMAL      ) IterTimerHook                      
 -------------------- 
before_val_iter:
(NORMAL      ) IterTimerHook                      
 -------------------- 
after_val_iter:
(NORMAL      ) IterTimerHook                      
(BELOW_NORMAL) LoggerHook                         
 -------------------- 
after_val_epoch:
(VERY_HIGH   ) RuntimeInfoHook                    
(NORMAL      ) IterTimerHook                      
(NORMAL      ) MTLIterLoggerHook                  
(BELOW_NORMAL) LoggerHook                         
(LOW         ) ParamSchedulerHook                 
(VERY_LOW    ) CheckpointHook                     
(LOWEST      ) EarlyStoppingHook                  
 -------------------- 
after_val:
(VERY_HIGH   ) RuntimeInfoHook                    
 -------------------- 
after_train:
(VERY_HIGH   ) RuntimeInfoHook                    
(VERY_LOW    ) CheckpointHook                     
 -------------------- 
before_test:
(VERY_HIGH   ) RuntimeInfoHook                    
 -------------------- 
before_test_epoch:
(NORMAL      ) IterTimerHook                      
 -------------------- 
before_test_iter:
(NORMAL      ) IterTimerHook                      
 -------------------- 
after_test_iter:
(NORMAL      ) IterTimerHook                      
(BELOW_NORMAL) LoggerHook                         
 -------------------- 
after_test_epoch:
(VERY_HIGH   ) RuntimeInfoHook                    
(NORMAL      ) IterTimerHook                      
(BELOW_NORMAL) LoggerHook                         
 -------------------- 
after_test:
(VERY_HIGH   ) RuntimeInfoHook                    
 -------------------- 
after_run:
(NORMAL      ) MTLWeightLoggerHook                
(NORMAL      ) MTLIterLoggerHook                  
(BELOW_NORMAL) LoggerHook                         
 -------------------- 
2025/12/22 04:43:54 - mmengine - INFO - paramwise_options -- backbone.layers.0.0.norm.weight:lr=0.0004
2025/12/22 04:43:54 - mmengine - INFO - paramwise_options -- backbone.layers.0.0.norm.weight:weight_decay=0.0
2025/12/22 04:43:54 - mmengine - INFO - paramwise_options -- backbone.layers.0.0.norm.weight:decay_mult=0.0
2025/12/22 04:43:54 - mmengine - INFO - paramwise_options -- backbone.layers.0.0.norm.bias:lr=0.0004
2025/12/22 04:43:54 - mmengine - INFO - paramwise_options -- backbone.layers.0.0.norm.bias:weight_decay=0.0
2025/12/22 04:43:54 - mmengine - INFO - paramwise_options -- backbone.layers.0.0.norm.bias:decay_mult=0.0
2025/12/22 04:43:54 - mmengine - INFO - paramwise_options -- backbone.layers.0.1.0.norm1.weight:lr=0.0004
2025/12/22 04:43:54 - mmengine - INFO - paramwise_options -- backbone.layers.0.1.0.norm1.weight:weight_decay=0.0
2025/12/22 04:43:54 - mmengine - INFO - paramwise_options -- backbone.layers.0.1.0.norm1.weight:decay_mult=0.0
2025/12/22 04:43:54 - mmengine - INFO - paramwise_options -- backbone.layers.0.1.0.norm1.bias:lr=0.0004
2025/12/22 04:43:54 - mmengine - INFO - paramwise_options -- backbone.layers.0.1.0.norm1.bias:weight_decay=0.0
2025/12/22 04:43:54 - mmengine - INFO - paramwise_options -- backbone.layers.0.1.0.norm1.bias:decay_mult=0.0
2025/12/22 04:43:54 - mmengine - INFO - paramwise_options -- backbone.layers.0.1.0.attn.norm.weight:lr=0.0004
2025/12/22 04:43:54 - mmengine - INFO - paramwise_options -- backbone.layers.0.1.0.attn.norm.weight:weight_decay=0.0
2025/12/22 04:43:54 - mmengine - INFO - paramwise_options -- backbone.layers.0.1.0.attn.norm.weight:decay_mult=0.0
2025/12/22 04:43:54 - mmengine - INFO - paramwise_options -- backbone.layers.0.1.0.attn.norm.bias:lr=0.0004
2025/12/22 04:43:54 - mmengine - INFO - paramwise_options -- backbone.layers.0.1.0.attn.norm.bias:weight_decay=0.0
2025/12/22 04:43:54 - mmengine - INFO - paramwise_options -- backbone.layers.0.1.0.attn.norm.bias:decay_mult=0.0
2025/12/22 04:43:54 - mmengine - INFO - paramwise_options -- backbone.layers.0.1.0.norm2.weight:lr=0.0004
2025/12/22 04:43:54 - mmengine - INFO - paramwise_options -- backbone.layers.0.1.0.norm2.weight:weight_decay=0.0
2025/12/22 04:43:54 - mmengine - INFO - paramwise_options -- backbone.layers.0.1.0.norm2.weight:decay_mult=0.0
2025/12/22 04:43:54 - mmengine - INFO - paramwise_options -- backbone.layers.0.1.0.norm2.bias:lr=0.0004
2025/12/22 04:43:54 - mmengine - INFO - paramwise_options -- backbone.layers.0.1.0.norm2.bias:weight_decay=0.0
2025/12/22 04:43:54 - mmengine - INFO - paramwise_options -- backbone.layers.0.1.0.norm2.bias:decay_mult=0.0
2025/12/22 04:43:54 - mmengine - INFO - paramwise_options -- backbone.layers.0.1.1.norm1.weight:lr=0.0004
2025/12/22 04:43:54 - mmengine - INFO - paramwise_options -- backbone.layers.0.1.1.norm1.weight:weight_decay=0.0
2025/12/22 04:43:54 - mmengine - INFO - paramwise_options -- backbone.layers.0.1.1.norm1.weight:decay_mult=0.0
2025/12/22 04:43:54 - mmengine - INFO - paramwise_options -- backbone.layers.0.1.1.norm1.bias:lr=0.0004
2025/12/22 04:43:54 - mmengine - INFO - paramwise_options -- backbone.layers.0.1.1.norm1.bias:weight_decay=0.0
2025/12/22 04:43:54 - mmengine - INFO - paramwise_options -- backbone.layers.0.1.1.norm1.bias:decay_mult=0.0
2025/12/22 04:43:54 - mmengine - INFO - paramwise_options -- backbone.layers.0.1.1.attn.norm.weight:lr=0.0004
2025/12/22 04:43:54 - mmengine - INFO - paramwise_options -- backbone.layers.0.1.1.attn.norm.weight:weight_decay=0.0
2025/12/22 04:43:54 - mmengine - INFO - paramwise_options -- backbone.layers.0.1.1.attn.norm.weight:decay_mult=0.0
2025/12/22 04:43:54 - mmengine - INFO - paramwise_options -- backbone.layers.0.1.1.attn.norm.bias:lr=0.0004
2025/12/22 04:43:54 - mmengine - INFO - paramwise_options -- backbone.layers.0.1.1.attn.norm.bias:weight_decay=0.0
2025/12/22 04:43:54 - mmengine - INFO - paramwise_options -- backbone.layers.0.1.1.attn.norm.bias:decay_mult=0.0
2025/12/22 04:43:54 - mmengine - INFO - paramwise_options -- backbone.layers.0.1.1.norm2.weight:lr=0.0004
2025/12/22 04:43:54 - mmengine - INFO - paramwise_options -- backbone.layers.0.1.1.norm2.weight:weight_decay=0.0
2025/12/22 04:43:54 - mmengine - INFO - paramwise_options -- backbone.layers.0.1.1.norm2.weight:decay_mult=0.0
2025/12/22 04:43:54 - mmengine - INFO - paramwise_options -- backbone.layers.0.1.1.norm2.bias:lr=0.0004
2025/12/22 04:43:54 - mmengine - INFO - paramwise_options -- backbone.layers.0.1.1.norm2.bias:weight_decay=0.0
2025/12/22 04:43:54 - mmengine - INFO - paramwise_options -- backbone.layers.0.1.1.norm2.bias:decay_mult=0.0
2025/12/22 04:43:54 - mmengine - INFO - paramwise_options -- backbone.layers.1.0.norm.weight:lr=0.0004
2025/12/22 04:43:54 - mmengine - INFO - paramwise_options -- backbone.layers.1.0.norm.weight:weight_decay=0.0
2025/12/22 04:43:54 - mmengine - INFO - paramwise_options -- backbone.layers.1.0.norm.weight:decay_mult=0.0
2025/12/22 04:43:54 - mmengine - INFO - paramwise_options -- backbone.layers.1.0.norm.bias:lr=0.0004
2025/12/22 04:43:54 - mmengine - INFO - paramwise_options -- backbone.layers.1.0.norm.bias:weight_decay=0.0
2025/12/22 04:43:54 - mmengine - INFO - paramwise_options -- backbone.layers.1.0.norm.bias:decay_mult=0.0
2025/12/22 04:43:54 - mmengine - INFO - paramwise_options -- backbone.layers.1.1.0.norm1.weight:lr=0.0004
2025/12/22 04:43:54 - mmengine - INFO - paramwise_options -- backbone.layers.1.1.0.norm1.weight:weight_decay=0.0
2025/12/22 04:43:54 - mmengine - INFO - paramwise_options -- backbone.layers.1.1.0.norm1.weight:decay_mult=0.0
2025/12/22 04:43:54 - mmengine - INFO - paramwise_options -- backbone.layers.1.1.0.norm1.bias:lr=0.0004
2025/12/22 04:43:54 - mmengine - INFO - paramwise_options -- backbone.layers.1.1.0.norm1.bias:weight_decay=0.0
2025/12/22 04:43:54 - mmengine - INFO - paramwise_options -- backbone.layers.1.1.0.norm1.bias:decay_mult=0.0
2025/12/22 04:43:54 - mmengine - INFO - paramwise_options -- backbone.layers.1.1.0.attn.norm.weight:lr=0.0004
2025/12/22 04:43:54 - mmengine - INFO - paramwise_options -- backbone.layers.1.1.0.attn.norm.weight:weight_decay=0.0
2025/12/22 04:43:54 - mmengine - INFO - paramwise_options -- backbone.layers.1.1.0.attn.norm.weight:decay_mult=0.0
2025/12/22 04:43:54 - mmengine - INFO - paramwise_options -- backbone.layers.1.1.0.attn.norm.bias:lr=0.0004
2025/12/22 04:43:54 - mmengine - INFO - paramwise_options -- backbone.layers.1.1.0.attn.norm.bias:weight_decay=0.0
2025/12/22 04:43:54 - mmengine - INFO - paramwise_options -- backbone.layers.1.1.0.attn.norm.bias:decay_mult=0.0
2025/12/22 04:43:54 - mmengine - INFO - paramwise_options -- backbone.layers.1.1.0.norm2.weight:lr=0.0004
2025/12/22 04:43:54 - mmengine - INFO - paramwise_options -- backbone.layers.1.1.0.norm2.weight:weight_decay=0.0
2025/12/22 04:43:54 - mmengine - INFO - paramwise_options -- backbone.layers.1.1.0.norm2.weight:decay_mult=0.0
2025/12/22 04:43:54 - mmengine - INFO - paramwise_options -- backbone.layers.1.1.0.norm2.bias:lr=0.0004
2025/12/22 04:43:54 - mmengine - INFO - paramwise_options -- backbone.layers.1.1.0.norm2.bias:weight_decay=0.0
2025/12/22 04:43:54 - mmengine - INFO - paramwise_options -- backbone.layers.1.1.0.norm2.bias:decay_mult=0.0
2025/12/22 04:43:54 - mmengine - INFO - paramwise_options -- backbone.layers.1.1.1.norm1.weight:lr=0.0004
2025/12/22 04:43:54 - mmengine - INFO - paramwise_options -- backbone.layers.1.1.1.norm1.weight:weight_decay=0.0
2025/12/22 04:43:54 - mmengine - INFO - paramwise_options -- backbone.layers.1.1.1.norm1.weight:decay_mult=0.0
2025/12/22 04:43:54 - mmengine - INFO - paramwise_options -- backbone.layers.1.1.1.norm1.bias:lr=0.0004
2025/12/22 04:43:54 - mmengine - INFO - paramwise_options -- backbone.layers.1.1.1.norm1.bias:weight_decay=0.0
2025/12/22 04:43:54 - mmengine - INFO - paramwise_options -- backbone.layers.1.1.1.norm1.bias:decay_mult=0.0
2025/12/22 04:43:54 - mmengine - INFO - paramwise_options -- backbone.layers.1.1.1.attn.norm.weight:lr=0.0004
2025/12/22 04:43:54 - mmengine - INFO - paramwise_options -- backbone.layers.1.1.1.attn.norm.weight:weight_decay=0.0
2025/12/22 04:43:54 - mmengine - INFO - paramwise_options -- backbone.layers.1.1.1.attn.norm.weight:decay_mult=0.0
2025/12/22 04:43:54 - mmengine - INFO - paramwise_options -- backbone.layers.1.1.1.attn.norm.bias:lr=0.0004
2025/12/22 04:43:54 - mmengine - INFO - paramwise_options -- backbone.layers.1.1.1.attn.norm.bias:weight_decay=0.0
2025/12/22 04:43:54 - mmengine - INFO - paramwise_options -- backbone.layers.1.1.1.attn.norm.bias:decay_mult=0.0
2025/12/22 04:43:54 - mmengine - INFO - paramwise_options -- backbone.layers.1.1.1.norm2.weight:lr=0.0004
2025/12/22 04:43:54 - mmengine - INFO - paramwise_options -- backbone.layers.1.1.1.norm2.weight:weight_decay=0.0
2025/12/22 04:43:54 - mmengine - INFO - paramwise_options -- backbone.layers.1.1.1.norm2.weight:decay_mult=0.0
2025/12/22 04:43:54 - mmengine - INFO - paramwise_options -- backbone.layers.1.1.1.norm2.bias:lr=0.0004
2025/12/22 04:43:54 - mmengine - INFO - paramwise_options -- backbone.layers.1.1.1.norm2.bias:weight_decay=0.0
2025/12/22 04:43:54 - mmengine - INFO - paramwise_options -- backbone.layers.1.1.1.norm2.bias:decay_mult=0.0
2025/12/22 04:43:54 - mmengine - INFO - paramwise_options -- backbone.layers.2.0.norm.weight:lr=0.0004
2025/12/22 04:43:54 - mmengine - INFO - paramwise_options -- backbone.layers.2.0.norm.weight:weight_decay=0.0
2025/12/22 04:43:54 - mmengine - INFO - paramwise_options -- backbone.layers.2.0.norm.weight:decay_mult=0.0
2025/12/22 04:43:54 - mmengine - INFO - paramwise_options -- backbone.layers.2.0.norm.bias:lr=0.0004
2025/12/22 04:43:54 - mmengine - INFO - paramwise_options -- backbone.layers.2.0.norm.bias:weight_decay=0.0
2025/12/22 04:43:54 - mmengine - INFO - paramwise_options -- backbone.layers.2.0.norm.bias:decay_mult=0.0
2025/12/22 04:43:54 - mmengine - INFO - paramwise_options -- backbone.layers.2.1.0.norm1.weight:lr=0.0004
2025/12/22 04:43:54 - mmengine - INFO - paramwise_options -- backbone.layers.2.1.0.norm1.weight:weight_decay=0.0
2025/12/22 04:43:54 - mmengine - INFO - paramwise_options -- backbone.layers.2.1.0.norm1.weight:decay_mult=0.0
2025/12/22 04:43:54 - mmengine - INFO - paramwise_options -- backbone.layers.2.1.0.norm1.bias:lr=0.0004
2025/12/22 04:43:54 - mmengine - INFO - paramwise_options -- backbone.layers.2.1.0.norm1.bias:weight_decay=0.0
2025/12/22 04:43:54 - mmengine - INFO - paramwise_options -- backbone.layers.2.1.0.norm1.bias:decay_mult=0.0
2025/12/22 04:43:54 - mmengine - INFO - paramwise_options -- backbone.layers.2.1.0.attn.norm.weight:lr=0.0004
2025/12/22 04:43:54 - mmengine - INFO - paramwise_options -- backbone.layers.2.1.0.attn.norm.weight:weight_decay=0.0
2025/12/22 04:43:54 - mmengine - INFO - paramwise_options -- backbone.layers.2.1.0.attn.norm.weight:decay_mult=0.0
2025/12/22 04:43:54 - mmengine - INFO - paramwise_options -- backbone.layers.2.1.0.attn.norm.bias:lr=0.0004
2025/12/22 04:43:54 - mmengine - INFO - paramwise_options -- backbone.layers.2.1.0.attn.norm.bias:weight_decay=0.0
2025/12/22 04:43:54 - mmengine - INFO - paramwise_options -- backbone.layers.2.1.0.attn.norm.bias:decay_mult=0.0
2025/12/22 04:43:54 - mmengine - INFO - paramwise_options -- backbone.layers.2.1.0.norm2.weight:lr=0.0004
2025/12/22 04:43:54 - mmengine - INFO - paramwise_options -- backbone.layers.2.1.0.norm2.weight:weight_decay=0.0
2025/12/22 04:43:54 - mmengine - INFO - paramwise_options -- backbone.layers.2.1.0.norm2.weight:decay_mult=0.0
2025/12/22 04:43:54 - mmengine - INFO - paramwise_options -- backbone.layers.2.1.0.norm2.bias:lr=0.0004
2025/12/22 04:43:54 - mmengine - INFO - paramwise_options -- backbone.layers.2.1.0.norm2.bias:weight_decay=0.0
2025/12/22 04:43:54 - mmengine - INFO - paramwise_options -- backbone.layers.2.1.0.norm2.bias:decay_mult=0.0
2025/12/22 04:43:54 - mmengine - INFO - paramwise_options -- backbone.layers.2.1.1.norm1.weight:lr=0.0004
2025/12/22 04:43:54 - mmengine - INFO - paramwise_options -- backbone.layers.2.1.1.norm1.weight:weight_decay=0.0
2025/12/22 04:43:54 - mmengine - INFO - paramwise_options -- backbone.layers.2.1.1.norm1.weight:decay_mult=0.0
2025/12/22 04:43:54 - mmengine - INFO - paramwise_options -- backbone.layers.2.1.1.norm1.bias:lr=0.0004
2025/12/22 04:43:54 - mmengine - INFO - paramwise_options -- backbone.layers.2.1.1.norm1.bias:weight_decay=0.0
2025/12/22 04:43:54 - mmengine - INFO - paramwise_options -- backbone.layers.2.1.1.norm1.bias:decay_mult=0.0
2025/12/22 04:43:54 - mmengine - INFO - paramwise_options -- backbone.layers.2.1.1.attn.norm.weight:lr=0.0004
2025/12/22 04:43:54 - mmengine - INFO - paramwise_options -- backbone.layers.2.1.1.attn.norm.weight:weight_decay=0.0
2025/12/22 04:43:54 - mmengine - INFO - paramwise_options -- backbone.layers.2.1.1.attn.norm.weight:decay_mult=0.0
2025/12/22 04:43:54 - mmengine - INFO - paramwise_options -- backbone.layers.2.1.1.attn.norm.bias:lr=0.0004
2025/12/22 04:43:54 - mmengine - INFO - paramwise_options -- backbone.layers.2.1.1.attn.norm.bias:weight_decay=0.0
2025/12/22 04:43:54 - mmengine - INFO - paramwise_options -- backbone.layers.2.1.1.attn.norm.bias:decay_mult=0.0
2025/12/22 04:43:54 - mmengine - INFO - paramwise_options -- backbone.layers.2.1.1.norm2.weight:lr=0.0004
2025/12/22 04:43:54 - mmengine - INFO - paramwise_options -- backbone.layers.2.1.1.norm2.weight:weight_decay=0.0
2025/12/22 04:43:54 - mmengine - INFO - paramwise_options -- backbone.layers.2.1.1.norm2.weight:decay_mult=0.0
2025/12/22 04:43:54 - mmengine - INFO - paramwise_options -- backbone.layers.2.1.1.norm2.bias:lr=0.0004
2025/12/22 04:43:54 - mmengine - INFO - paramwise_options -- backbone.layers.2.1.1.norm2.bias:weight_decay=0.0
2025/12/22 04:43:54 - mmengine - INFO - paramwise_options -- backbone.layers.2.1.1.norm2.bias:decay_mult=0.0
2025/12/22 04:43:54 - mmengine - INFO - paramwise_options -- backbone.layers.3.0.norm.weight:lr=0.0004
2025/12/22 04:43:54 - mmengine - INFO - paramwise_options -- backbone.layers.3.0.norm.weight:weight_decay=0.0
2025/12/22 04:43:54 - mmengine - INFO - paramwise_options -- backbone.layers.3.0.norm.weight:decay_mult=0.0
2025/12/22 04:43:54 - mmengine - INFO - paramwise_options -- backbone.layers.3.0.norm.bias:lr=0.0004
2025/12/22 04:43:54 - mmengine - INFO - paramwise_options -- backbone.layers.3.0.norm.bias:weight_decay=0.0
2025/12/22 04:43:54 - mmengine - INFO - paramwise_options -- backbone.layers.3.0.norm.bias:decay_mult=0.0
2025/12/22 04:43:54 - mmengine - INFO - paramwise_options -- backbone.layers.3.1.0.norm1.weight:lr=0.0004
2025/12/22 04:43:54 - mmengine - INFO - paramwise_options -- backbone.layers.3.1.0.norm1.weight:weight_decay=0.0
2025/12/22 04:43:54 - mmengine - INFO - paramwise_options -- backbone.layers.3.1.0.norm1.weight:decay_mult=0.0
2025/12/22 04:43:54 - mmengine - INFO - paramwise_options -- backbone.layers.3.1.0.norm1.bias:lr=0.0004
2025/12/22 04:43:54 - mmengine - INFO - paramwise_options -- backbone.layers.3.1.0.norm1.bias:weight_decay=0.0
2025/12/22 04:43:54 - mmengine - INFO - paramwise_options -- backbone.layers.3.1.0.norm1.bias:decay_mult=0.0
2025/12/22 04:43:54 - mmengine - INFO - paramwise_options -- backbone.layers.3.1.0.norm2.weight:lr=0.0004
2025/12/22 04:43:54 - mmengine - INFO - paramwise_options -- backbone.layers.3.1.0.norm2.weight:weight_decay=0.0
2025/12/22 04:43:54 - mmengine - INFO - paramwise_options -- backbone.layers.3.1.0.norm2.weight:decay_mult=0.0
2025/12/22 04:43:54 - mmengine - INFO - paramwise_options -- backbone.layers.3.1.0.norm2.bias:lr=0.0004
2025/12/22 04:43:54 - mmengine - INFO - paramwise_options -- backbone.layers.3.1.0.norm2.bias:weight_decay=0.0
2025/12/22 04:43:54 - mmengine - INFO - paramwise_options -- backbone.layers.3.1.0.norm2.bias:decay_mult=0.0
2025/12/22 04:43:54 - mmengine - INFO - paramwise_options -- backbone.layers.3.1.1.norm1.weight:lr=0.0004
2025/12/22 04:43:54 - mmengine - INFO - paramwise_options -- backbone.layers.3.1.1.norm1.weight:weight_decay=0.0
2025/12/22 04:43:54 - mmengine - INFO - paramwise_options -- backbone.layers.3.1.1.norm1.weight:decay_mult=0.0
2025/12/22 04:43:54 - mmengine - INFO - paramwise_options -- backbone.layers.3.1.1.norm1.bias:lr=0.0004
2025/12/22 04:43:54 - mmengine - INFO - paramwise_options -- backbone.layers.3.1.1.norm1.bias:weight_decay=0.0
2025/12/22 04:43:54 - mmengine - INFO - paramwise_options -- backbone.layers.3.1.1.norm1.bias:decay_mult=0.0
2025/12/22 04:43:54 - mmengine - INFO - paramwise_options -- backbone.layers.3.1.1.norm2.weight:lr=0.0004
2025/12/22 04:43:54 - mmengine - INFO - paramwise_options -- backbone.layers.3.1.1.norm2.weight:weight_decay=0.0
2025/12/22 04:43:54 - mmengine - INFO - paramwise_options -- backbone.layers.3.1.1.norm2.weight:decay_mult=0.0
2025/12/22 04:43:54 - mmengine - INFO - paramwise_options -- backbone.layers.3.1.1.norm2.bias:lr=0.0004
2025/12/22 04:43:54 - mmengine - INFO - paramwise_options -- backbone.layers.3.1.1.norm2.bias:weight_decay=0.0
2025/12/22 04:43:54 - mmengine - INFO - paramwise_options -- backbone.layers.3.1.1.norm2.bias:decay_mult=0.0
2025/12/22 04:43:54 - mmengine - INFO - paramwise_options -- decode_head.conv_seg.weight:lr=0.002
2025/12/22 04:43:54 - mmengine - INFO - paramwise_options -- decode_head.conv_seg.weight:weight_decay=0.01
2025/12/22 04:43:54 - mmengine - INFO - paramwise_options -- decode_head.conv_seg.weight:lr_mult=5.0
2025/12/22 04:43:54 - mmengine - INFO - paramwise_options -- decode_head.conv_seg.bias:lr=0.002
2025/12/22 04:43:54 - mmengine - INFO - paramwise_options -- decode_head.conv_seg.bias:weight_decay=0.01
2025/12/22 04:43:54 - mmengine - INFO - paramwise_options -- decode_head.conv_seg.bias:lr_mult=5.0
2025/12/22 04:43:54 - mmengine - INFO - paramwise_options -- decode_head.convs.0.conv.weight:lr=0.002
2025/12/22 04:43:54 - mmengine - INFO - paramwise_options -- decode_head.convs.0.conv.weight:weight_decay=0.01
2025/12/22 04:43:54 - mmengine - INFO - paramwise_options -- decode_head.convs.0.conv.weight:lr_mult=5.0
2025/12/22 04:43:54 - mmengine - INFO - paramwise_options -- decode_head.convs.0.bn.weight:lr=0.002
2025/12/22 04:43:54 - mmengine - INFO - paramwise_options -- decode_head.convs.0.bn.weight:weight_decay=0.01
2025/12/22 04:43:54 - mmengine - INFO - paramwise_options -- decode_head.convs.0.bn.weight:lr_mult=5.0
2025/12/22 04:43:54 - mmengine - INFO - paramwise_options -- decode_head.convs.0.bn.bias:lr=0.002
2025/12/22 04:43:54 - mmengine - INFO - paramwise_options -- decode_head.convs.0.bn.bias:weight_decay=0.01
2025/12/22 04:43:54 - mmengine - INFO - paramwise_options -- decode_head.convs.0.bn.bias:lr_mult=5.0
2025/12/22 04:43:54 - mmengine - INFO - paramwise_options -- decode_head.convs.1.conv.weight:lr=0.002
2025/12/22 04:43:54 - mmengine - INFO - paramwise_options -- decode_head.convs.1.conv.weight:weight_decay=0.01
2025/12/22 04:43:54 - mmengine - INFO - paramwise_options -- decode_head.convs.1.conv.weight:lr_mult=5.0
2025/12/22 04:43:54 - mmengine - INFO - paramwise_options -- decode_head.convs.1.bn.weight:lr=0.002
2025/12/22 04:43:54 - mmengine - INFO - paramwise_options -- decode_head.convs.1.bn.weight:weight_decay=0.01
2025/12/22 04:43:54 - mmengine - INFO - paramwise_options -- decode_head.convs.1.bn.weight:lr_mult=5.0
2025/12/22 04:43:54 - mmengine - INFO - paramwise_options -- decode_head.convs.1.bn.bias:lr=0.002
2025/12/22 04:43:54 - mmengine - INFO - paramwise_options -- decode_head.convs.1.bn.bias:weight_decay=0.01
2025/12/22 04:43:54 - mmengine - INFO - paramwise_options -- decode_head.convs.1.bn.bias:lr_mult=5.0
2025/12/22 04:43:54 - mmengine - INFO - paramwise_options -- decode_head.convs.2.conv.weight:lr=0.002
2025/12/22 04:43:54 - mmengine - INFO - paramwise_options -- decode_head.convs.2.conv.weight:weight_decay=0.01
2025/12/22 04:43:54 - mmengine - INFO - paramwise_options -- decode_head.convs.2.conv.weight:lr_mult=5.0
2025/12/22 04:43:54 - mmengine - INFO - paramwise_options -- decode_head.convs.2.bn.weight:lr=0.002
2025/12/22 04:43:54 - mmengine - INFO - paramwise_options -- decode_head.convs.2.bn.weight:weight_decay=0.01
2025/12/22 04:43:54 - mmengine - INFO - paramwise_options -- decode_head.convs.2.bn.weight:lr_mult=5.0
2025/12/22 04:43:54 - mmengine - INFO - paramwise_options -- decode_head.convs.2.bn.bias:lr=0.002
2025/12/22 04:43:54 - mmengine - INFO - paramwise_options -- decode_head.convs.2.bn.bias:weight_decay=0.01
2025/12/22 04:43:54 - mmengine - INFO - paramwise_options -- decode_head.convs.2.bn.bias:lr_mult=5.0
2025/12/22 04:43:54 - mmengine - INFO - paramwise_options -- decode_head.convs.3.conv.weight:lr=0.002
2025/12/22 04:43:54 - mmengine - INFO - paramwise_options -- decode_head.convs.3.conv.weight:weight_decay=0.01
2025/12/22 04:43:54 - mmengine - INFO - paramwise_options -- decode_head.convs.3.conv.weight:lr_mult=5.0
2025/12/22 04:43:54 - mmengine - INFO - paramwise_options -- decode_head.convs.3.bn.weight:lr=0.002
2025/12/22 04:43:54 - mmengine - INFO - paramwise_options -- decode_head.convs.3.bn.weight:weight_decay=0.01
2025/12/22 04:43:54 - mmengine - INFO - paramwise_options -- decode_head.convs.3.bn.weight:lr_mult=5.0
2025/12/22 04:43:54 - mmengine - INFO - paramwise_options -- decode_head.convs.3.bn.bias:lr=0.002
2025/12/22 04:43:54 - mmengine - INFO - paramwise_options -- decode_head.convs.3.bn.bias:weight_decay=0.01
2025/12/22 04:43:54 - mmengine - INFO - paramwise_options -- decode_head.convs.3.bn.bias:lr_mult=5.0
2025/12/22 04:43:54 - mmengine - INFO - paramwise_options -- decode_head.fusion_conv.conv.weight:lr=0.002
2025/12/22 04:43:54 - mmengine - INFO - paramwise_options -- decode_head.fusion_conv.conv.weight:weight_decay=0.01
2025/12/22 04:43:54 - mmengine - INFO - paramwise_options -- decode_head.fusion_conv.conv.weight:lr_mult=5.0
2025/12/22 04:43:54 - mmengine - INFO - paramwise_options -- decode_head.fusion_conv.bn.weight:lr=0.002
2025/12/22 04:43:54 - mmengine - INFO - paramwise_options -- decode_head.fusion_conv.bn.weight:weight_decay=0.01
2025/12/22 04:43:54 - mmengine - INFO - paramwise_options -- decode_head.fusion_conv.bn.weight:lr_mult=5.0
2025/12/22 04:43:54 - mmengine - INFO - paramwise_options -- decode_head.fusion_conv.bn.bias:lr=0.002
2025/12/22 04:43:54 - mmengine - INFO - paramwise_options -- decode_head.fusion_conv.bn.bias:weight_decay=0.01
2025/12/22 04:43:54 - mmengine - INFO - paramwise_options -- decode_head.fusion_conv.bn.bias:lr_mult=5.0
2025/12/22 04:43:54 - mmengine - INFO - paramwise_options -- depth_decode_head.conv_seg.weight:lr=0.002
2025/12/22 04:43:54 - mmengine - INFO - paramwise_options -- depth_decode_head.conv_seg.weight:weight_decay=0.01
2025/12/22 04:43:54 - mmengine - INFO - paramwise_options -- depth_decode_head.conv_seg.weight:lr_mult=5.0
2025/12/22 04:43:54 - mmengine - INFO - paramwise_options -- depth_decode_head.conv_seg.bias:lr=0.002
2025/12/22 04:43:54 - mmengine - INFO - paramwise_options -- depth_decode_head.conv_seg.bias:weight_decay=0.01
2025/12/22 04:43:54 - mmengine - INFO - paramwise_options -- depth_decode_head.conv_seg.bias:lr_mult=5.0
2025/12/22 04:43:54 - mmengine - INFO - paramwise_options -- depth_decode_head.convs.0.conv.weight:lr=0.002
2025/12/22 04:43:54 - mmengine - INFO - paramwise_options -- depth_decode_head.convs.0.conv.weight:weight_decay=0.01
2025/12/22 04:43:54 - mmengine - INFO - paramwise_options -- depth_decode_head.convs.0.conv.weight:lr_mult=5.0
2025/12/22 04:43:54 - mmengine - INFO - paramwise_options -- depth_decode_head.convs.0.bn.weight:lr=0.002
2025/12/22 04:43:54 - mmengine - INFO - paramwise_options -- depth_decode_head.convs.0.bn.weight:weight_decay=0.01
2025/12/22 04:43:54 - mmengine - INFO - paramwise_options -- depth_decode_head.convs.0.bn.weight:lr_mult=5.0
2025/12/22 04:43:54 - mmengine - INFO - paramwise_options -- depth_decode_head.convs.0.bn.bias:lr=0.002
2025/12/22 04:43:54 - mmengine - INFO - paramwise_options -- depth_decode_head.convs.0.bn.bias:weight_decay=0.01
2025/12/22 04:43:54 - mmengine - INFO - paramwise_options -- depth_decode_head.convs.0.bn.bias:lr_mult=5.0
2025/12/22 04:43:54 - mmengine - INFO - paramwise_options -- depth_decode_head.convs.1.conv.weight:lr=0.002
2025/12/22 04:43:54 - mmengine - INFO - paramwise_options -- depth_decode_head.convs.1.conv.weight:weight_decay=0.01
2025/12/22 04:43:54 - mmengine - INFO - paramwise_options -- depth_decode_head.convs.1.conv.weight:lr_mult=5.0
2025/12/22 04:43:54 - mmengine - INFO - paramwise_options -- depth_decode_head.convs.1.bn.weight:lr=0.002
2025/12/22 04:43:54 - mmengine - INFO - paramwise_options -- depth_decode_head.convs.1.bn.weight:weight_decay=0.01
2025/12/22 04:43:54 - mmengine - INFO - paramwise_options -- depth_decode_head.convs.1.bn.weight:lr_mult=5.0
2025/12/22 04:43:54 - mmengine - INFO - paramwise_options -- depth_decode_head.convs.1.bn.bias:lr=0.002
2025/12/22 04:43:54 - mmengine - INFO - paramwise_options -- depth_decode_head.convs.1.bn.bias:weight_decay=0.01
2025/12/22 04:43:54 - mmengine - INFO - paramwise_options -- depth_decode_head.convs.1.bn.bias:lr_mult=5.0
2025/12/22 04:43:54 - mmengine - INFO - paramwise_options -- depth_decode_head.convs.2.conv.weight:lr=0.002
2025/12/22 04:43:54 - mmengine - INFO - paramwise_options -- depth_decode_head.convs.2.conv.weight:weight_decay=0.01
2025/12/22 04:43:54 - mmengine - INFO - paramwise_options -- depth_decode_head.convs.2.conv.weight:lr_mult=5.0
2025/12/22 04:43:54 - mmengine - INFO - paramwise_options -- depth_decode_head.convs.2.bn.weight:lr=0.002
2025/12/22 04:43:54 - mmengine - INFO - paramwise_options -- depth_decode_head.convs.2.bn.weight:weight_decay=0.01
2025/12/22 04:43:54 - mmengine - INFO - paramwise_options -- depth_decode_head.convs.2.bn.weight:lr_mult=5.0
2025/12/22 04:43:54 - mmengine - INFO - paramwise_options -- depth_decode_head.convs.2.bn.bias:lr=0.002
2025/12/22 04:43:54 - mmengine - INFO - paramwise_options -- depth_decode_head.convs.2.bn.bias:weight_decay=0.01
2025/12/22 04:43:54 - mmengine - INFO - paramwise_options -- depth_decode_head.convs.2.bn.bias:lr_mult=5.0
2025/12/22 04:43:54 - mmengine - INFO - paramwise_options -- depth_decode_head.convs.3.conv.weight:lr=0.002
2025/12/22 04:43:54 - mmengine - INFO - paramwise_options -- depth_decode_head.convs.3.conv.weight:weight_decay=0.01
2025/12/22 04:43:54 - mmengine - INFO - paramwise_options -- depth_decode_head.convs.3.conv.weight:lr_mult=5.0
2025/12/22 04:43:54 - mmengine - INFO - paramwise_options -- depth_decode_head.convs.3.bn.weight:lr=0.002
2025/12/22 04:43:54 - mmengine - INFO - paramwise_options -- depth_decode_head.convs.3.bn.weight:weight_decay=0.01
2025/12/22 04:43:54 - mmengine - INFO - paramwise_options -- depth_decode_head.convs.3.bn.weight:lr_mult=5.0
2025/12/22 04:43:54 - mmengine - INFO - paramwise_options -- depth_decode_head.convs.3.bn.bias:lr=0.002
2025/12/22 04:43:54 - mmengine - INFO - paramwise_options -- depth_decode_head.convs.3.bn.bias:weight_decay=0.01
2025/12/22 04:43:54 - mmengine - INFO - paramwise_options -- depth_decode_head.convs.3.bn.bias:lr_mult=5.0
2025/12/22 04:43:54 - mmengine - INFO - paramwise_options -- depth_decode_head.fusion_conv.conv.weight:lr=0.002
2025/12/22 04:43:54 - mmengine - INFO - paramwise_options -- depth_decode_head.fusion_conv.conv.weight:weight_decay=0.01
2025/12/22 04:43:54 - mmengine - INFO - paramwise_options -- depth_decode_head.fusion_conv.conv.weight:lr_mult=5.0
2025/12/22 04:43:54 - mmengine - INFO - paramwise_options -- depth_decode_head.fusion_conv.bn.weight:lr=0.002
2025/12/22 04:43:54 - mmengine - INFO - paramwise_options -- depth_decode_head.fusion_conv.bn.weight:weight_decay=0.01
2025/12/22 04:43:54 - mmengine - INFO - paramwise_options -- depth_decode_head.fusion_conv.bn.weight:lr_mult=5.0
2025/12/22 04:43:54 - mmengine - INFO - paramwise_options -- depth_decode_head.fusion_conv.bn.bias:lr=0.002
2025/12/22 04:43:54 - mmengine - INFO - paramwise_options -- depth_decode_head.fusion_conv.bn.bias:weight_decay=0.01
2025/12/22 04:43:54 - mmengine - INFO - paramwise_options -- depth_decode_head.fusion_conv.bn.bias:lr_mult=5.0
2025/12/22 04:43:54 - mmengine - INFO - paramwise_options -- depth_decode_head.interaction_fusion.conv.weight:lr=0.002
2025/12/22 04:43:54 - mmengine - INFO - paramwise_options -- depth_decode_head.interaction_fusion.conv.weight:weight_decay=0.01
2025/12/22 04:43:54 - mmengine - INFO - paramwise_options -- depth_decode_head.interaction_fusion.conv.weight:lr_mult=5.0
2025/12/22 04:43:54 - mmengine - INFO - paramwise_options -- depth_decode_head.interaction_fusion.bn.weight:lr=0.002
2025/12/22 04:43:54 - mmengine - INFO - paramwise_options -- depth_decode_head.interaction_fusion.bn.weight:weight_decay=0.01
2025/12/22 04:43:54 - mmengine - INFO - paramwise_options -- depth_decode_head.interaction_fusion.bn.weight:lr_mult=5.0
2025/12/22 04:43:54 - mmengine - INFO - paramwise_options -- depth_decode_head.interaction_fusion.bn.bias:lr=0.002
2025/12/22 04:43:54 - mmengine - INFO - paramwise_options -- depth_decode_head.interaction_fusion.bn.bias:weight_decay=0.01
2025/12/22 04:43:54 - mmengine - INFO - paramwise_options -- depth_decode_head.interaction_fusion.bn.bias:lr_mult=5.0
2025/12/22 04:43:54 - mmengine - INFO - paramwise_options -- depth_decode_head.gate.0.weight:lr=0.002
2025/12/22 04:43:54 - mmengine - INFO - paramwise_options -- depth_decode_head.gate.0.weight:weight_decay=0.01
2025/12/22 04:43:54 - mmengine - INFO - paramwise_options -- depth_decode_head.gate.0.weight:lr_mult=5.0
2025/12/22 04:43:54 - mmengine - INFO - paramwise_options -- depth_decode_head.gate.0.bias:lr=0.002
2025/12/22 04:43:54 - mmengine - INFO - paramwise_options -- depth_decode_head.gate.0.bias:weight_decay=0.01
2025/12/22 04:43:54 - mmengine - INFO - paramwise_options -- depth_decode_head.gate.0.bias:lr_mult=5.0
2025/12/22 04:43:55 - mmengine - INFO - MTLIterLoggerHook: Saving MTL learning curve to /workspace/mmsegmentation/work_dirs/chamnet_mtl_manual_1_5_last_ch128_int/learning_curve.csv
2025/12/22 04:43:55 - mmengine - INFO - load model from: https://download.openmmlab.com/mmsegmentation/v0.5/pretrain/segformer/mit_b0_20220624-7e0fe6dd.pth
2025/12/22 04:43:55 - mmengine - INFO - Loads checkpoint by http backend from path: https://download.openmmlab.com/mmsegmentation/v0.5/pretrain/segformer/mit_b0_20220624-7e0fe6dd.pth
Name of parameter - Initialization information

backbone.layers.0.0.projection.weight - torch.Size([32, 3, 7, 7]): 
PretrainedInit: load from https://download.openmmlab.com/mmsegmentation/v0.5/pretrain/segformer/mit_b0_20220624-7e0fe6dd.pth 

backbone.layers.0.0.projection.bias - torch.Size([32]): 
PretrainedInit: load from https://download.openmmlab.com/mmsegmentation/v0.5/pretrain/segformer/mit_b0_20220624-7e0fe6dd.pth 

backbone.layers.0.0.norm.weight - torch.Size([32]): 
PretrainedInit: load from https://download.openmmlab.com/mmsegmentation/v0.5/pretrain/segformer/mit_b0_20220624-7e0fe6dd.pth 

backbone.layers.0.0.norm.bias - torch.Size([32]): 
PretrainedInit: load from https://download.openmmlab.com/mmsegmentation/v0.5/pretrain/segformer/mit_b0_20220624-7e0fe6dd.pth 

backbone.layers.0.1.0.norm1.weight - torch.Size([32]): 
PretrainedInit: load from https://download.openmmlab.com/mmsegmentation/v0.5/pretrain/segformer/mit_b0_20220624-7e0fe6dd.pth 

backbone.layers.0.1.0.norm1.bias - torch.Size([32]): 
PretrainedInit: load from https://download.openmmlab.com/mmsegmentation/v0.5/pretrain/segformer/mit_b0_20220624-7e0fe6dd.pth 

backbone.layers.0.1.0.attn.attn.in_proj_weight - torch.Size([96, 32]): 
PretrainedInit: load from https://download.openmmlab.com/mmsegmentation/v0.5/pretrain/segformer/mit_b0_20220624-7e0fe6dd.pth 

backbone.layers.0.1.0.attn.attn.in_proj_bias - torch.Size([96]): 
PretrainedInit: load from https://download.openmmlab.com/mmsegmentation/v0.5/pretrain/segformer/mit_b0_20220624-7e0fe6dd.pth 

backbone.layers.0.1.0.attn.attn.out_proj.weight - torch.Size([32, 32]): 
PretrainedInit: load from https://download.openmmlab.com/mmsegmentation/v0.5/pretrain/segformer/mit_b0_20220624-7e0fe6dd.pth 

backbone.layers.0.1.0.attn.attn.out_proj.bias - torch.Size([32]): 
PretrainedInit: load from https://download.openmmlab.com/mmsegmentation/v0.5/pretrain/segformer/mit_b0_20220624-7e0fe6dd.pth 

backbone.layers.0.1.0.attn.sr.weight - torch.Size([32, 32, 8, 8]): 
PretrainedInit: load from https://download.openmmlab.com/mmsegmentation/v0.5/pretrain/segformer/mit_b0_20220624-7e0fe6dd.pth 

backbone.layers.0.1.0.attn.sr.bias - torch.Size([32]): 
PretrainedInit: load from https://download.openmmlab.com/mmsegmentation/v0.5/pretrain/segformer/mit_b0_20220624-7e0fe6dd.pth 

backbone.layers.0.1.0.attn.norm.weight - torch.Size([32]): 
PretrainedInit: load from https://download.openmmlab.com/mmsegmentation/v0.5/pretrain/segformer/mit_b0_20220624-7e0fe6dd.pth 

backbone.layers.0.1.0.attn.norm.bias - torch.Size([32]): 
PretrainedInit: load from https://download.openmmlab.com/mmsegmentation/v0.5/pretrain/segformer/mit_b0_20220624-7e0fe6dd.pth 

backbone.layers.0.1.0.norm2.weight - torch.Size([32]): 
PretrainedInit: load from https://download.openmmlab.com/mmsegmentation/v0.5/pretrain/segformer/mit_b0_20220624-7e0fe6dd.pth 

backbone.layers.0.1.0.norm2.bias - torch.Size([32]): 
PretrainedInit: load from https://download.openmmlab.com/mmsegmentation/v0.5/pretrain/segformer/mit_b0_20220624-7e0fe6dd.pth 

backbone.layers.0.1.0.ffn.layers.0.weight - torch.Size([128, 32, 1, 1]): 
PretrainedInit: load from https://download.openmmlab.com/mmsegmentation/v0.5/pretrain/segformer/mit_b0_20220624-7e0fe6dd.pth 

backbone.layers.0.1.0.ffn.layers.0.bias - torch.Size([128]): 
PretrainedInit: load from https://download.openmmlab.com/mmsegmentation/v0.5/pretrain/segformer/mit_b0_20220624-7e0fe6dd.pth 

backbone.layers.0.1.0.ffn.layers.1.weight - torch.Size([128, 1, 3, 3]): 
PretrainedInit: load from https://download.openmmlab.com/mmsegmentation/v0.5/pretrain/segformer/mit_b0_20220624-7e0fe6dd.pth 

backbone.layers.0.1.0.ffn.layers.1.bias - torch.Size([128]): 
PretrainedInit: load from https://download.openmmlab.com/mmsegmentation/v0.5/pretrain/segformer/mit_b0_20220624-7e0fe6dd.pth 

backbone.layers.0.1.0.ffn.layers.4.weight - torch.Size([32, 128, 1, 1]): 
PretrainedInit: load from https://download.openmmlab.com/mmsegmentation/v0.5/pretrain/segformer/mit_b0_20220624-7e0fe6dd.pth 

backbone.layers.0.1.0.ffn.layers.4.bias - torch.Size([32]): 
PretrainedInit: load from https://download.openmmlab.com/mmsegmentation/v0.5/pretrain/segformer/mit_b0_20220624-7e0fe6dd.pth 

backbone.layers.0.1.1.norm1.weight - torch.Size([32]): 
PretrainedInit: load from https://download.openmmlab.com/mmsegmentation/v0.5/pretrain/segformer/mit_b0_20220624-7e0fe6dd.pth 

backbone.layers.0.1.1.norm1.bias - torch.Size([32]): 
PretrainedInit: load from https://download.openmmlab.com/mmsegmentation/v0.5/pretrain/segformer/mit_b0_20220624-7e0fe6dd.pth 

backbone.layers.0.1.1.attn.attn.in_proj_weight - torch.Size([96, 32]): 
PretrainedInit: load from https://download.openmmlab.com/mmsegmentation/v0.5/pretrain/segformer/mit_b0_20220624-7e0fe6dd.pth 

backbone.layers.0.1.1.attn.attn.in_proj_bias - torch.Size([96]): 
PretrainedInit: load from https://download.openmmlab.com/mmsegmentation/v0.5/pretrain/segformer/mit_b0_20220624-7e0fe6dd.pth 

backbone.layers.0.1.1.attn.attn.out_proj.weight - torch.Size([32, 32]): 
PretrainedInit: load from https://download.openmmlab.com/mmsegmentation/v0.5/pretrain/segformer/mit_b0_20220624-7e0fe6dd.pth 

backbone.layers.0.1.1.attn.attn.out_proj.bias - torch.Size([32]): 
PretrainedInit: load from https://download.openmmlab.com/mmsegmentation/v0.5/pretrain/segformer/mit_b0_20220624-7e0fe6dd.pth 

backbone.layers.0.1.1.attn.sr.weight - torch.Size([32, 32, 8, 8]): 
PretrainedInit: load from https://download.openmmlab.com/mmsegmentation/v0.5/pretrain/segformer/mit_b0_20220624-7e0fe6dd.pth 

backbone.layers.0.1.1.attn.sr.bias - torch.Size([32]): 
PretrainedInit: load from https://download.openmmlab.com/mmsegmentation/v0.5/pretrain/segformer/mit_b0_20220624-7e0fe6dd.pth 

backbone.layers.0.1.1.attn.norm.weight - torch.Size([32]): 
PretrainedInit: load from https://download.openmmlab.com/mmsegmentation/v0.5/pretrain/segformer/mit_b0_20220624-7e0fe6dd.pth 

backbone.layers.0.1.1.attn.norm.bias - torch.Size([32]): 
PretrainedInit: load from https://download.openmmlab.com/mmsegmentation/v0.5/pretrain/segformer/mit_b0_20220624-7e0fe6dd.pth 

backbone.layers.0.1.1.norm2.weight - torch.Size([32]): 
PretrainedInit: load from https://download.openmmlab.com/mmsegmentation/v0.5/pretrain/segformer/mit_b0_20220624-7e0fe6dd.pth 

backbone.layers.0.1.1.norm2.bias - torch.Size([32]): 
PretrainedInit: load from https://download.openmmlab.com/mmsegmentation/v0.5/pretrain/segformer/mit_b0_20220624-7e0fe6dd.pth 

backbone.layers.0.1.1.ffn.layers.0.weight - torch.Size([128, 32, 1, 1]): 
PretrainedInit: load from https://download.openmmlab.com/mmsegmentation/v0.5/pretrain/segformer/mit_b0_20220624-7e0fe6dd.pth 

backbone.layers.0.1.1.ffn.layers.0.bias - torch.Size([128]): 
PretrainedInit: load from https://download.openmmlab.com/mmsegmentation/v0.5/pretrain/segformer/mit_b0_20220624-7e0fe6dd.pth 

backbone.layers.0.1.1.ffn.layers.1.weight - torch.Size([128, 1, 3, 3]): 
PretrainedInit: load from https://download.openmmlab.com/mmsegmentation/v0.5/pretrain/segformer/mit_b0_20220624-7e0fe6dd.pth 

backbone.layers.0.1.1.ffn.layers.1.bias - torch.Size([128]): 
PretrainedInit: load from https://download.openmmlab.com/mmsegmentation/v0.5/pretrain/segformer/mit_b0_20220624-7e0fe6dd.pth 

backbone.layers.0.1.1.ffn.layers.4.weight - torch.Size([32, 128, 1, 1]): 
PretrainedInit: load from https://download.openmmlab.com/mmsegmentation/v0.5/pretrain/segformer/mit_b0_20220624-7e0fe6dd.pth 

backbone.layers.0.1.1.ffn.layers.4.bias - torch.Size([32]): 
PretrainedInit: load from https://download.openmmlab.com/mmsegmentation/v0.5/pretrain/segformer/mit_b0_20220624-7e0fe6dd.pth 

backbone.layers.0.2.weight - torch.Size([32]): 
PretrainedInit: load from https://download.openmmlab.com/mmsegmentation/v0.5/pretrain/segformer/mit_b0_20220624-7e0fe6dd.pth 

backbone.layers.0.2.bias - torch.Size([32]): 
PretrainedInit: load from https://download.openmmlab.com/mmsegmentation/v0.5/pretrain/segformer/mit_b0_20220624-7e0fe6dd.pth 

backbone.layers.1.0.projection.weight - torch.Size([64, 32, 3, 3]): 
PretrainedInit: load from https://download.openmmlab.com/mmsegmentation/v0.5/pretrain/segformer/mit_b0_20220624-7e0fe6dd.pth 

backbone.layers.1.0.projection.bias - torch.Size([64]): 
PretrainedInit: load from https://download.openmmlab.com/mmsegmentation/v0.5/pretrain/segformer/mit_b0_20220624-7e0fe6dd.pth 

backbone.layers.1.0.norm.weight - torch.Size([64]): 
PretrainedInit: load from https://download.openmmlab.com/mmsegmentation/v0.5/pretrain/segformer/mit_b0_20220624-7e0fe6dd.pth 

backbone.layers.1.0.norm.bias - torch.Size([64]): 
PretrainedInit: load from https://download.openmmlab.com/mmsegmentation/v0.5/pretrain/segformer/mit_b0_20220624-7e0fe6dd.pth 

backbone.layers.1.1.0.norm1.weight - torch.Size([64]): 
PretrainedInit: load from https://download.openmmlab.com/mmsegmentation/v0.5/pretrain/segformer/mit_b0_20220624-7e0fe6dd.pth 

backbone.layers.1.1.0.norm1.bias - torch.Size([64]): 
PretrainedInit: load from https://download.openmmlab.com/mmsegmentation/v0.5/pretrain/segformer/mit_b0_20220624-7e0fe6dd.pth 

backbone.layers.1.1.0.attn.attn.in_proj_weight - torch.Size([192, 64]): 
PretrainedInit: load from https://download.openmmlab.com/mmsegmentation/v0.5/pretrain/segformer/mit_b0_20220624-7e0fe6dd.pth 

backbone.layers.1.1.0.attn.attn.in_proj_bias - torch.Size([192]): 
PretrainedInit: load from https://download.openmmlab.com/mmsegmentation/v0.5/pretrain/segformer/mit_b0_20220624-7e0fe6dd.pth 

backbone.layers.1.1.0.attn.attn.out_proj.weight - torch.Size([64, 64]): 
PretrainedInit: load from https://download.openmmlab.com/mmsegmentation/v0.5/pretrain/segformer/mit_b0_20220624-7e0fe6dd.pth 

backbone.layers.1.1.0.attn.attn.out_proj.bias - torch.Size([64]): 
PretrainedInit: load from https://download.openmmlab.com/mmsegmentation/v0.5/pretrain/segformer/mit_b0_20220624-7e0fe6dd.pth 

backbone.layers.1.1.0.attn.sr.weight - torch.Size([64, 64, 4, 4]): 
PretrainedInit: load from https://download.openmmlab.com/mmsegmentation/v0.5/pretrain/segformer/mit_b0_20220624-7e0fe6dd.pth 

backbone.layers.1.1.0.attn.sr.bias - torch.Size([64]): 
PretrainedInit: load from https://download.openmmlab.com/mmsegmentation/v0.5/pretrain/segformer/mit_b0_20220624-7e0fe6dd.pth 

backbone.layers.1.1.0.attn.norm.weight - torch.Size([64]): 
PretrainedInit: load from https://download.openmmlab.com/mmsegmentation/v0.5/pretrain/segformer/mit_b0_20220624-7e0fe6dd.pth 

backbone.layers.1.1.0.attn.norm.bias - torch.Size([64]): 
PretrainedInit: load from https://download.openmmlab.com/mmsegmentation/v0.5/pretrain/segformer/mit_b0_20220624-7e0fe6dd.pth 

backbone.layers.1.1.0.norm2.weight - torch.Size([64]): 
PretrainedInit: load from https://download.openmmlab.com/mmsegmentation/v0.5/pretrain/segformer/mit_b0_20220624-7e0fe6dd.pth 

backbone.layers.1.1.0.norm2.bias - torch.Size([64]): 
PretrainedInit: load from https://download.openmmlab.com/mmsegmentation/v0.5/pretrain/segformer/mit_b0_20220624-7e0fe6dd.pth 

backbone.layers.1.1.0.ffn.layers.0.weight - torch.Size([256, 64, 1, 1]): 
PretrainedInit: load from https://download.openmmlab.com/mmsegmentation/v0.5/pretrain/segformer/mit_b0_20220624-7e0fe6dd.pth 

backbone.layers.1.1.0.ffn.layers.0.bias - torch.Size([256]): 
PretrainedInit: load from https://download.openmmlab.com/mmsegmentation/v0.5/pretrain/segformer/mit_b0_20220624-7e0fe6dd.pth 

backbone.layers.1.1.0.ffn.layers.1.weight - torch.Size([256, 1, 3, 3]): 
PretrainedInit: load from https://download.openmmlab.com/mmsegmentation/v0.5/pretrain/segformer/mit_b0_20220624-7e0fe6dd.pth 

backbone.layers.1.1.0.ffn.layers.1.bias - torch.Size([256]): 
PretrainedInit: load from https://download.openmmlab.com/mmsegmentation/v0.5/pretrain/segformer/mit_b0_20220624-7e0fe6dd.pth 

backbone.layers.1.1.0.ffn.layers.4.weight - torch.Size([64, 256, 1, 1]): 
PretrainedInit: load from https://download.openmmlab.com/mmsegmentation/v0.5/pretrain/segformer/mit_b0_20220624-7e0fe6dd.pth 

backbone.layers.1.1.0.ffn.layers.4.bias - torch.Size([64]): 
PretrainedInit: load from https://download.openmmlab.com/mmsegmentation/v0.5/pretrain/segformer/mit_b0_20220624-7e0fe6dd.pth 

backbone.layers.1.1.1.norm1.weight - torch.Size([64]): 
PretrainedInit: load from https://download.openmmlab.com/mmsegmentation/v0.5/pretrain/segformer/mit_b0_20220624-7e0fe6dd.pth 

backbone.layers.1.1.1.norm1.bias - torch.Size([64]): 
PretrainedInit: load from https://download.openmmlab.com/mmsegmentation/v0.5/pretrain/segformer/mit_b0_20220624-7e0fe6dd.pth 

backbone.layers.1.1.1.attn.attn.in_proj_weight - torch.Size([192, 64]): 
PretrainedInit: load from https://download.openmmlab.com/mmsegmentation/v0.5/pretrain/segformer/mit_b0_20220624-7e0fe6dd.pth 

backbone.layers.1.1.1.attn.attn.in_proj_bias - torch.Size([192]): 
PretrainedInit: load from https://download.openmmlab.com/mmsegmentation/v0.5/pretrain/segformer/mit_b0_20220624-7e0fe6dd.pth 

backbone.layers.1.1.1.attn.attn.out_proj.weight - torch.Size([64, 64]): 
PretrainedInit: load from https://download.openmmlab.com/mmsegmentation/v0.5/pretrain/segformer/mit_b0_20220624-7e0fe6dd.pth 

backbone.layers.1.1.1.attn.attn.out_proj.bias - torch.Size([64]): 
PretrainedInit: load from https://download.openmmlab.com/mmsegmentation/v0.5/pretrain/segformer/mit_b0_20220624-7e0fe6dd.pth 

backbone.layers.1.1.1.attn.sr.weight - torch.Size([64, 64, 4, 4]): 
PretrainedInit: load from https://download.openmmlab.com/mmsegmentation/v0.5/pretrain/segformer/mit_b0_20220624-7e0fe6dd.pth 

backbone.layers.1.1.1.attn.sr.bias - torch.Size([64]): 
PretrainedInit: load from https://download.openmmlab.com/mmsegmentation/v0.5/pretrain/segformer/mit_b0_20220624-7e0fe6dd.pth 

backbone.layers.1.1.1.attn.norm.weight - torch.Size([64]): 
PretrainedInit: load from https://download.openmmlab.com/mmsegmentation/v0.5/pretrain/segformer/mit_b0_20220624-7e0fe6dd.pth 

backbone.layers.1.1.1.attn.norm.bias - torch.Size([64]): 
PretrainedInit: load from https://download.openmmlab.com/mmsegmentation/v0.5/pretrain/segformer/mit_b0_20220624-7e0fe6dd.pth 

backbone.layers.1.1.1.norm2.weight - torch.Size([64]): 
PretrainedInit: load from https://download.openmmlab.com/mmsegmentation/v0.5/pretrain/segformer/mit_b0_20220624-7e0fe6dd.pth 

backbone.layers.1.1.1.norm2.bias - torch.Size([64]): 
PretrainedInit: load from https://download.openmmlab.com/mmsegmentation/v0.5/pretrain/segformer/mit_b0_20220624-7e0fe6dd.pth 

backbone.layers.1.1.1.ffn.layers.0.weight - torch.Size([256, 64, 1, 1]): 
PretrainedInit: load from https://download.openmmlab.com/mmsegmentation/v0.5/pretrain/segformer/mit_b0_20220624-7e0fe6dd.pth 

backbone.layers.1.1.1.ffn.layers.0.bias - torch.Size([256]): 
PretrainedInit: load from https://download.openmmlab.com/mmsegmentation/v0.5/pretrain/segformer/mit_b0_20220624-7e0fe6dd.pth 

backbone.layers.1.1.1.ffn.layers.1.weight - torch.Size([256, 1, 3, 3]): 
PretrainedInit: load from https://download.openmmlab.com/mmsegmentation/v0.5/pretrain/segformer/mit_b0_20220624-7e0fe6dd.pth 

backbone.layers.1.1.1.ffn.layers.1.bias - torch.Size([256]): 
PretrainedInit: load from https://download.openmmlab.com/mmsegmentation/v0.5/pretrain/segformer/mit_b0_20220624-7e0fe6dd.pth 

backbone.layers.1.1.1.ffn.layers.4.weight - torch.Size([64, 256, 1, 1]): 
PretrainedInit: load from https://download.openmmlab.com/mmsegmentation/v0.5/pretrain/segformer/mit_b0_20220624-7e0fe6dd.pth 

backbone.layers.1.1.1.ffn.layers.4.bias - torch.Size([64]): 
PretrainedInit: load from https://download.openmmlab.com/mmsegmentation/v0.5/pretrain/segformer/mit_b0_20220624-7e0fe6dd.pth 

backbone.layers.1.2.weight - torch.Size([64]): 
PretrainedInit: load from https://download.openmmlab.com/mmsegmentation/v0.5/pretrain/segformer/mit_b0_20220624-7e0fe6dd.pth 

backbone.layers.1.2.bias - torch.Size([64]): 
PretrainedInit: load from https://download.openmmlab.com/mmsegmentation/v0.5/pretrain/segformer/mit_b0_20220624-7e0fe6dd.pth 

backbone.layers.2.0.projection.weight - torch.Size([160, 64, 3, 3]): 
PretrainedInit: load from https://download.openmmlab.com/mmsegmentation/v0.5/pretrain/segformer/mit_b0_20220624-7e0fe6dd.pth 

backbone.layers.2.0.projection.bias - torch.Size([160]): 
PretrainedInit: load from https://download.openmmlab.com/mmsegmentation/v0.5/pretrain/segformer/mit_b0_20220624-7e0fe6dd.pth 

backbone.layers.2.0.norm.weight - torch.Size([160]): 
PretrainedInit: load from https://download.openmmlab.com/mmsegmentation/v0.5/pretrain/segformer/mit_b0_20220624-7e0fe6dd.pth 

backbone.layers.2.0.norm.bias - torch.Size([160]): 
PretrainedInit: load from https://download.openmmlab.com/mmsegmentation/v0.5/pretrain/segformer/mit_b0_20220624-7e0fe6dd.pth 

backbone.layers.2.1.0.norm1.weight - torch.Size([160]): 
PretrainedInit: load from https://download.openmmlab.com/mmsegmentation/v0.5/pretrain/segformer/mit_b0_20220624-7e0fe6dd.pth 

backbone.layers.2.1.0.norm1.bias - torch.Size([160]): 
PretrainedInit: load from https://download.openmmlab.com/mmsegmentation/v0.5/pretrain/segformer/mit_b0_20220624-7e0fe6dd.pth 

backbone.layers.2.1.0.attn.attn.in_proj_weight - torch.Size([480, 160]): 
PretrainedInit: load from https://download.openmmlab.com/mmsegmentation/v0.5/pretrain/segformer/mit_b0_20220624-7e0fe6dd.pth 

backbone.layers.2.1.0.attn.attn.in_proj_bias - torch.Size([480]): 
PretrainedInit: load from https://download.openmmlab.com/mmsegmentation/v0.5/pretrain/segformer/mit_b0_20220624-7e0fe6dd.pth 

backbone.layers.2.1.0.attn.attn.out_proj.weight - torch.Size([160, 160]): 
PretrainedInit: load from https://download.openmmlab.com/mmsegmentation/v0.5/pretrain/segformer/mit_b0_20220624-7e0fe6dd.pth 

backbone.layers.2.1.0.attn.attn.out_proj.bias - torch.Size([160]): 
PretrainedInit: load from https://download.openmmlab.com/mmsegmentation/v0.5/pretrain/segformer/mit_b0_20220624-7e0fe6dd.pth 

backbone.layers.2.1.0.attn.sr.weight - torch.Size([160, 160, 2, 2]): 
PretrainedInit: load from https://download.openmmlab.com/mmsegmentation/v0.5/pretrain/segformer/mit_b0_20220624-7e0fe6dd.pth 

backbone.layers.2.1.0.attn.sr.bias - torch.Size([160]): 
PretrainedInit: load from https://download.openmmlab.com/mmsegmentation/v0.5/pretrain/segformer/mit_b0_20220624-7e0fe6dd.pth 

backbone.layers.2.1.0.attn.norm.weight - torch.Size([160]): 
PretrainedInit: load from https://download.openmmlab.com/mmsegmentation/v0.5/pretrain/segformer/mit_b0_20220624-7e0fe6dd.pth 

backbone.layers.2.1.0.attn.norm.bias - torch.Size([160]): 
PretrainedInit: load from https://download.openmmlab.com/mmsegmentation/v0.5/pretrain/segformer/mit_b0_20220624-7e0fe6dd.pth 

backbone.layers.2.1.0.norm2.weight - torch.Size([160]): 
PretrainedInit: load from https://download.openmmlab.com/mmsegmentation/v0.5/pretrain/segformer/mit_b0_20220624-7e0fe6dd.pth 

backbone.layers.2.1.0.norm2.bias - torch.Size([160]): 
PretrainedInit: load from https://download.openmmlab.com/mmsegmentation/v0.5/pretrain/segformer/mit_b0_20220624-7e0fe6dd.pth 

backbone.layers.2.1.0.ffn.layers.0.weight - torch.Size([640, 160, 1, 1]): 
PretrainedInit: load from https://download.openmmlab.com/mmsegmentation/v0.5/pretrain/segformer/mit_b0_20220624-7e0fe6dd.pth 

backbone.layers.2.1.0.ffn.layers.0.bias - torch.Size([640]): 
PretrainedInit: load from https://download.openmmlab.com/mmsegmentation/v0.5/pretrain/segformer/mit_b0_20220624-7e0fe6dd.pth 

backbone.layers.2.1.0.ffn.layers.1.weight - torch.Size([640, 1, 3, 3]): 
PretrainedInit: load from https://download.openmmlab.com/mmsegmentation/v0.5/pretrain/segformer/mit_b0_20220624-7e0fe6dd.pth 

backbone.layers.2.1.0.ffn.layers.1.bias - torch.Size([640]): 
PretrainedInit: load from https://download.openmmlab.com/mmsegmentation/v0.5/pretrain/segformer/mit_b0_20220624-7e0fe6dd.pth 

backbone.layers.2.1.0.ffn.layers.4.weight - torch.Size([160, 640, 1, 1]): 
PretrainedInit: load from https://download.openmmlab.com/mmsegmentation/v0.5/pretrain/segformer/mit_b0_20220624-7e0fe6dd.pth 

backbone.layers.2.1.0.ffn.layers.4.bias - torch.Size([160]): 
PretrainedInit: load from https://download.openmmlab.com/mmsegmentation/v0.5/pretrain/segformer/mit_b0_20220624-7e0fe6dd.pth 

backbone.layers.2.1.1.norm1.weight - torch.Size([160]): 
PretrainedInit: load from https://download.openmmlab.com/mmsegmentation/v0.5/pretrain/segformer/mit_b0_20220624-7e0fe6dd.pth 

backbone.layers.2.1.1.norm1.bias - torch.Size([160]): 
PretrainedInit: load from https://download.openmmlab.com/mmsegmentation/v0.5/pretrain/segformer/mit_b0_20220624-7e0fe6dd.pth 

backbone.layers.2.1.1.attn.attn.in_proj_weight - torch.Size([480, 160]): 
PretrainedInit: load from https://download.openmmlab.com/mmsegmentation/v0.5/pretrain/segformer/mit_b0_20220624-7e0fe6dd.pth 

backbone.layers.2.1.1.attn.attn.in_proj_bias - torch.Size([480]): 
PretrainedInit: load from https://download.openmmlab.com/mmsegmentation/v0.5/pretrain/segformer/mit_b0_20220624-7e0fe6dd.pth 

backbone.layers.2.1.1.attn.attn.out_proj.weight - torch.Size([160, 160]): 
PretrainedInit: load from https://download.openmmlab.com/mmsegmentation/v0.5/pretrain/segformer/mit_b0_20220624-7e0fe6dd.pth 

backbone.layers.2.1.1.attn.attn.out_proj.bias - torch.Size([160]): 
PretrainedInit: load from https://download.openmmlab.com/mmsegmentation/v0.5/pretrain/segformer/mit_b0_20220624-7e0fe6dd.pth 

backbone.layers.2.1.1.attn.sr.weight - torch.Size([160, 160, 2, 2]): 
PretrainedInit: load from https://download.openmmlab.com/mmsegmentation/v0.5/pretrain/segformer/mit_b0_20220624-7e0fe6dd.pth 

backbone.layers.2.1.1.attn.sr.bias - torch.Size([160]): 
PretrainedInit: load from https://download.openmmlab.com/mmsegmentation/v0.5/pretrain/segformer/mit_b0_20220624-7e0fe6dd.pth 

backbone.layers.2.1.1.attn.norm.weight - torch.Size([160]): 
PretrainedInit: load from https://download.openmmlab.com/mmsegmentation/v0.5/pretrain/segformer/mit_b0_20220624-7e0fe6dd.pth 

backbone.layers.2.1.1.attn.norm.bias - torch.Size([160]): 
PretrainedInit: load from https://download.openmmlab.com/mmsegmentation/v0.5/pretrain/segformer/mit_b0_20220624-7e0fe6dd.pth 

backbone.layers.2.1.1.norm2.weight - torch.Size([160]): 
PretrainedInit: load from https://download.openmmlab.com/mmsegmentation/v0.5/pretrain/segformer/mit_b0_20220624-7e0fe6dd.pth 

backbone.layers.2.1.1.norm2.bias - torch.Size([160]): 
PretrainedInit: load from https://download.openmmlab.com/mmsegmentation/v0.5/pretrain/segformer/mit_b0_20220624-7e0fe6dd.pth 

backbone.layers.2.1.1.ffn.layers.0.weight - torch.Size([640, 160, 1, 1]): 
PretrainedInit: load from https://download.openmmlab.com/mmsegmentation/v0.5/pretrain/segformer/mit_b0_20220624-7e0fe6dd.pth 

backbone.layers.2.1.1.ffn.layers.0.bias - torch.Size([640]): 
PretrainedInit: load from https://download.openmmlab.com/mmsegmentation/v0.5/pretrain/segformer/mit_b0_20220624-7e0fe6dd.pth 

backbone.layers.2.1.1.ffn.layers.1.weight - torch.Size([640, 1, 3, 3]): 
PretrainedInit: load from https://download.openmmlab.com/mmsegmentation/v0.5/pretrain/segformer/mit_b0_20220624-7e0fe6dd.pth 

backbone.layers.2.1.1.ffn.layers.1.bias - torch.Size([640]): 
PretrainedInit: load from https://download.openmmlab.com/mmsegmentation/v0.5/pretrain/segformer/mit_b0_20220624-7e0fe6dd.pth 

backbone.layers.2.1.1.ffn.layers.4.weight - torch.Size([160, 640, 1, 1]): 
PretrainedInit: load from https://download.openmmlab.com/mmsegmentation/v0.5/pretrain/segformer/mit_b0_20220624-7e0fe6dd.pth 

backbone.layers.2.1.1.ffn.layers.4.bias - torch.Size([160]): 
PretrainedInit: load from https://download.openmmlab.com/mmsegmentation/v0.5/pretrain/segformer/mit_b0_20220624-7e0fe6dd.pth 

backbone.layers.2.2.weight - torch.Size([160]): 
PretrainedInit: load from https://download.openmmlab.com/mmsegmentation/v0.5/pretrain/segformer/mit_b0_20220624-7e0fe6dd.pth 

backbone.layers.2.2.bias - torch.Size([160]): 
PretrainedInit: load from https://download.openmmlab.com/mmsegmentation/v0.5/pretrain/segformer/mit_b0_20220624-7e0fe6dd.pth 

backbone.layers.3.0.projection.weight - torch.Size([256, 160, 3, 3]): 
PretrainedInit: load from https://download.openmmlab.com/mmsegmentation/v0.5/pretrain/segformer/mit_b0_20220624-7e0fe6dd.pth 

backbone.layers.3.0.projection.bias - torch.Size([256]): 
PretrainedInit: load from https://download.openmmlab.com/mmsegmentation/v0.5/pretrain/segformer/mit_b0_20220624-7e0fe6dd.pth 

backbone.layers.3.0.norm.weight - torch.Size([256]): 
PretrainedInit: load from https://download.openmmlab.com/mmsegmentation/v0.5/pretrain/segformer/mit_b0_20220624-7e0fe6dd.pth 

backbone.layers.3.0.norm.bias - torch.Size([256]): 
PretrainedInit: load from https://download.openmmlab.com/mmsegmentation/v0.5/pretrain/segformer/mit_b0_20220624-7e0fe6dd.pth 

backbone.layers.3.1.0.norm1.weight - torch.Size([256]): 
PretrainedInit: load from https://download.openmmlab.com/mmsegmentation/v0.5/pretrain/segformer/mit_b0_20220624-7e0fe6dd.pth 

backbone.layers.3.1.0.norm1.bias - torch.Size([256]): 
PretrainedInit: load from https://download.openmmlab.com/mmsegmentation/v0.5/pretrain/segformer/mit_b0_20220624-7e0fe6dd.pth 

backbone.layers.3.1.0.attn.attn.in_proj_weight - torch.Size([768, 256]): 
PretrainedInit: load from https://download.openmmlab.com/mmsegmentation/v0.5/pretrain/segformer/mit_b0_20220624-7e0fe6dd.pth 

backbone.layers.3.1.0.attn.attn.in_proj_bias - torch.Size([768]): 
PretrainedInit: load from https://download.openmmlab.com/mmsegmentation/v0.5/pretrain/segformer/mit_b0_20220624-7e0fe6dd.pth 

backbone.layers.3.1.0.attn.attn.out_proj.weight - torch.Size([256, 256]): 
PretrainedInit: load from https://download.openmmlab.com/mmsegmentation/v0.5/pretrain/segformer/mit_b0_20220624-7e0fe6dd.pth 

backbone.layers.3.1.0.attn.attn.out_proj.bias - torch.Size([256]): 
PretrainedInit: load from https://download.openmmlab.com/mmsegmentation/v0.5/pretrain/segformer/mit_b0_20220624-7e0fe6dd.pth 

backbone.layers.3.1.0.norm2.weight - torch.Size([256]): 
PretrainedInit: load from https://download.openmmlab.com/mmsegmentation/v0.5/pretrain/segformer/mit_b0_20220624-7e0fe6dd.pth 

backbone.layers.3.1.0.norm2.bias - torch.Size([256]): 
PretrainedInit: load from https://download.openmmlab.com/mmsegmentation/v0.5/pretrain/segformer/mit_b0_20220624-7e0fe6dd.pth 

backbone.layers.3.1.0.ffn.layers.0.weight - torch.Size([1024, 256, 1, 1]): 
PretrainedInit: load from https://download.openmmlab.com/mmsegmentation/v0.5/pretrain/segformer/mit_b0_20220624-7e0fe6dd.pth 

backbone.layers.3.1.0.ffn.layers.0.bias - torch.Size([1024]): 
PretrainedInit: load from https://download.openmmlab.com/mmsegmentation/v0.5/pretrain/segformer/mit_b0_20220624-7e0fe6dd.pth 

backbone.layers.3.1.0.ffn.layers.1.weight - torch.Size([1024, 1, 3, 3]): 
PretrainedInit: load from https://download.openmmlab.com/mmsegmentation/v0.5/pretrain/segformer/mit_b0_20220624-7e0fe6dd.pth 

backbone.layers.3.1.0.ffn.layers.1.bias - torch.Size([1024]): 
PretrainedInit: load from https://download.openmmlab.com/mmsegmentation/v0.5/pretrain/segformer/mit_b0_20220624-7e0fe6dd.pth 

backbone.layers.3.1.0.ffn.layers.4.weight - torch.Size([256, 1024, 1, 1]): 
PretrainedInit: load from https://download.openmmlab.com/mmsegmentation/v0.5/pretrain/segformer/mit_b0_20220624-7e0fe6dd.pth 

backbone.layers.3.1.0.ffn.layers.4.bias - torch.Size([256]): 
PretrainedInit: load from https://download.openmmlab.com/mmsegmentation/v0.5/pretrain/segformer/mit_b0_20220624-7e0fe6dd.pth 

backbone.layers.3.1.1.norm1.weight - torch.Size([256]): 
PretrainedInit: load from https://download.openmmlab.com/mmsegmentation/v0.5/pretrain/segformer/mit_b0_20220624-7e0fe6dd.pth 

backbone.layers.3.1.1.norm1.bias - torch.Size([256]): 
PretrainedInit: load from https://download.openmmlab.com/mmsegmentation/v0.5/pretrain/segformer/mit_b0_20220624-7e0fe6dd.pth 

backbone.layers.3.1.1.attn.attn.in_proj_weight - torch.Size([768, 256]): 
PretrainedInit: load from https://download.openmmlab.com/mmsegmentation/v0.5/pretrain/segformer/mit_b0_20220624-7e0fe6dd.pth 

backbone.layers.3.1.1.attn.attn.in_proj_bias - torch.Size([768]): 
PretrainedInit: load from https://download.openmmlab.com/mmsegmentation/v0.5/pretrain/segformer/mit_b0_20220624-7e0fe6dd.pth 

backbone.layers.3.1.1.attn.attn.out_proj.weight - torch.Size([256, 256]): 
PretrainedInit: load from https://download.openmmlab.com/mmsegmentation/v0.5/pretrain/segformer/mit_b0_20220624-7e0fe6dd.pth 

backbone.layers.3.1.1.attn.attn.out_proj.bias - torch.Size([256]): 
PretrainedInit: load from https://download.openmmlab.com/mmsegmentation/v0.5/pretrain/segformer/mit_b0_20220624-7e0fe6dd.pth 

backbone.layers.3.1.1.norm2.weight - torch.Size([256]): 
PretrainedInit: load from https://download.openmmlab.com/mmsegmentation/v0.5/pretrain/segformer/mit_b0_20220624-7e0fe6dd.pth 

backbone.layers.3.1.1.norm2.bias - torch.Size([256]): 
PretrainedInit: load from https://download.openmmlab.com/mmsegmentation/v0.5/pretrain/segformer/mit_b0_20220624-7e0fe6dd.pth 

backbone.layers.3.1.1.ffn.layers.0.weight - torch.Size([1024, 256, 1, 1]): 
PretrainedInit: load from https://download.openmmlab.com/mmsegmentation/v0.5/pretrain/segformer/mit_b0_20220624-7e0fe6dd.pth 

backbone.layers.3.1.1.ffn.layers.0.bias - torch.Size([1024]): 
PretrainedInit: load from https://download.openmmlab.com/mmsegmentation/v0.5/pretrain/segformer/mit_b0_20220624-7e0fe6dd.pth 

backbone.layers.3.1.1.ffn.layers.1.weight - torch.Size([1024, 1, 3, 3]): 
PretrainedInit: load from https://download.openmmlab.com/mmsegmentation/v0.5/pretrain/segformer/mit_b0_20220624-7e0fe6dd.pth 

backbone.layers.3.1.1.ffn.layers.1.bias - torch.Size([1024]): 
PretrainedInit: load from https://download.openmmlab.com/mmsegmentation/v0.5/pretrain/segformer/mit_b0_20220624-7e0fe6dd.pth 

backbone.layers.3.1.1.ffn.layers.4.weight - torch.Size([256, 1024, 1, 1]): 
PretrainedInit: load from https://download.openmmlab.com/mmsegmentation/v0.5/pretrain/segformer/mit_b0_20220624-7e0fe6dd.pth 

backbone.layers.3.1.1.ffn.layers.4.bias - torch.Size([256]): 
PretrainedInit: load from https://download.openmmlab.com/mmsegmentation/v0.5/pretrain/segformer/mit_b0_20220624-7e0fe6dd.pth 

backbone.layers.3.2.weight - torch.Size([256]): 
PretrainedInit: load from https://download.openmmlab.com/mmsegmentation/v0.5/pretrain/segformer/mit_b0_20220624-7e0fe6dd.pth 

backbone.layers.3.2.bias - torch.Size([256]): 
PretrainedInit: load from https://download.openmmlab.com/mmsegmentation/v0.5/pretrain/segformer/mit_b0_20220624-7e0fe6dd.pth 

decode_head.conv_seg.weight - torch.Size([7, 128, 1, 1]): 
NormalInit: mean=0, std=0.01, bias=0 

decode_head.conv_seg.bias - torch.Size([7]): 
NormalInit: mean=0, std=0.01, bias=0 

decode_head.convs.0.conv.weight - torch.Size([128, 32, 1, 1]): 
The value is the same before and after calling `init_weights` of MTLInteractionSegmentor  

decode_head.convs.0.bn.weight - torch.Size([128]): 
The value is the same before and after calling `init_weights` of MTLInteractionSegmentor  

decode_head.convs.0.bn.bias - torch.Size([128]): 
The value is the same before and after calling `init_weights` of MTLInteractionSegmentor  

decode_head.convs.1.conv.weight - torch.Size([128, 64, 1, 1]): 
The value is the same before and after calling `init_weights` of MTLInteractionSegmentor  

decode_head.convs.1.bn.weight - torch.Size([128]): 
The value is the same before and after calling `init_weights` of MTLInteractionSegmentor  

decode_head.convs.1.bn.bias - torch.Size([128]): 
The value is the same before and after calling `init_weights` of MTLInteractionSegmentor  

decode_head.convs.2.conv.weight - torch.Size([128, 160, 1, 1]): 
The value is the same before and after calling `init_weights` of MTLInteractionSegmentor  

decode_head.convs.2.bn.weight - torch.Size([128]): 
The value is the same before and after calling `init_weights` of MTLInteractionSegmentor  

decode_head.convs.2.bn.bias - torch.Size([128]): 
The value is the same before and after calling `init_weights` of MTLInteractionSegmentor  

decode_head.convs.3.conv.weight - torch.Size([128, 256, 1, 1]): 
The value is the same before and after calling `init_weights` of MTLInteractionSegmentor  

decode_head.convs.3.bn.weight - torch.Size([128]): 
The value is the same before and after calling `init_weights` of MTLInteractionSegmentor  

decode_head.convs.3.bn.bias - torch.Size([128]): 
The value is the same before and after calling `init_weights` of MTLInteractionSegmentor  

decode_head.fusion_conv.conv.weight - torch.Size([128, 512, 1, 1]): 
Initialized by user-defined `init_weights` in ConvModule  

decode_head.fusion_conv.bn.weight - torch.Size([128]): 
The value is the same before and after calling `init_weights` of MTLInteractionSegmentor  

decode_head.fusion_conv.bn.bias - torch.Size([128]): 
The value is the same before and after calling `init_weights` of MTLInteractionSegmentor  

depth_decode_head.conv_seg.weight - torch.Size([1, 128, 1, 1]): 
NormalInit: mean=0, std=0.01, bias=0 

depth_decode_head.conv_seg.bias - torch.Size([1]): 
NormalInit: mean=0, std=0.01, bias=0 

depth_decode_head.convs.0.conv.weight - torch.Size([128, 32, 1, 1]): 
The value is the same before and after calling `init_weights` of MTLInteractionSegmentor  

depth_decode_head.convs.0.bn.weight - torch.Size([128]): 
The value is the same before and after calling `init_weights` of MTLInteractionSegmentor  

depth_decode_head.convs.0.bn.bias - torch.Size([128]): 
The value is the same before and after calling `init_weights` of MTLInteractionSegmentor  

depth_decode_head.convs.1.conv.weight - torch.Size([128, 64, 1, 1]): 
The value is the same before and after calling `init_weights` of MTLInteractionSegmentor  

depth_decode_head.convs.1.bn.weight - torch.Size([128]): 
The value is the same before and after calling `init_weights` of MTLInteractionSegmentor  

depth_decode_head.convs.1.bn.bias - torch.Size([128]): 
The value is the same before and after calling `init_weights` of MTLInteractionSegmentor  

depth_decode_head.convs.2.conv.weight - torch.Size([128, 160, 1, 1]): 
The value is the same before and after calling `init_weights` of MTLInteractionSegmentor  

depth_decode_head.convs.2.bn.weight - torch.Size([128]): 
The value is the same before and after calling `init_weights` of MTLInteractionSegmentor  

depth_decode_head.convs.2.bn.bias - torch.Size([128]): 
The value is the same before and after calling `init_weights` of MTLInteractionSegmentor  

depth_decode_head.convs.3.conv.weight - torch.Size([128, 256, 1, 1]): 
The value is the same before and after calling `init_weights` of MTLInteractionSegmentor  

depth_decode_head.convs.3.bn.weight - torch.Size([128]): 
The value is the same before and after calling `init_weights` of MTLInteractionSegmentor  

depth_decode_head.convs.3.bn.bias - torch.Size([128]): 
The value is the same before and after calling `init_weights` of MTLInteractionSegmentor  

depth_decode_head.fusion_conv.conv.weight - torch.Size([128, 512, 1, 1]): 
Initialized by user-defined `init_weights` in ConvModule  

depth_decode_head.fusion_conv.bn.weight - torch.Size([128]): 
The value is the same before and after calling `init_weights` of MTLInteractionSegmentor  

depth_decode_head.fusion_conv.bn.bias - torch.Size([128]): 
The value is the same before and after calling `init_weights` of MTLInteractionSegmentor  

depth_decode_head.interaction_fusion.conv.weight - torch.Size([128, 256, 1, 1]): 
Initialized by user-defined `init_weights` in ConvModule  

depth_decode_head.interaction_fusion.bn.weight - torch.Size([128]): 
The value is the same before and after calling `init_weights` of MTLInteractionSegmentor  

depth_decode_head.interaction_fusion.bn.bias - torch.Size([128]): 
The value is the same before and after calling `init_weights` of MTLInteractionSegmentor  

depth_decode_head.gate.0.weight - torch.Size([1, 256, 1, 1]): 
The value is the same before and after calling `init_weights` of MTLInteractionSegmentor  

depth_decode_head.gate.0.bias - torch.Size([1]): 
The value is the same before and after calling `init_weights` of MTLInteractionSegmentor  
2025/12/22 04:43:55 - mmengine - WARNING - Gradient accumulative may slightly decrease performance because the model has BatchNorm layers.
2025/12/22 04:43:55 - mmengine - WARNING - "FileClient" will be deprecated in future. Please use io functions in https://mmengine.readthedocs.io/en/latest/api/fileio.html#file-io
2025/12/22 04:43:55 - mmengine - WARNING - "HardDiskBackend" is the alias of "LocalBackend" and the former will be deprecated in future.
2025/12/22 04:43:55 - mmengine - INFO - Checkpoints will be saved to /workspace/mmsegmentation/work_dirs/chamnet_mtl_manual_1_5_last_ch128_int.
2025/12/22 04:44:06 - mmengine - INFO - Exp name: chamnet_mtl_base_segformer_chamdatav3_20251222_044351
2025/12/22 04:44:06 - mmengine - INFO - Iter(train) [  140/30000]  base_lr: 1.1431e-04 lr: 1.1431e-04  eta: 0:38:07  time: 0.0684  data_time: 0.0058  memory: 1485  loss: 86.5305  seg.loss_ce: 1.3801  seg.loss_dice: 0.2637  seg.acc_seg: 81.5705  depth.loss_depth_silog: 0.8674  depth.loss_depth_berhu: 0.1679  grad_norm: 22.3289
2025/12/22 04:44:10 - mmengine - INFO - Iter(train) [  200/30000]  base_lr: 1.6192e-04 lr: 1.6192e-04  eta: 0:36:47  time: 0.0693  data_time: 0.0061  memory: 1483  loss: 86.9351  seg.loss_ce: 0.9419  seg.loss_dice: 0.1398  seg.acc_seg: 78.2716  depth.loss_depth_silog: 0.4636  depth.loss_depth_berhu: 0.0784  grad_norm: 19.0205
2025/12/22 04:44:11 - mmengine - INFO - per class results:
2025/12/22 04:44:11 - mmengine - INFO - 
+-------------+-------+-------+
|    Class    |  IoU  |  Acc  |
+-------------+-------+-------+
|  background |  0.0  |  0.0  |
|    chamoe   |  0.0  |  0.0  |
|   heatpipe  |  0.0  |  0.0  |
|     path    | 66.69 | 98.58 |
|    pillar   |  0.0  |  0.0  |
| topdownfarm | 91.18 | 96.18 |
|   unknown   |  69.3 | 96.09 |
+-------------+-------+-------+
2025/12/22 04:44:11 - mmengine - INFO - results:
2025/12/22 04:44:11 - mmengine - INFO - 
+---------+---------+---------+----------+---------+---------+---------+
| abs_rel |  sq_rel |   rmse  | rmse_log |    d1   |    d2   |    d3   |
+---------+---------+---------+----------+---------+---------+---------+
|  2.2219 | 0.42392 | 0.18838 | 1.15826  | 0.02947 | 0.07154 | 0.15508 |
+---------+---------+---------+----------+---------+---------+---------+
2025/12/22 04:44:11 - mmengine - INFO - MTLIterLoggerHook: Validation @ iter 200 - mIoU=32.4500, abs_rel=2.2219
2025/12/22 04:44:11 - mmengine - INFO - Iter(val) [32/32]    seg/aAcc: 85.4500  seg/mIoU: 32.4500  seg/mAcc: 41.5500  depth/abs_rel: 2.2219  depth/sq_rel: 0.4239  depth/rmse: 0.1884  depth/rmse_log: 1.1583  depth/d1: 0.0295  depth/d2: 0.0715  depth/d3: 0.1551  data_time: 0.0079  time: 0.0245
2025/12/22 04:44:11 - mmengine - INFO - The best checkpoint with 32.4500 seg/mIoU at 200 iter is saved to best_seg_mIoU_iter_200.pth.
2025/12/22 04:44:11 - mmengine - INFO - The best checkpoint with 2.2219 depth/abs_rel at 200 iter is saved to best_depth_abs_rel_iter_200.pth.
2025/12/22 04:44:25 - mmengine - INFO - Iter(train) [  400/30000]  base_lr: 3.2064e-04 lr: 3.2064e-04  eta: 0:36:20  time: 0.0698  data_time: 0.0061  memory: 4338  loss: 91.9016  seg.loss_ce: 0.3109  seg.loss_dice: 0.0358  seg.acc_seg: 88.1412  depth.loss_depth_silog: 0.1097  depth.loss_depth_berhu: 0.0075  grad_norm: 6.1090
2025/12/22 04:44:26 - mmengine - INFO - per class results:
2025/12/22 04:44:26 - mmengine - INFO - 
+-------------+-------+-------+
|    Class    |  IoU  |  Acc  |
+-------------+-------+-------+
|  background | 11.55 | 13.46 |
|    chamoe   | 68.14 | 80.91 |
|   heatpipe  | 47.62 | 84.69 |
|     path    | 86.35 | 94.14 |
|    pillar   |  0.0  |  0.0  |
| topdownfarm | 95.03 | 98.12 |
|   unknown   | 70.45 | 99.59 |
+-------------+-------+-------+
2025/12/22 04:44:26 - mmengine - INFO - results:
2025/12/22 04:44:26 - mmengine - INFO - 
+---------+---------+---------+----------+--------+---------+---------+
| abs_rel |  sq_rel |   rmse  | rmse_log |   d1   |    d2   |    d3   |
+---------+---------+---------+----------+--------+---------+---------+
| 0.29131 | 0.01271 | 0.04175 | 0.31374  | 0.5316 | 0.85937 | 0.96381 |
+---------+---------+---------+----------+--------+---------+---------+
2025/12/22 04:44:26 - mmengine - INFO - MTLIterLoggerHook: Validation @ iter 400 - mIoU=54.1600, abs_rel=0.2913
2025/12/22 04:44:26 - mmengine - INFO - Iter(val) [32/32]    seg/aAcc: 90.2300  seg/mIoU: 54.1600  seg/mAcc: 67.2700  depth/abs_rel: 0.2913  depth/sq_rel: 0.0127  depth/rmse: 0.0418  depth/rmse_log: 0.3137  depth/d1: 0.5316  depth/d2: 0.8594  depth/d3: 0.9638  data_time: 0.0028  time: 0.0136
2025/12/22 04:44:26 - mmengine - INFO - The previous best checkpoint /workspace/mmsegmentation/work_dirs/chamnet_mtl_manual_1_5_last_ch128_int/best_seg_mIoU_iter_200.pth is removed
2025/12/22 04:44:26 - mmengine - INFO - The best checkpoint with 54.1600 seg/mIoU at 400 iter is saved to best_seg_mIoU_iter_400.pth.
2025/12/22 04:44:26 - mmengine - INFO - The previous best checkpoint /workspace/mmsegmentation/work_dirs/chamnet_mtl_manual_1_5_last_ch128_int/best_depth_abs_rel_iter_200.pth is removed
2025/12/22 04:44:26 - mmengine - INFO - The best checkpoint with 0.2913 depth/abs_rel at 400 iter is saved to best_depth_abs_rel_iter_400.pth.
2025/12/22 04:44:40 - mmengine - INFO - Iter(train) [  600/30000]  base_lr: 3.9880e-04 lr: 3.9880e-04  eta: 0:35:45  time: 0.0692  data_time: 0.0062  memory: 1482  loss: 95.0336  seg.loss_ce: 0.2171  seg.loss_dice: 0.0238  seg.acc_seg: 94.6559  depth.loss_depth_silog: 0.0747  depth.loss_depth_berhu: 0.0063  grad_norm: 3.1872
2025/12/22 04:44:40 - mmengine - INFO - per class results:
2025/12/22 04:44:40 - mmengine - INFO - 
+-------------+-------+-------+
|    Class    |  IoU  |  Acc  |
+-------------+-------+-------+
|  background | 44.62 | 49.15 |
|    chamoe   |  73.0 | 89.47 |
|   heatpipe  |  60.1 | 84.24 |
|     path    |  88.7 | 96.38 |
|    pillar   | 58.08 | 68.34 |
| topdownfarm | 96.14 | 97.99 |
|   unknown   | 87.37 | 97.83 |
+-------------+-------+-------+
2025/12/22 04:44:41 - mmengine - INFO - results:
2025/12/22 04:44:41 - mmengine - INFO - 
+---------+---------+---------+----------+---------+---------+---------+
| abs_rel |  sq_rel |   rmse  | rmse_log |    d1   |    d2   |    d3   |
+---------+---------+---------+----------+---------+---------+---------+
| 0.17581 | 0.00579 | 0.03101 | 0.22852  | 0.74735 | 0.94096 | 0.98207 |
+---------+---------+---------+----------+---------+---------+---------+
2025/12/22 04:44:41 - mmengine - INFO - MTLIterLoggerHook: Validation @ iter 600 - mIoU=72.5700, abs_rel=0.1758
2025/12/22 04:44:41 - mmengine - INFO - Iter(val) [32/32]    seg/aAcc: 94.1700  seg/mIoU: 72.5700  seg/mAcc: 83.3400  depth/abs_rel: 0.1758  depth/sq_rel: 0.0058  depth/rmse: 0.0310  depth/rmse_log: 0.2285  depth/d1: 0.7474  depth/d2: 0.9410  depth/d3: 0.9821  data_time: 0.0029  time: 0.0141
2025/12/22 04:44:41 - mmengine - INFO - The previous best checkpoint /workspace/mmsegmentation/work_dirs/chamnet_mtl_manual_1_5_last_ch128_int/best_seg_mIoU_iter_400.pth is removed
2025/12/22 04:44:41 - mmengine - INFO - The best checkpoint with 72.5700 seg/mIoU at 600 iter is saved to best_seg_mIoU_iter_600.pth.
2025/12/22 04:44:41 - mmengine - INFO - The previous best checkpoint /workspace/mmsegmentation/work_dirs/chamnet_mtl_manual_1_5_last_ch128_int/best_depth_abs_rel_iter_400.pth is removed
2025/12/22 04:44:41 - mmengine - INFO - The best checkpoint with 0.1758 depth/abs_rel at 600 iter is saved to best_depth_abs_rel_iter_600.pth.
2025/12/22 04:44:55 - mmengine - INFO - Iter(train) [  800/30000]  base_lr: 3.9639e-04 lr: 3.9639e-04  eta: 0:35:24  time: 0.0695  data_time: 0.0062  memory: 1482  loss: 92.6035  seg.loss_ce: 0.2699  seg.loss_dice: 0.0341  seg.acc_seg: 95.3456  depth.loss_depth_silog: 0.0634  depth.loss_depth_berhu: 0.0057  grad_norm: 2.8249
2025/12/22 04:44:55 - mmengine - INFO - per class results:
2025/12/22 04:44:55 - mmengine - INFO - 
+-------------+-------+-------+
|    Class    |  IoU  |  Acc  |
+-------------+-------+-------+
|  background | 44.13 | 48.56 |
|    chamoe   | 70.15 | 92.71 |
|   heatpipe  | 62.85 | 90.59 |
|     path    | 89.52 | 95.81 |
|    pillar   | 64.97 |  76.7 |
| topdownfarm | 95.83 |  97.6 |
|   unknown   |  88.2 | 98.02 |
+-------------+-------+-------+
2025/12/22 04:44:55 - mmengine - INFO - results:
2025/12/22 04:44:55 - mmengine - INFO - 
+---------+---------+---------+----------+---------+---------+---------+
| abs_rel |  sq_rel |   rmse  | rmse_log |    d1   |    d2   |    d3   |
+---------+---------+---------+----------+---------+---------+---------+
| 0.14604 | 0.00459 | 0.02974 | 0.21508  | 0.78244 | 0.94947 | 0.98376 |
+---------+---------+---------+----------+---------+---------+---------+
2025/12/22 04:44:55 - mmengine - INFO - MTLIterLoggerHook: Validation @ iter 800 - mIoU=73.6700, abs_rel=0.1460
2025/12/22 04:44:55 - mmengine - INFO - Iter(val) [32/32]    seg/aAcc: 94.2400  seg/mIoU: 73.6700  seg/mAcc: 85.7100  depth/abs_rel: 0.1460  depth/sq_rel: 0.0046  depth/rmse: 0.0297  depth/rmse_log: 0.2151  depth/d1: 0.7824  depth/d2: 0.9495  depth/d3: 0.9838  data_time: 0.0029  time: 0.0139
2025/12/22 04:44:55 - mmengine - INFO - The previous best checkpoint /workspace/mmsegmentation/work_dirs/chamnet_mtl_manual_1_5_last_ch128_int/best_seg_mIoU_iter_600.pth is removed
2025/12/22 04:44:56 - mmengine - INFO - The best checkpoint with 73.6700 seg/mIoU at 800 iter is saved to best_seg_mIoU_iter_800.pth.
2025/12/22 04:44:56 - mmengine - INFO - The previous best checkpoint /workspace/mmsegmentation/work_dirs/chamnet_mtl_manual_1_5_last_ch128_int/best_depth_abs_rel_iter_600.pth is removed
2025/12/22 04:44:56 - mmengine - INFO - The best checkpoint with 0.1460 depth/abs_rel at 800 iter is saved to best_depth_abs_rel_iter_800.pth.
2025/12/22 04:45:10 - mmengine - INFO - Exp name: chamnet_mtl_base_segformer_chamdatav3_20251222_044351
2025/12/22 04:45:10 - mmengine - INFO - Iter(train) [ 1000/30000]  base_lr: 3.9397e-04 lr: 3.9397e-04  eta: 0:35:09  time: 0.0695  data_time: 0.0063  memory: 1482  loss: 95.4790  seg.loss_ce: 0.1770  seg.loss_dice: 0.0204  seg.acc_seg: 96.9897  depth.loss_depth_silog: 0.0571  depth.loss_depth_berhu: 0.0058  grad_norm: 2.7434
2025/12/22 04:45:10 - mmengine - INFO - per class results:
2025/12/22 04:45:10 - mmengine - INFO - 
+-------------+-------+-------+
|    Class    |  IoU  |  Acc  |
+-------------+-------+-------+
|  background | 37.45 |  40.3 |
|    chamoe   | 73.78 | 90.45 |
|   heatpipe  | 65.19 | 89.85 |
|     path    | 89.91 | 96.58 |
|    pillar   | 67.44 | 79.81 |
| topdownfarm | 96.34 | 97.91 |
|   unknown   | 85.32 | 99.01 |
+-------------+-------+-------+
2025/12/22 04:45:10 - mmengine - INFO - results:
2025/12/22 04:45:10 - mmengine - INFO - 
+---------+---------+---------+----------+---------+---------+---------+
| abs_rel |  sq_rel |   rmse  | rmse_log |    d1   |    d2   |    d3   |
+---------+---------+---------+----------+---------+---------+---------+
| 0.15513 | 0.00533 | 0.02857 | 0.20347  | 0.81026 | 0.95731 | 0.98554 |
+---------+---------+---------+----------+---------+---------+---------+
2025/12/22 04:45:10 - mmengine - INFO - MTLIterLoggerHook: Validation @ iter 1000 - mIoU=73.6300, abs_rel=0.1551
2025/12/22 04:45:10 - mmengine - INFO - Iter(val) [32/32]    seg/aAcc: 94.2900  seg/mIoU: 73.6300  seg/mAcc: 84.8400  depth/abs_rel: 0.1551  depth/sq_rel: 0.0053  depth/rmse: 0.0286  depth/rmse_log: 0.2035  depth/d1: 0.8103  depth/d2: 0.9573  depth/d3: 0.9855  data_time: 0.0030  time: 0.0141
2025/12/22 04:45:24 - mmengine - INFO - Iter(train) [ 1200/30000]  base_lr: 3.9154e-04 lr: 3.9154e-04  eta: 0:34:37  time: 0.0700  data_time: 0.0063  memory: 1482  loss: 95.8513  seg.loss_ce: 0.1547  seg.loss_dice: 0.0184  seg.acc_seg: 95.8490  depth.loss_depth_silog: 0.0516  depth.loss_depth_berhu: 0.0051  grad_norm: 2.7220
2025/12/22 04:45:25 - mmengine - INFO - per class results:
2025/12/22 04:45:25 - mmengine - INFO - 
+-------------+-------+-------+
|    Class    |  IoU  |  Acc  |
+-------------+-------+-------+
|  background | 36.54 |  43.4 |
|    chamoe   | 74.56 | 88.66 |
|   heatpipe  | 65.67 | 90.95 |
|     path    | 89.99 | 96.51 |
|    pillar   |  68.6 | 80.86 |
| topdownfarm | 95.75 | 97.36 |
|   unknown   | 86.52 | 98.76 |
+-------------+-------+-------+
2025/12/22 04:45:25 - mmengine - INFO - results:
2025/12/22 04:45:25 - mmengine - INFO - 
+---------+---------+---------+----------+---------+---------+---------+
| abs_rel |  sq_rel |   rmse  | rmse_log |    d1   |    d2   |    d3   |
+---------+---------+---------+----------+---------+---------+---------+
|  0.1733 | 0.00522 | 0.02782 | 0.21273  | 0.77314 | 0.95335 | 0.98684 |
+---------+---------+---------+----------+---------+---------+---------+
2025/12/22 04:45:25 - mmengine - INFO - MTLIterLoggerHook: Validation @ iter 1200 - mIoU=73.9500, abs_rel=0.1733
2025/12/22 04:45:25 - mmengine - INFO - Iter(val) [32/32]    seg/aAcc: 94.0400  seg/mIoU: 73.9500  seg/mAcc: 85.2100  depth/abs_rel: 0.1733  depth/sq_rel: 0.0052  depth/rmse: 0.0278  depth/rmse_log: 0.2127  depth/d1: 0.7731  depth/d2: 0.9534  depth/d3: 0.9868  data_time: 0.0030  time: 0.0144
2025/12/22 04:45:25 - mmengine - INFO - The previous best checkpoint /workspace/mmsegmentation/work_dirs/chamnet_mtl_manual_1_5_last_ch128_int/best_seg_mIoU_iter_800.pth is removed
2025/12/22 04:45:25 - mmengine - INFO - The best checkpoint with 73.9500 seg/mIoU at 1200 iter is saved to best_seg_mIoU_iter_1200.pth.
2025/12/22 04:45:39 - mmengine - INFO - Iter(train) [ 1400/30000]  base_lr: 3.8912e-04 lr: 3.8912e-04  eta: 0:34:18  time: 0.0689  data_time: 0.0063  memory: 1482  loss: 96.6987  seg.loss_ce: 0.1255  seg.loss_dice: 0.0141  seg.acc_seg: 96.8076  depth.loss_depth_silog: 0.0483  depth.loss_depth_berhu: 0.0050  grad_norm: 2.4601
2025/12/22 04:45:39 - mmengine - INFO - per class results:
2025/12/22 04:45:39 - mmengine - INFO - 
+-------------+-------+-------+
|    Class    |  IoU  |  Acc  |
+-------------+-------+-------+
|  background | 42.19 | 47.02 |
|    chamoe   | 73.64 | 92.37 |
|   heatpipe  | 66.38 | 91.52 |
|     path    | 90.02 | 96.72 |
|    pillar   | 69.24 |  78.8 |
| topdownfarm | 96.37 | 97.62 |
|   unknown   | 86.16 | 99.03 |
+-------------+-------+-------+
2025/12/22 04:45:39 - mmengine - INFO - results:
2025/12/22 04:45:39 - mmengine - INFO - 
+---------+---------+---------+----------+---------+--------+---------+
| abs_rel |  sq_rel |   rmse  | rmse_log |    d1   |   d2   |    d3   |
+---------+---------+---------+----------+---------+--------+---------+
| 0.16936 | 0.00581 | 0.02863 | 0.21316  | 0.76793 | 0.9582 | 0.98559 |
+---------+---------+---------+----------+---------+--------+---------+
2025/12/22 04:45:39 - mmengine - INFO - MTLIterLoggerHook: Validation @ iter 1400 - mIoU=74.8600, abs_rel=0.1694
2025/12/22 04:45:39 - mmengine - INFO - Iter(val) [32/32]    seg/aAcc: 94.4800  seg/mIoU: 74.8600  seg/mAcc: 86.1500  depth/abs_rel: 0.1694  depth/sq_rel: 0.0058  depth/rmse: 0.0286  depth/rmse_log: 0.2132  depth/d1: 0.7679  depth/d2: 0.9582  depth/d3: 0.9856  data_time: 0.0029  time: 0.0142
2025/12/22 04:45:39 - mmengine - INFO - The previous best checkpoint /workspace/mmsegmentation/work_dirs/chamnet_mtl_manual_1_5_last_ch128_int/best_seg_mIoU_iter_1200.pth is removed
2025/12/22 04:45:40 - mmengine - INFO - The best checkpoint with 74.8600 seg/mIoU at 1400 iter is saved to best_seg_mIoU_iter_1400.pth.
2025/12/22 04:45:53 - mmengine - INFO - Iter(train) [ 1600/30000]  base_lr: 3.8670e-04 lr: 3.8670e-04  eta: 0:33:59  time: 0.0696  data_time: 0.0063  memory: 1482  loss: 96.0689  seg.loss_ce: 0.1325  seg.loss_dice: 0.0164  seg.acc_seg: 96.2656  depth.loss_depth_silog: 0.0442  depth.loss_depth_berhu: 0.0046  grad_norm: 1.8091
2025/12/22 04:45:54 - mmengine - INFO - per class results:
2025/12/22 04:45:54 - mmengine - INFO - 
+-------------+-------+-------+
|    Class    |  IoU  |  Acc  |
+-------------+-------+-------+
|  background | 42.71 | 49.85 |
|    chamoe   | 73.75 |  92.3 |
|   heatpipe  | 68.23 | 91.13 |
|     path    | 90.47 | 96.65 |
|    pillar   | 70.35 |  84.6 |
| topdownfarm | 96.02 | 97.48 |
|   unknown   | 88.31 | 97.34 |
+-------------+-------+-------+
2025/12/22 04:45:54 - mmengine - INFO - results:
2025/12/22 04:45:54 - mmengine - INFO - 
+---------+---------+---------+----------+---------+---------+--------+
| abs_rel |  sq_rel |   rmse  | rmse_log |    d1   |    d2   |   d3   |
+---------+---------+---------+----------+---------+---------+--------+
| 0.13257 | 0.00385 | 0.02754 | 0.19013  | 0.83513 | 0.96455 | 0.9885 |
+---------+---------+---------+----------+---------+---------+--------+
2025/12/22 04:45:54 - mmengine - INFO - MTLIterLoggerHook: Validation @ iter 1600 - mIoU=75.6900, abs_rel=0.1326
2025/12/22 04:45:54 - mmengine - INFO - Iter(val) [32/32]    seg/aAcc: 94.5200  seg/mIoU: 75.6900  seg/mAcc: 87.0500  depth/abs_rel: 0.1326  depth/sq_rel: 0.0038  depth/rmse: 0.0275  depth/rmse_log: 0.1901  depth/d1: 0.8351  depth/d2: 0.9645  depth/d3: 0.9885  data_time: 0.0028  time: 0.0139
2025/12/22 04:45:54 - mmengine - INFO - The previous best checkpoint /workspace/mmsegmentation/work_dirs/chamnet_mtl_manual_1_5_last_ch128_int/best_seg_mIoU_iter_1400.pth is removed
2025/12/22 04:45:54 - mmengine - INFO - The best checkpoint with 75.6900 seg/mIoU at 1600 iter is saved to best_seg_mIoU_iter_1600.pth.
2025/12/22 04:45:54 - mmengine - INFO - The previous best checkpoint /workspace/mmsegmentation/work_dirs/chamnet_mtl_manual_1_5_last_ch128_int/best_depth_abs_rel_iter_800.pth is removed
2025/12/22 04:45:55 - mmengine - INFO - The best checkpoint with 0.1326 depth/abs_rel at 1600 iter is saved to best_depth_abs_rel_iter_1600.pth.
2025/12/22 04:46:08 - mmengine - INFO - Iter(train) [ 1800/30000]  base_lr: 3.8427e-04 lr: 3.8427e-04  eta: 0:33:46  time: 0.0686  data_time: 0.0065  memory: 1482  loss: 97.1624  seg.loss_ce: 0.1031  seg.loss_dice: 0.0122  seg.acc_seg: 96.6949  depth.loss_depth_silog: 0.0451  depth.loss_depth_berhu: 0.0043  grad_norm: 2.1108
2025/12/22 04:46:09 - mmengine - INFO - per class results:
2025/12/22 04:46:09 - mmengine - INFO - 
+-------------+-------+-------+
|    Class    |  IoU  |  Acc  |
+-------------+-------+-------+
|  background | 34.29 | 50.92 |
|    chamoe   | 75.11 | 90.48 |
|   heatpipe  |  65.2 | 94.06 |
|     path    | 90.28 | 95.56 |
|    pillar   | 70.45 | 87.38 |
| topdownfarm | 93.86 |  95.3 |
|   unknown   | 88.09 | 96.95 |
+-------------+-------+-------+
2025/12/22 04:46:09 - mmengine - INFO - results:
2025/12/22 04:46:09 - mmengine - INFO - 
+---------+---------+---------+----------+---------+---------+--------+
| abs_rel |  sq_rel |   rmse  | rmse_log |    d1   |    d2   |   d3   |
+---------+---------+---------+----------+---------+---------+--------+
| 0.15741 | 0.00475 | 0.02669 | 0.20254  | 0.79637 | 0.95887 | 0.9884 |
+---------+---------+---------+----------+---------+---------+--------+
2025/12/22 04:46:09 - mmengine - INFO - MTLIterLoggerHook: Validation @ iter 1800 - mIoU=73.8900, abs_rel=0.1574
2025/12/22 04:46:09 - mmengine - INFO - Iter(val) [32/32]    seg/aAcc: 93.0500  seg/mIoU: 73.8900  seg/mAcc: 87.2400  depth/abs_rel: 0.1574  depth/sq_rel: 0.0048  depth/rmse: 0.0267  depth/rmse_log: 0.2025  depth/d1: 0.7964  depth/d2: 0.9589  depth/d3: 0.9884  data_time: 0.0030  time: 0.0139
2025/12/22 04:46:23 - mmengine - INFO - Exp name: chamnet_mtl_base_segformer_chamdatav3_20251222_044351
2025/12/22 04:46:23 - mmengine - INFO - Iter(train) [ 2000/30000]  base_lr: 3.8184e-04 lr: 3.8184e-04  eta: 0:33:22  time: 0.0696  data_time: 0.0064  memory: 1482  loss: 96.9331  seg.loss_ce: 0.1091  seg.loss_dice: 0.0128  seg.acc_seg: 96.7622  depth.loss_depth_silog: 0.0398  depth.loss_depth_berhu: 0.0042  grad_norm: 1.6736
2025/12/22 04:46:23 - mmengine - INFO - per class results:
2025/12/22 04:46:23 - mmengine - INFO - 
+-------------+-------+-------+
|    Class    |  IoU  |  Acc  |
+-------------+-------+-------+
|  background | 42.52 | 48.25 |
|    chamoe   | 74.11 | 93.11 |
|   heatpipe  | 70.23 | 90.75 |
|     path    | 90.88 | 97.15 |
|    pillar   | 71.11 | 82.71 |
| topdownfarm | 96.35 | 97.57 |
|   unknown   | 86.99 | 98.76 |
+-------------+-------+-------+
2025/12/22 04:46:23 - mmengine - INFO - results:
2025/12/22 04:46:23 - mmengine - INFO - 
+---------+---------+---------+----------+---------+---------+---------+
| abs_rel |  sq_rel |   rmse  | rmse_log |    d1   |    d2   |    d3   |
+---------+---------+---------+----------+---------+---------+---------+
| 0.13228 | 0.00403 | 0.02531 | 0.18361  | 0.85294 | 0.96542 | 0.98892 |
+---------+---------+---------+----------+---------+---------+---------+
2025/12/22 04:46:23 - mmengine - INFO - MTLIterLoggerHook: Validation @ iter 2000 - mIoU=76.0300, abs_rel=0.1323
2025/12/22 04:46:23 - mmengine - INFO - Iter(val) [32/32]    seg/aAcc: 94.6700  seg/mIoU: 76.0300  seg/mAcc: 86.9000  depth/abs_rel: 0.1323  depth/sq_rel: 0.0040  depth/rmse: 0.0253  depth/rmse_log: 0.1836  depth/d1: 0.8529  depth/d2: 0.9654  depth/d3: 0.9889  data_time: 0.0029  time: 0.0140
2025/12/22 04:46:23 - mmengine - INFO - The previous best checkpoint /workspace/mmsegmentation/work_dirs/chamnet_mtl_manual_1_5_last_ch128_int/best_seg_mIoU_iter_1600.pth is removed
2025/12/22 04:46:23 - mmengine - INFO - The best checkpoint with 76.0300 seg/mIoU at 2000 iter is saved to best_seg_mIoU_iter_2000.pth.
2025/12/22 04:46:23 - mmengine - INFO - The previous best checkpoint /workspace/mmsegmentation/work_dirs/chamnet_mtl_manual_1_5_last_ch128_int/best_depth_abs_rel_iter_1600.pth is removed
2025/12/22 04:46:24 - mmengine - INFO - The best checkpoint with 0.1323 depth/abs_rel at 2000 iter is saved to best_depth_abs_rel_iter_2000.pth.
2025/12/22 04:46:37 - mmengine - INFO - Iter(train) [ 2200/30000]  base_lr: 3.7941e-04 lr: 3.7941e-04  eta: 0:33:09  time: 0.0696  data_time: 0.0065  memory: 1482  loss: 96.8493  seg.loss_ce: 0.1167  seg.loss_dice: 0.0134  seg.acc_seg: 96.0484  depth.loss_depth_silog: 0.0482  depth.loss_depth_berhu: 0.0050  grad_norm: 2.0823
2025/12/22 04:46:38 - mmengine - INFO - per class results:
2025/12/22 04:46:38 - mmengine - INFO - 
+-------------+-------+-------+
|    Class    |  IoU  |  Acc  |
+-------------+-------+-------+
|  background | 37.62 | 51.46 |
|    chamoe   | 76.51 | 86.16 |
|   heatpipe  | 70.71 |  91.3 |
|     path    | 90.85 | 97.11 |
|    pillar   | 70.98 | 80.52 |
| topdownfarm | 95.04 | 96.61 |
|   unknown   | 87.75 | 98.14 |
+-------------+-------+-------+
2025/12/22 04:46:38 - mmengine - INFO - results:
2025/12/22 04:46:38 - mmengine - INFO - 
+---------+---------+---------+----------+---------+---------+---------+
| abs_rel |  sq_rel |   rmse  | rmse_log |    d1   |    d2   |    d3   |
+---------+---------+---------+----------+---------+---------+---------+
| 0.13142 | 0.00372 | 0.02441 | 0.18154  | 0.85231 | 0.96703 | 0.98978 |
+---------+---------+---------+----------+---------+---------+---------+
2025/12/22 04:46:38 - mmengine - INFO - MTLIterLoggerHook: Validation @ iter 2200 - mIoU=75.6400, abs_rel=0.1314
2025/12/22 04:46:38 - mmengine - INFO - Iter(val) [32/32]    seg/aAcc: 93.9100  seg/mIoU: 75.6400  seg/mAcc: 85.9000  depth/abs_rel: 0.1314  depth/sq_rel: 0.0037  depth/rmse: 0.0244  depth/rmse_log: 0.1815  depth/d1: 0.8523  depth/d2: 0.9670  depth/d3: 0.9898  data_time: 0.0030  time: 0.0140
2025/12/22 04:46:38 - mmengine - INFO - The previous best checkpoint /workspace/mmsegmentation/work_dirs/chamnet_mtl_manual_1_5_last_ch128_int/best_depth_abs_rel_iter_2000.pth is removed
2025/12/22 04:46:38 - mmengine - INFO - The best checkpoint with 0.1314 depth/abs_rel at 2200 iter is saved to best_depth_abs_rel_iter_2200.pth.
2025/12/22 04:46:52 - mmengine - INFO - Iter(train) [ 2400/30000]  base_lr: 3.7698e-04 lr: 3.7698e-04  eta: 0:32:52  time: 0.0693  data_time: 0.0065  memory: 1482  loss: 97.1377  seg.loss_ce: 0.0989  seg.loss_dice: 0.0120  seg.acc_seg: 96.9878  depth.loss_depth_silog: 0.0409  depth.loss_depth_berhu: 0.0041  grad_norm: 1.8708
2025/12/22 04:46:52 - mmengine - INFO - per class results:
2025/12/22 04:46:52 - mmengine - INFO - 
+-------------+-------+-------+
|    Class    |  IoU  |  Acc  |
+-------------+-------+-------+
|  background | 37.85 | 49.92 |
|    chamoe   |  75.4 |  91.9 |
|   heatpipe  | 68.45 | 91.97 |
|     path    | 90.63 | 97.01 |
|    pillar   | 72.33 | 85.99 |
| topdownfarm | 95.17 | 96.23 |
|   unknown   | 87.32 | 98.33 |
+-------------+-------+-------+
2025/12/22 04:46:52 - mmengine - INFO - results:
2025/12/22 04:46:52 - mmengine - INFO - 
+---------+---------+---------+----------+---------+--------+---------+
| abs_rel |  sq_rel |   rmse  | rmse_log |    d1   |   d2   |    d3   |
+---------+---------+---------+----------+---------+--------+---------+
| 0.14043 | 0.00391 | 0.02512 | 0.18871  | 0.83275 | 0.9647 | 0.98963 |
+---------+---------+---------+----------+---------+--------+---------+
2025/12/22 04:46:52 - mmengine - INFO - MTLIterLoggerHook: Validation @ iter 2400 - mIoU=75.3100, abs_rel=0.1404
2025/12/22 04:46:52 - mmengine - INFO - Iter(val) [32/32]    seg/aAcc: 93.9100  seg/mIoU: 75.3100  seg/mAcc: 87.3400  depth/abs_rel: 0.1404  depth/sq_rel: 0.0039  depth/rmse: 0.0251  depth/rmse_log: 0.1887  depth/d1: 0.8328  depth/d2: 0.9647  depth/d3: 0.9896  data_time: 0.0028  time: 0.0139
2025/12/22 04:47:06 - mmengine - INFO - Iter(train) [ 2600/30000]  base_lr: 3.7455e-04 lr: 3.7455e-04  eta: 0:32:31  time: 0.0694  data_time: 0.0063  memory: 1482  loss: 96.9653  seg.loss_ce: 0.1079  seg.loss_dice: 0.0126  seg.acc_seg: 96.0043  depth.loss_depth_silog: 0.0366  depth.loss_depth_berhu: 0.0039  grad_norm: 1.7104
2025/12/22 04:47:06 - mmengine - INFO - per class results:
2025/12/22 04:47:06 - mmengine - INFO - 
+-------------+-------+-------+
|    Class    |  IoU  |  Acc  |
+-------------+-------+-------+
|  background | 45.24 |  53.6 |
|    chamoe   | 76.35 |  91.4 |
|   heatpipe  | 71.15 | 91.67 |
|     path    | 90.98 | 97.04 |
|    pillar   | 72.47 | 86.53 |
| topdownfarm | 96.46 | 97.68 |
|   unknown   | 88.74 | 97.31 |
+-------------+-------+-------+
2025/12/22 04:47:07 - mmengine - INFO - results:
2025/12/22 04:47:07 - mmengine - INFO - 
+---------+---------+---------+----------+---------+---------+---------+
| abs_rel |  sq_rel |   rmse  | rmse_log |    d1   |    d2   |    d3   |
+---------+---------+---------+----------+---------+---------+---------+
|  0.1292 | 0.00367 | 0.02461 | 0.17984  | 0.85422 | 0.96773 | 0.99005 |
+---------+---------+---------+----------+---------+---------+---------+
2025/12/22 04:47:07 - mmengine - INFO - MTLIterLoggerHook: Validation @ iter 2600 - mIoU=77.3400, abs_rel=0.1292
2025/12/22 04:47:07 - mmengine - INFO - Iter(val) [32/32]    seg/aAcc: 94.9100  seg/mIoU: 77.3400  seg/mAcc: 87.8900  depth/abs_rel: 0.1292  depth/sq_rel: 0.0037  depth/rmse: 0.0246  depth/rmse_log: 0.1798  depth/d1: 0.8542  depth/d2: 0.9677  depth/d3: 0.9900  data_time: 0.0029  time: 0.0141
2025/12/22 04:47:07 - mmengine - INFO - The previous best checkpoint /workspace/mmsegmentation/work_dirs/chamnet_mtl_manual_1_5_last_ch128_int/best_seg_mIoU_iter_2000.pth is removed
2025/12/22 04:47:07 - mmengine - INFO - The best checkpoint with 77.3400 seg/mIoU at 2600 iter is saved to best_seg_mIoU_iter_2600.pth.
2025/12/22 04:47:07 - mmengine - INFO - The previous best checkpoint /workspace/mmsegmentation/work_dirs/chamnet_mtl_manual_1_5_last_ch128_int/best_depth_abs_rel_iter_2200.pth is removed
2025/12/22 04:47:07 - mmengine - INFO - The best checkpoint with 0.1292 depth/abs_rel at 2600 iter is saved to best_depth_abs_rel_iter_2600.pth.
2025/12/22 04:47:21 - mmengine - INFO - Iter(train) [ 2800/30000]  base_lr: 3.7211e-04 lr: 3.7211e-04  eta: 0:32:19  time: 0.0695  data_time: 0.0061  memory: 1482  loss: 97.0809  seg.loss_ce: 0.0983  seg.loss_dice: 0.0121  seg.acc_seg: 96.7453  depth.loss_depth_silog: 0.0420  depth.loss_depth_berhu: 0.0045  grad_norm: 1.5213
2025/12/22 04:47:21 - mmengine - INFO - per class results:
2025/12/22 04:47:21 - mmengine - INFO - 
+-------------+-------+-------+
|    Class    |  IoU  |  Acc  |
+-------------+-------+-------+
|  background | 39.84 | 50.14 |
|    chamoe   | 76.52 | 91.06 |
|   heatpipe  | 70.94 | 91.22 |
|     path    | 91.23 |  96.7 |
|    pillar   | 72.25 | 82.38 |
| topdownfarm | 95.77 | 97.19 |
|   unknown   | 87.29 | 98.63 |
+-------------+-------+-------+
2025/12/22 04:47:21 - mmengine - INFO - results:
2025/12/22 04:47:21 - mmengine - INFO - 
+---------+---------+---------+----------+---------+---------+--------+
| abs_rel |  sq_rel |   rmse  | rmse_log |    d1   |    d2   |   d3   |
+---------+---------+---------+----------+---------+---------+--------+
| 0.12476 | 0.00354 | 0.02459 | 0.18048  | 0.85582 | 0.96805 | 0.9894 |
+---------+---------+---------+----------+---------+---------+--------+
2025/12/22 04:47:21 - mmengine - INFO - MTLIterLoggerHook: Validation @ iter 2800 - mIoU=76.2600, abs_rel=0.1248
2025/12/22 04:47:21 - mmengine - INFO - Iter(val) [32/32]    seg/aAcc: 94.3800  seg/mIoU: 76.2600  seg/mAcc: 86.7600  depth/abs_rel: 0.1248  depth/sq_rel: 0.0035  depth/rmse: 0.0246  depth/rmse_log: 0.1805  depth/d1: 0.8558  depth/d2: 0.9680  depth/d3: 0.9894  data_time: 0.0030  time: 0.0139
2025/12/22 04:47:21 - mmengine - INFO - The previous best checkpoint /workspace/mmsegmentation/work_dirs/chamnet_mtl_manual_1_5_last_ch128_int/best_depth_abs_rel_iter_2600.pth is removed
2025/12/22 04:47:22 - mmengine - INFO - The best checkpoint with 0.1248 depth/abs_rel at 2800 iter is saved to best_depth_abs_rel_iter_2800.pth.
2025/12/22 04:47:36 - mmengine - INFO - Exp name: chamnet_mtl_base_segformer_chamdatav3_20251222_044351
2025/12/22 04:47:36 - mmengine - INFO - Iter(train) [ 3000/30000]  base_lr: 3.6968e-04 lr: 3.6968e-04  eta: 0:32:04  time: 0.0695  data_time: 0.0063  memory: 1482  loss: 97.4189  seg.loss_ce: 0.0898  seg.loss_dice: 0.0107  seg.acc_seg: 97.3026  depth.loss_depth_silog: 0.0362  depth.loss_depth_berhu: 0.0040  grad_norm: 1.8596
2025/12/22 04:47:36 - mmengine - INFO - per class results:
2025/12/22 04:47:36 - mmengine - INFO - 
+-------------+-------+-------+
|    Class    |  IoU  |  Acc  |
+-------------+-------+-------+
|  background | 42.53 | 48.81 |
|    chamoe   | 76.22 | 91.73 |
|   heatpipe  | 71.47 | 91.91 |
|     path    | 90.96 | 97.21 |
|    pillar   | 73.22 | 84.16 |
| topdownfarm | 96.44 | 97.77 |
|   unknown   | 87.58 |  98.5 |
+-------------+-------+-------+
2025/12/22 04:47:36 - mmengine - INFO - results:
2025/12/22 04:47:36 - mmengine - INFO - 
+---------+---------+---------+----------+---------+---------+---------+
| abs_rel |  sq_rel |   rmse  | rmse_log |    d1   |    d2   |    d3   |
+---------+---------+---------+----------+---------+---------+---------+
| 0.12361 | 0.00328 | 0.02387 | 0.18042  | 0.85502 | 0.96829 | 0.98969 |
+---------+---------+---------+----------+---------+---------+---------+
2025/12/22 04:47:36 - mmengine - INFO - MTLIterLoggerHook: Validation @ iter 3000 - mIoU=76.9200, abs_rel=0.1236
2025/12/22 04:47:36 - mmengine - INFO - Iter(val) [32/32]    seg/aAcc: 94.8300  seg/mIoU: 76.9200  seg/mAcc: 87.1600  depth/abs_rel: 0.1236  depth/sq_rel: 0.0033  depth/rmse: 0.0239  depth/rmse_log: 0.1804  depth/d1: 0.8550  depth/d2: 0.9683  depth/d3: 0.9897  data_time: 0.0031  time: 0.0142
2025/12/22 04:47:36 - mmengine - INFO - The previous best checkpoint /workspace/mmsegmentation/work_dirs/chamnet_mtl_manual_1_5_last_ch128_int/best_depth_abs_rel_iter_2800.pth is removed
2025/12/22 04:47:36 - mmengine - INFO - The best checkpoint with 0.1236 depth/abs_rel at 3000 iter is saved to best_depth_abs_rel_iter_3000.pth.
2025/12/22 04:47:50 - mmengine - INFO - Iter(train) [ 3200/30000]  base_lr: 3.6724e-04 lr: 3.6724e-04  eta: 0:31:49  time: 0.0697  data_time: 0.0061  memory: 1482  loss: 96.9388  seg.loss_ce: 0.1058  seg.loss_dice: 0.0126  seg.acc_seg: 96.3795  depth.loss_depth_silog: 0.0353  depth.loss_depth_berhu: 0.0042  grad_norm: 1.3569
2025/12/22 04:47:51 - mmengine - INFO - per class results:
2025/12/22 04:47:51 - mmengine - INFO - 
+-------------+-------+-------+
|    Class    |  IoU  |  Acc  |
+-------------+-------+-------+
|  background | 43.79 | 51.24 |
|    chamoe   | 76.84 | 90.08 |
|   heatpipe  | 71.33 | 92.19 |
|     path    |  91.2 | 96.81 |
|    pillar   | 72.15 | 84.25 |
| topdownfarm | 96.56 | 97.79 |
|   unknown   |  87.1 | 98.49 |
+-------------+-------+-------+
2025/12/22 04:47:51 - mmengine - INFO - results:
2025/12/22 04:47:51 - mmengine - INFO - 
+---------+---------+--------+----------+---------+---------+---------+
| abs_rel |  sq_rel |  rmse  | rmse_log |    d1   |    d2   |    d3   |
+---------+---------+--------+----------+---------+---------+---------+
| 0.13148 | 0.00368 | 0.0241 | 0.18083  | 0.85156 | 0.96741 | 0.99006 |
+---------+---------+--------+----------+---------+---------+---------+
2025/12/22 04:47:51 - mmengine - INFO - MTLIterLoggerHook: Validation @ iter 3200 - mIoU=77.0000, abs_rel=0.1315
2025/12/22 04:47:51 - mmengine - INFO - Iter(val) [32/32]    seg/aAcc: 94.8600  seg/mIoU: 77.0000  seg/mAcc: 87.2600  depth/abs_rel: 0.1315  depth/sq_rel: 0.0037  depth/rmse: 0.0241  depth/rmse_log: 0.1808  depth/d1: 0.8516  depth/d2: 0.9674  depth/d3: 0.9901  data_time: 0.0030  time: 0.0143
2025/12/22 04:48:05 - mmengine - INFO - Iter(train) [ 3400/30000]  base_lr: 3.6480e-04 lr: 3.6480e-04  eta: 0:31:32  time: 0.0712  data_time: 0.0063  memory: 1482  loss: 97.1139  seg.loss_ce: 0.1010  seg.loss_dice: 0.0119  seg.acc_seg: 96.8719  depth.loss_depth_silog: 0.0368  depth.loss_depth_berhu: 0.0040  grad_norm: 1.4862
2025/12/22 04:48:05 - mmengine - INFO - per class results:
2025/12/22 04:48:05 - mmengine - INFO - 
+-------------+-------+-------+
|    Class    |  IoU  |  Acc  |
+-------------+-------+-------+
|  background | 44.03 | 50.72 |
|    chamoe   | 75.64 | 92.73 |
|   heatpipe  | 68.32 | 94.89 |
|     path    | 90.94 | 96.31 |
|    pillar   | 73.49 | 85.45 |
| topdownfarm | 96.48 | 97.68 |
|   unknown   | 87.68 | 98.42 |
+-------------+-------+-------+
2025/12/22 04:48:05 - mmengine - INFO - results:
2025/12/22 04:48:05 - mmengine - INFO - 
+---------+--------+---------+----------+---------+--------+---------+
| abs_rel | sq_rel |   rmse  | rmse_log |    d1   |   d2   |    d3   |
+---------+--------+---------+----------+---------+--------+---------+
| 0.12748 | 0.0036 | 0.02424 | 0.17747  | 0.85608 | 0.9695 | 0.99054 |
+---------+--------+---------+----------+---------+--------+---------+
2025/12/22 04:48:05 - mmengine - INFO - MTLIterLoggerHook: Validation @ iter 3400 - mIoU=76.6500, abs_rel=0.1275
2025/12/22 04:48:05 - mmengine - INFO - Iter(val) [32/32]    seg/aAcc: 94.8200  seg/mIoU: 76.6500  seg/mAcc: 88.0300  depth/abs_rel: 0.1275  depth/sq_rel: 0.0036  depth/rmse: 0.0242  depth/rmse_log: 0.1775  depth/d1: 0.8561  depth/d2: 0.9695  depth/d3: 0.9905  data_time: 0.0029  time: 0.0144
2025/12/22 04:48:19 - mmengine - INFO - Iter(train) [ 3600/30000]  base_lr: 3.6235e-04 lr: 3.6235e-04  eta: 0:31:15  time: 0.0697  data_time: 0.0062  memory: 1482  loss: 97.5331  seg.loss_ce: 0.0914  seg.loss_dice: 0.0105  seg.acc_seg: 97.5712  depth.loss_depth_silog: 0.0413  depth.loss_depth_berhu: 0.0038  grad_norm: 1.5499
2025/12/22 04:48:19 - mmengine - INFO - per class results:
2025/12/22 04:48:19 - mmengine - INFO - 
+-------------+-------+-------+
|    Class    |  IoU  |  Acc  |
+-------------+-------+-------+
|  background | 45.31 | 51.63 |
|    chamoe   | 75.65 |  92.8 |
|   heatpipe  | 71.28 | 92.04 |
|     path    | 91.23 | 97.08 |
|    pillar   | 73.94 | 85.61 |
| topdownfarm | 96.51 | 97.86 |
|   unknown   | 88.52 |  97.9 |
+-------------+-------+-------+
2025/12/22 04:48:19 - mmengine - INFO - results:
2025/12/22 04:48:19 - mmengine - INFO - 
+---------+--------+---------+----------+---------+---------+---------+
| abs_rel | sq_rel |   rmse  | rmse_log |    d1   |    d2   |    d3   |
+---------+--------+---------+----------+---------+---------+---------+
| 0.13105 | 0.0039 | 0.02497 | 0.18198  | 0.85505 | 0.96757 | 0.98937 |
+---------+--------+---------+----------+---------+---------+---------+
2025/12/22 04:48:19 - mmengine - INFO - MTLIterLoggerHook: Validation @ iter 3600 - mIoU=77.4900, abs_rel=0.1311
2025/12/22 04:48:19 - mmengine - INFO - Iter(val) [32/32]    seg/aAcc: 95.0100  seg/mIoU: 77.4900  seg/mAcc: 87.8400  depth/abs_rel: 0.1311  depth/sq_rel: 0.0039  depth/rmse: 0.0250  depth/rmse_log: 0.1820  depth/d1: 0.8550  depth/d2: 0.9676  depth/d3: 0.9894  data_time: 0.0030  time: 0.0144
2025/12/22 04:48:19 - mmengine - INFO - The previous best checkpoint /workspace/mmsegmentation/work_dirs/chamnet_mtl_manual_1_5_last_ch128_int/best_seg_mIoU_iter_2600.pth is removed
2025/12/22 04:48:20 - mmengine - INFO - The best checkpoint with 77.4900 seg/mIoU at 3600 iter is saved to best_seg_mIoU_iter_3600.pth.
2025/12/22 04:48:34 - mmengine - INFO - Iter(train) [ 3800/30000]  base_lr: 3.5991e-04 lr: 3.5991e-04  eta: 0:31:01  time: 0.0695  data_time: 0.0063  memory: 1482  loss: 97.5945  seg.loss_ce: 0.0910  seg.loss_dice: 0.0101  seg.acc_seg: 96.9217  depth.loss_depth_silog: 0.0372  depth.loss_depth_berhu: 0.0038  grad_norm: 1.3545
2025/12/22 04:48:34 - mmengine - INFO - per class results:
2025/12/22 04:48:34 - mmengine - INFO - 
+-------------+-------+-------+
|    Class    |  IoU  |  Acc  |
+-------------+-------+-------+
|  background | 46.95 | 55.71 |
|    chamoe   | 77.03 | 91.17 |
|   heatpipe  | 72.26 | 92.13 |
|     path    | 91.23 | 96.97 |
|    pillar   | 73.66 |  83.6 |
| topdownfarm | 96.56 | 97.76 |
|   unknown   | 88.64 | 98.36 |
+-------------+-------+-------+
2025/12/22 04:48:34 - mmengine - INFO - results:
2025/12/22 04:48:34 - mmengine - INFO - 
+---------+---------+---------+----------+---------+---------+---------+
| abs_rel |  sq_rel |   rmse  | rmse_log |    d1   |    d2   |    d3   |
+---------+---------+---------+----------+---------+---------+---------+
| 0.12411 | 0.00337 | 0.02374 | 0.17431  | 0.86209 | 0.97042 | 0.99076 |
+---------+---------+---------+----------+---------+---------+---------+
2025/12/22 04:48:34 - mmengine - INFO - MTLIterLoggerHook: Validation @ iter 3800 - mIoU=78.0500, abs_rel=0.1241
2025/12/22 04:48:34 - mmengine - INFO - Iter(val) [32/32]    seg/aAcc: 95.0700  seg/mIoU: 78.0500  seg/mAcc: 87.9600  depth/abs_rel: 0.1241  depth/sq_rel: 0.0034  depth/rmse: 0.0237  depth/rmse_log: 0.1743  depth/d1: 0.8621  depth/d2: 0.9704  depth/d3: 0.9908  data_time: 0.0029  time: 0.0143
2025/12/22 04:48:34 - mmengine - INFO - The previous best checkpoint /workspace/mmsegmentation/work_dirs/chamnet_mtl_manual_1_5_last_ch128_int/best_seg_mIoU_iter_3600.pth is removed
2025/12/22 04:48:34 - mmengine - INFO - The best checkpoint with 78.0500 seg/mIoU at 3800 iter is saved to best_seg_mIoU_iter_3800.pth.
2025/12/22 04:48:48 - mmengine - INFO - Exp name: chamnet_mtl_base_segformer_chamdatav3_20251222_044351
2025/12/22 04:48:48 - mmengine - INFO - Iter(train) [ 4000/30000]  base_lr: 3.5746e-04 lr: 3.5746e-04  eta: 0:30:46  time: 0.0696  data_time: 0.0062  memory: 1482  loss: 97.3947  seg.loss_ce: 0.0941  seg.loss_dice: 0.0109  seg.acc_seg: 96.8792  depth.loss_depth_silog: 0.0347  depth.loss_depth_berhu: 0.0036  grad_norm: 1.3765
2025/12/22 04:48:49 - mmengine - INFO - per class results:
2025/12/22 04:48:49 - mmengine - INFO - 
+-------------+-------+-------+
|    Class    |  IoU  |  Acc  |
+-------------+-------+-------+
|  background | 38.57 | 49.45 |
|    chamoe   | 76.23 | 92.09 |
|   heatpipe  | 71.83 | 91.96 |
|     path    | 91.46 | 96.94 |
|    pillar   | 71.62 | 85.91 |
| topdownfarm | 95.37 | 96.65 |
|   unknown   | 87.61 | 98.67 |
+-------------+-------+-------+
2025/12/22 04:48:49 - mmengine - INFO - results:
2025/12/22 04:48:49 - mmengine - INFO - 
+---------+---------+--------+----------+---------+---------+---------+
| abs_rel |  sq_rel |  rmse  | rmse_log |    d1   |    d2   |    d3   |
+---------+---------+--------+----------+---------+---------+---------+
| 0.12602 | 0.00337 | 0.0238 | 0.17782  | 0.85659 | 0.96937 | 0.99041 |
+---------+---------+--------+----------+---------+---------+---------+
2025/12/22 04:48:49 - mmengine - INFO - MTLIterLoggerHook: Validation @ iter 4000 - mIoU=76.1000, abs_rel=0.1260
2025/12/22 04:48:49 - mmengine - INFO - Iter(val) [32/32]    seg/aAcc: 94.1900  seg/mIoU: 76.1000  seg/mAcc: 87.3800  depth/abs_rel: 0.1260  depth/sq_rel: 0.0034  depth/rmse: 0.0238  depth/rmse_log: 0.1778  depth/d1: 0.8566  depth/d2: 0.9694  depth/d3: 0.9904  data_time: 0.0030  time: 0.0145
2025/12/22 04:49:03 - mmengine - INFO - Iter(train) [ 4200/30000]  base_lr: 3.5502e-04 lr: 3.5502e-04  eta: 0:30:30  time: 0.0697  data_time: 0.0064  memory: 1482  loss: 97.2315  seg.loss_ce: 0.0976  seg.loss_dice: 0.0114  seg.acc_seg: 98.0392  depth.loss_depth_silog: 0.0390  depth.loss_depth_berhu: 0.0038  grad_norm: 2.9970
2025/12/22 04:49:03 - mmengine - INFO - per class results:
2025/12/22 04:49:03 - mmengine - INFO - 
+-------------+-------+-------+
|    Class    |  IoU  |  Acc  |
+-------------+-------+-------+
|  background | 36.86 | 40.03 |
|    chamoe   | 77.04 | 89.36 |
|   heatpipe  | 72.62 | 89.09 |
|     path    | 90.81 | 97.76 |
|    pillar   |  71.4 | 90.18 |
| topdownfarm |  96.5 | 97.91 |
|   unknown   | 86.87 | 98.79 |
+-------------+-------+-------+
2025/12/22 04:49:03 - mmengine - INFO - results:
2025/12/22 04:49:03 - mmengine - INFO - 
+---------+---------+---------+----------+---------+---------+---------+
| abs_rel |  sq_rel |   rmse  | rmse_log |    d1   |    d2   |    d3   |
+---------+---------+---------+----------+---------+---------+---------+
| 0.13333 | 0.00346 | 0.02398 | 0.18163  | 0.83959 | 0.96887 | 0.99076 |
+---------+---------+---------+----------+---------+---------+---------+
2025/12/22 04:49:03 - mmengine - INFO - MTLIterLoggerHook: Validation @ iter 4200 - mIoU=76.0200, abs_rel=0.1333
2025/12/22 04:49:03 - mmengine - INFO - Iter(val) [32/32]    seg/aAcc: 94.6900  seg/mIoU: 76.0200  seg/mAcc: 86.1600  depth/abs_rel: 0.1333  depth/sq_rel: 0.0035  depth/rmse: 0.0240  depth/rmse_log: 0.1816  depth/d1: 0.8396  depth/d2: 0.9689  depth/d3: 0.9908  data_time: 0.0030  time: 0.0145
2025/12/22 04:49:17 - mmengine - INFO - Iter(train) [ 4400/30000]  base_lr: 3.5257e-04 lr: 3.5257e-04  eta: 0:30:14  time: 0.0694  data_time: 0.0063  memory: 1482  loss: 97.7106  seg.loss_ce: 0.0822  seg.loss_dice: 0.0095  seg.acc_seg: 97.9774  depth.loss_depth_silog: 0.0314  depth.loss_depth_berhu: 0.0035  grad_norm: 1.3483
2025/12/22 04:49:17 - mmengine - INFO - per class results:
2025/12/22 04:49:17 - mmengine - INFO - 
+-------------+-------+-------+
|    Class    |  IoU  |  Acc  |
+-------------+-------+-------+
|  background | 45.03 | 52.78 |
|    chamoe   | 77.24 | 89.88 |
|   heatpipe  | 71.09 | 92.77 |
|     path    | 91.12 | 97.08 |
|    pillar   | 73.01 | 83.41 |
| topdownfarm | 96.51 | 97.86 |
|   unknown   | 88.74 | 98.45 |
+-------------+-------+-------+
2025/12/22 04:49:17 - mmengine - INFO - results:
2025/12/22 04:49:17 - mmengine - INFO - 
+---------+---------+---------+----------+---------+---------+---------+
| abs_rel |  sq_rel |   rmse  | rmse_log |    d1   |    d2   |    d3   |
+---------+---------+---------+----------+---------+---------+---------+
| 0.12763 | 0.00355 | 0.02357 | 0.17709  | 0.86109 | 0.96919 | 0.98994 |
+---------+---------+---------+----------+---------+---------+---------+
2025/12/22 04:49:17 - mmengine - INFO - MTLIterLoggerHook: Validation @ iter 4400 - mIoU=77.5300, abs_rel=0.1276
2025/12/22 04:49:17 - mmengine - INFO - Iter(val) [32/32]    seg/aAcc: 94.9900  seg/mIoU: 77.5300  seg/mAcc: 87.4600  depth/abs_rel: 0.1276  depth/sq_rel: 0.0035  depth/rmse: 0.0236  depth/rmse_log: 0.1771  depth/d1: 0.8611  depth/d2: 0.9692  depth/d3: 0.9899  data_time: 0.0030  time: 0.0144
2025/12/22 04:49:31 - mmengine - INFO - Iter(train) [ 4600/30000]  base_lr: 3.5011e-04 lr: 3.5011e-04  eta: 0:29:59  time: 0.0698  data_time: 0.0065  memory: 1482  loss: 97.7242  seg.loss_ce: 0.0811  seg.loss_dice: 0.0094  seg.acc_seg: 97.5411  depth.loss_depth_silog: 0.0336  depth.loss_depth_berhu: 0.0032  grad_norm: 1.5653
2025/12/22 04:49:32 - mmengine - INFO - per class results:
2025/12/22 04:49:32 - mmengine - INFO - 
+-------------+-------+-------+
|    Class    |  IoU  |  Acc  |
+-------------+-------+-------+
|  background | 39.67 | 51.79 |
|    chamoe   | 76.57 | 91.34 |
|   heatpipe  | 72.22 |  92.0 |
|     path    | 91.47 |  97.1 |
|    pillar   | 71.69 | 85.99 |
| topdownfarm |  95.4 | 96.64 |
|   unknown   | 88.05 |  98.1 |
+-------------+-------+-------+
2025/12/22 04:49:32 - mmengine - INFO - results:
2025/12/22 04:49:32 - mmengine - INFO - 
+---------+---------+---------+----------+---------+---------+---------+
| abs_rel |  sq_rel |   rmse  | rmse_log |    d1   |    d2   |    d3   |
+---------+---------+---------+----------+---------+---------+---------+
| 0.12404 | 0.00334 | 0.02344 |  0.1758  | 0.86295 | 0.96945 | 0.99033 |
+---------+---------+---------+----------+---------+---------+---------+
2025/12/22 04:49:32 - mmengine - INFO - MTLIterLoggerHook: Validation @ iter 4600 - mIoU=76.4400, abs_rel=0.1240
2025/12/22 04:49:32 - mmengine - INFO - Iter(val) [32/32]    seg/aAcc: 94.2400  seg/mIoU: 76.4400  seg/mAcc: 87.5700  depth/abs_rel: 0.1240  depth/sq_rel: 0.0033  depth/rmse: 0.0234  depth/rmse_log: 0.1758  depth/d1: 0.8630  depth/d2: 0.9694  depth/d3: 0.9903  data_time: 0.0030  time: 0.0146
2025/12/22 04:49:46 - mmengine - INFO - Iter(train) [ 4800/30000]  base_lr: 3.4766e-04 lr: 3.4766e-04  eta: 0:29:43  time: 0.0698  data_time: 0.0064  memory: 1482  loss: 97.5872  seg.loss_ce: 0.0841  seg.loss_dice: 0.0100  seg.acc_seg: 97.3524  depth.loss_depth_silog: 0.0346  depth.loss_depth_berhu: 0.0037  grad_norm: 1.3316
2025/12/22 04:49:46 - mmengine - INFO - per class results:
2025/12/22 04:49:46 - mmengine - INFO - 
+-------------+-------+-------+
|    Class    |  IoU  |  Acc  |
+-------------+-------+-------+
|  background | 46.16 | 54.36 |
|    chamoe   | 77.34 | 90.68 |
|   heatpipe  | 70.69 |  93.1 |
|     path    | 91.17 | 96.77 |
|    pillar   | 73.47 | 86.78 |
| topdownfarm | 96.54 | 97.89 |
|   unknown   | 89.42 | 97.48 |
+-------------+-------+-------+
2025/12/22 04:49:46 - mmengine - INFO - results:
2025/12/22 04:49:46 - mmengine - INFO - 
+---------+--------+--------+----------+---------+---------+---------+
| abs_rel | sq_rel |  rmse  | rmse_log |    d1   |    d2   |    d3   |
+---------+--------+--------+----------+---------+---------+---------+
| 0.14789 | 0.0038 | 0.0246 | 0.18955  | 0.81816 | 0.96747 | 0.99091 |
+---------+--------+--------+----------+---------+---------+---------+
2025/12/22 04:49:46 - mmengine - INFO - MTLIterLoggerHook: Validation @ iter 4800 - mIoU=77.8300, abs_rel=0.1479
2025/12/22 04:49:46 - mmengine - INFO - Iter(val) [32/32]    seg/aAcc: 95.0600  seg/mIoU: 77.8300  seg/mAcc: 88.1500  depth/abs_rel: 0.1479  depth/sq_rel: 0.0038  depth/rmse: 0.0246  depth/rmse_log: 0.1896  depth/d1: 0.8182  depth/d2: 0.9675  depth/d3: 0.9909  data_time: 0.0030  time: 0.0143
2025/12/22 04:50:00 - mmengine - INFO - Exp name: chamnet_mtl_base_segformer_chamdatav3_20251222_044351
2025/12/22 04:50:00 - mmengine - INFO - Iter(train) [ 5000/30000]  base_lr: 3.4520e-04 lr: 3.4520e-04  eta: 0:29:27  time: 0.0699  data_time: 0.0065  memory: 1482  loss: 97.7246  seg.loss_ce: 0.0813  seg.loss_dice: 0.0094  seg.acc_seg: 97.5281  depth.loss_depth_silog: 0.0325  depth.loss_depth_berhu: 0.0035  grad_norm: 1.2977
2025/12/22 04:50:00 - mmengine - INFO - per class results:
2025/12/22 04:50:00 - mmengine - INFO - 
+-------------+-------+-------+
|    Class    |  IoU  |  Acc  |
+-------------+-------+-------+
|  background | 43.65 | 50.82 |
|    chamoe   | 77.18 |  90.9 |
|   heatpipe  | 70.59 | 93.58 |
|     path    | 91.15 | 97.17 |
|    pillar   |  73.3 | 84.98 |
| topdownfarm | 96.52 | 97.78 |
|   unknown   | 88.05 | 98.12 |
+-------------+-------+-------+
2025/12/22 04:50:01 - mmengine - INFO - results:
2025/12/22 04:50:01 - mmengine - INFO - 
+---------+---------+---------+----------+---------+---------+---------+
| abs_rel |  sq_rel |   rmse  | rmse_log |    d1   |    d2   |    d3   |
+---------+---------+---------+----------+---------+---------+---------+
| 0.12132 | 0.00317 | 0.02336 | 0.17331  | 0.86665 | 0.97091 | 0.99065 |
+---------+---------+---------+----------+---------+---------+---------+
2025/12/22 04:50:01 - mmengine - INFO - MTLIterLoggerHook: Validation @ iter 5000 - mIoU=77.2000, abs_rel=0.1213
2025/12/22 04:50:01 - mmengine - INFO - Iter(val) [32/32]    seg/aAcc: 94.9100  seg/mIoU: 77.2000  seg/mAcc: 87.6200  depth/abs_rel: 0.1213  depth/sq_rel: 0.0032  depth/rmse: 0.0234  depth/rmse_log: 0.1733  depth/d1: 0.8666  depth/d2: 0.9709  depth/d3: 0.9907  data_time: 0.0029  time: 0.0140
2025/12/22 04:50:01 - mmengine - INFO - The previous best checkpoint /workspace/mmsegmentation/work_dirs/chamnet_mtl_manual_1_5_last_ch128_int/best_depth_abs_rel_iter_3000.pth is removed
2025/12/22 04:50:01 - mmengine - INFO - The best checkpoint with 0.1213 depth/abs_rel at 5000 iter is saved to best_depth_abs_rel_iter_5000.pth.
2025/12/22 04:50:15 - mmengine - INFO - Iter(train) [ 5200/30000]  base_lr: 3.4275e-04 lr: 3.4275e-04  eta: 0:29:14  time: 0.0724  data_time: 0.0069  memory: 1482  loss: 97.6700  seg.loss_ce: 0.0814  seg.loss_dice: 0.0095  seg.acc_seg: 97.3037  depth.loss_depth_silog: 0.0307  depth.loss_depth_berhu: 0.0035  grad_norm: 1.2834
2025/12/22 04:50:15 - mmengine - INFO - per class results:
2025/12/22 04:50:15 - mmengine - INFO - 
+-------------+-------+-------+
|    Class    |  IoU  |  Acc  |
+-------------+-------+-------+
|  background | 43.48 | 51.51 |
|    chamoe   | 77.59 | 89.34 |
|   heatpipe  | 71.44 | 93.42 |
|     path    | 91.34 | 96.71 |
|    pillar   | 74.54 | 85.76 |
| topdownfarm | 96.53 | 97.99 |
|   unknown   | 88.26 | 97.91 |
+-------------+-------+-------+
2025/12/22 04:50:15 - mmengine - INFO - results:
2025/12/22 04:50:15 - mmengine - INFO - 
+---------+---------+---------+----------+---------+---------+---------+
| abs_rel |  sq_rel |   rmse  | rmse_log |    d1   |    d2   |    d3   |
+---------+---------+---------+----------+---------+---------+---------+
| 0.13594 | 0.00367 | 0.02369 | 0.17943  | 0.85513 | 0.96927 | 0.99035 |
+---------+---------+---------+----------+---------+---------+---------+
2025/12/22 04:50:15 - mmengine - INFO - MTLIterLoggerHook: Validation @ iter 5200 - mIoU=77.6000, abs_rel=0.1359
2025/12/22 04:50:15 - mmengine - INFO - Iter(val) [32/32]    seg/aAcc: 94.9700  seg/mIoU: 77.6000  seg/mAcc: 87.5200  depth/abs_rel: 0.1359  depth/sq_rel: 0.0037  depth/rmse: 0.0237  depth/rmse_log: 0.1794  depth/d1: 0.8551  depth/d2: 0.9693  depth/d3: 0.9903  data_time: 0.0029  time: 0.0143
2025/12/22 04:50:29 - mmengine - INFO - Iter(train) [ 5400/30000]  base_lr: 3.4029e-04 lr: 3.4029e-04  eta: 0:29:00  time: 0.0686  data_time: 0.0062  memory: 1482  loss: 97.8313  seg.loss_ce: 0.0763  seg.loss_dice: 0.0089  seg.acc_seg: 97.1533  depth.loss_depth_silog: 0.0288  depth.loss_depth_berhu: 0.0032  grad_norm: 1.2940
2025/12/22 04:50:30 - mmengine - INFO - per class results:
2025/12/22 04:50:30 - mmengine - INFO - 
+-------------+-------+-------+
|    Class    |  IoU  |  Acc  |
+-------------+-------+-------+
|  background | 44.23 | 51.58 |
|    chamoe   | 76.59 | 92.11 |
|   heatpipe  | 72.34 | 92.43 |
|     path    |  91.4 | 96.82 |
|    pillar   | 74.12 | 87.88 |
| topdownfarm | 96.55 | 97.72 |
|   unknown   | 88.22 | 98.38 |
+-------------+-------+-------+
2025/12/22 04:50:30 - mmengine - INFO - results:
2025/12/22 04:50:30 - mmengine - INFO - 
+---------+---------+---------+----------+---------+---------+---------+
| abs_rel |  sq_rel |   rmse  | rmse_log |    d1   |    d2   |    d3   |
+---------+---------+---------+----------+---------+---------+---------+
| 0.12806 | 0.00338 | 0.02322 | 0.17511  | 0.85758 | 0.97053 | 0.99081 |
+---------+---------+---------+----------+---------+---------+---------+
2025/12/22 04:50:30 - mmengine - INFO - MTLIterLoggerHook: Validation @ iter 5400 - mIoU=77.6300, abs_rel=0.1281
2025/12/22 04:50:30 - mmengine - INFO - Iter(val) [32/32]    seg/aAcc: 94.9800  seg/mIoU: 77.6300  seg/mAcc: 88.1300  depth/abs_rel: 0.1281  depth/sq_rel: 0.0034  depth/rmse: 0.0232  depth/rmse_log: 0.1751  depth/d1: 0.8576  depth/d2: 0.9705  depth/d3: 0.9908  data_time: 0.0029  time: 0.0142
2025/12/22 04:50:44 - mmengine - INFO - Iter(train) [ 5600/30000]  base_lr: 3.3783e-04 lr: 3.3783e-04  eta: 0:28:44  time: 0.0692  data_time: 0.0063  memory: 1482  loss: 97.6315  seg.loss_ce: 0.0885  seg.loss_dice: 0.0098  seg.acc_seg: 97.5622  depth.loss_depth_silog: 0.0332  depth.loss_depth_berhu: 0.0033  grad_norm: inf
2025/12/22 04:50:44 - mmengine - INFO - per class results:
2025/12/22 04:50:44 - mmengine - INFO - 
+-------------+-------+-------+
|    Class    |  IoU  |  Acc  |
+-------------+-------+-------+
|  background | 42.42 | 47.56 |
|    chamoe   |  76.4 | 92.18 |
|   heatpipe  | 73.71 | 91.17 |
|     path    | 91.43 | 97.36 |
|    pillar   |  74.1 | 90.09 |
| topdownfarm | 96.59 | 97.93 |
|   unknown   | 88.12 | 97.85 |
+-------------+-------+-------+
2025/12/22 04:50:44 - mmengine - INFO - results:
2025/12/22 04:50:44 - mmengine - INFO - 
+---------+---------+---------+----------+---------+---------+---------+
| abs_rel |  sq_rel |   rmse  | rmse_log |    d1   |    d2   |    d3   |
+---------+---------+---------+----------+---------+---------+---------+
| 0.12372 | 0.00318 | 0.02416 | 0.17856  | 0.85758 | 0.97035 | 0.99029 |
+---------+---------+---------+----------+---------+---------+---------+
2025/12/22 04:50:44 - mmengine - INFO - MTLIterLoggerHook: Validation @ iter 5600 - mIoU=77.5400, abs_rel=0.1237
2025/12/22 04:50:44 - mmengine - INFO - Iter(val) [32/32]    seg/aAcc: 95.0000  seg/mIoU: 77.5400  seg/mAcc: 87.7300  depth/abs_rel: 0.1237  depth/sq_rel: 0.0032  depth/rmse: 0.0242  depth/rmse_log: 0.1786  depth/d1: 0.8576  depth/d2: 0.9703  depth/d3: 0.9903  data_time: 0.0028  time: 0.0144
2025/12/22 04:50:58 - mmengine - INFO - Iter(train) [ 5800/30000]  base_lr: 3.3536e-04 lr: 3.3536e-04  eta: 0:28:28  time: 0.0691  data_time: 0.0064  memory: 1482  loss: 97.6315  seg.loss_ce: 0.0828  seg.loss_dice: 0.0097  seg.acc_seg: 96.9608  depth.loss_depth_silog: 0.0286  depth.loss_depth_berhu: 0.0035  grad_norm: 1.2579
2025/12/22 04:50:58 - mmengine - INFO - per class results:
2025/12/22 04:50:58 - mmengine - INFO - 
+-------------+-------+-------+
|    Class    |  IoU  |  Acc  |
+-------------+-------+-------+
|  background | 43.58 | 51.99 |
|    chamoe   |  77.0 | 89.97 |
|   heatpipe  | 72.51 | 92.43 |
|     path    |  91.4 | 96.95 |
|    pillar   | 73.92 | 84.27 |
| topdownfarm | 96.57 | 97.85 |
|   unknown   | 87.69 | 98.27 |
+-------------+-------+-------+
2025/12/22 04:50:58 - mmengine - INFO - results:
2025/12/22 04:50:58 - mmengine - INFO - 
+---------+---------+---------+----------+---------+---------+---------+
| abs_rel |  sq_rel |   rmse  | rmse_log |    d1   |    d2   |    d3   |
+---------+---------+---------+----------+---------+---------+---------+
|  0.1233 | 0.00353 | 0.02382 | 0.17415  | 0.86848 | 0.96911 | 0.99034 |
+---------+---------+---------+----------+---------+---------+---------+
2025/12/22 04:50:58 - mmengine - INFO - MTLIterLoggerHook: Validation @ iter 5800 - mIoU=77.5200, abs_rel=0.1233
2025/12/22 04:50:58 - mmengine - INFO - Iter(val) [32/32]    seg/aAcc: 94.9300  seg/mIoU: 77.5200  seg/mAcc: 87.3900  depth/abs_rel: 0.1233  depth/sq_rel: 0.0035  depth/rmse: 0.0238  depth/rmse_log: 0.1742  depth/d1: 0.8685  depth/d2: 0.9691  depth/d3: 0.9903  data_time: 0.0029  time: 0.0140
2025/12/22 04:51:12 - mmengine - INFO - Exp name: chamnet_mtl_base_segformer_chamdatav3_20251222_044351
2025/12/22 04:51:12 - mmengine - INFO - Iter(train) [ 6000/30000]  base_lr: 3.3290e-04 lr: 3.3290e-04  eta: 0:28:13  time: 0.0691  data_time: 0.0063  memory: 1482  loss: 97.7299  seg.loss_ce: 0.0813  seg.loss_dice: 0.0094  seg.acc_seg: 97.0485  depth.loss_depth_silog: 0.0316  depth.loss_depth_berhu: 0.0033  grad_norm: 1.2572
2025/12/22 04:51:13 - mmengine - INFO - per class results:
2025/12/22 04:51:13 - mmengine - INFO - 
+-------------+-------+-------+
|    Class    |  IoU  |  Acc  |
+-------------+-------+-------+
|  background | 42.98 | 50.73 |
|    chamoe   | 77.06 | 90.43 |
|   heatpipe  | 72.76 | 92.44 |
|     path    | 91.25 |  96.9 |
|    pillar   | 74.57 | 88.44 |
| topdownfarm | 96.56 | 97.71 |
|   unknown   | 87.62 | 98.36 |
+-------------+-------+-------+
2025/12/22 04:51:13 - mmengine - INFO - results:
2025/12/22 04:51:13 - mmengine - INFO - 
+---------+---------+---------+----------+---------+---------+---------+
| abs_rel |  sq_rel |   rmse  | rmse_log |    d1   |    d2   |    d3   |
+---------+---------+---------+----------+---------+---------+---------+
| 0.11953 | 0.00317 | 0.02321 | 0.17629  | 0.86512 | 0.96987 | 0.99022 |
+---------+---------+---------+----------+---------+---------+---------+
2025/12/22 04:51:13 - mmengine - INFO - MTLIterLoggerHook: Validation @ iter 6000 - mIoU=77.5400, abs_rel=0.1195
2025/12/22 04:51:13 - mmengine - INFO - Iter(val) [32/32]    seg/aAcc: 94.9100  seg/mIoU: 77.5400  seg/mAcc: 87.8600  depth/abs_rel: 0.1195  depth/sq_rel: 0.0032  depth/rmse: 0.0232  depth/rmse_log: 0.1763  depth/d1: 0.8651  depth/d2: 0.9699  depth/d3: 0.9902  data_time: 0.0029  time: 0.0141
2025/12/22 04:51:13 - mmengine - INFO - The previous best checkpoint /workspace/mmsegmentation/work_dirs/chamnet_mtl_manual_1_5_last_ch128_int/best_depth_abs_rel_iter_5000.pth is removed
2025/12/22 04:51:13 - mmengine - INFO - The best checkpoint with 0.1195 depth/abs_rel at 6000 iter is saved to best_depth_abs_rel_iter_6000.pth.
2025/12/22 04:51:27 - mmengine - INFO - Iter(train) [ 6200/30000]  base_lr: 3.3043e-04 lr: 3.3043e-04  eta: 0:27:59  time: 0.0740  data_time: 0.0072  memory: 1482  loss: 97.8785  seg.loss_ce: 0.0717  seg.loss_dice: 0.0086  seg.acc_seg: 97.1610  depth.loss_depth_silog: 0.0282  depth.loss_depth_berhu: 0.0031  grad_norm: 1.0930
2025/12/22 04:51:27 - mmengine - INFO - per class results:
2025/12/22 04:51:27 - mmengine - INFO - 
+-------------+-------+-------+
|    Class    |  IoU  |  Acc  |
+-------------+-------+-------+
|  background | 44.35 | 51.44 |
|    chamoe   | 76.14 | 91.98 |
|   heatpipe  | 74.13 | 91.03 |
|     path    | 91.45 | 97.49 |
|    pillar   | 74.31 | 87.09 |
| topdownfarm | 96.48 | 97.76 |
|   unknown   | 88.48 | 97.96 |
+-------------+-------+-------+
2025/12/22 04:51:27 - mmengine - INFO - results:
2025/12/22 04:51:27 - mmengine - INFO - 
+---------+---------+---------+----------+---------+---------+---------+
| abs_rel |  sq_rel |   rmse  | rmse_log |    d1   |    d2   |    d3   |
+---------+---------+---------+----------+---------+---------+---------+
| 0.12065 | 0.00313 | 0.02323 | 0.17137  | 0.86628 | 0.97248 | 0.99137 |
+---------+---------+---------+----------+---------+---------+---------+
2025/12/22 04:51:27 - mmengine - INFO - MTLIterLoggerHook: Validation @ iter 6200 - mIoU=77.9100, abs_rel=0.1206
2025/12/22 04:51:27 - mmengine - INFO - Iter(val) [32/32]    seg/aAcc: 95.0100  seg/mIoU: 77.9100  seg/mAcc: 87.8200  depth/abs_rel: 0.1206  depth/sq_rel: 0.0031  depth/rmse: 0.0232  depth/rmse_log: 0.1714  depth/d1: 0.8663  depth/d2: 0.9725  depth/d3: 0.9914  data_time: 0.0030  time: 0.0145
2025/12/22 04:51:41 - mmengine - INFO - Iter(train) [ 6400/30000]  base_lr: 3.2796e-04 lr: 3.2796e-04  eta: 0:27:45  time: 0.0688  data_time: 0.0062  memory: 1482  loss: 97.9162  seg.loss_ce: 0.0745  seg.loss_dice: 0.0086  seg.acc_seg: 96.8438  depth.loss_depth_silog: 0.0316  depth.loss_depth_berhu: 0.0032  grad_norm: 1.0126
2025/12/22 04:51:42 - mmengine - INFO - per class results:
2025/12/22 04:51:42 - mmengine - INFO - 
+-------------+-------+-------+
|    Class    |  IoU  |  Acc  |
+-------------+-------+-------+
|  background | 44.32 | 52.27 |
|    chamoe   |  77.2 | 89.42 |
|   heatpipe  | 71.48 | 94.13 |
|     path    |  91.2 | 96.65 |
|    pillar   | 74.45 | 89.36 |
| topdownfarm | 96.53 | 97.83 |
|   unknown   | 88.53 | 97.58 |
+-------------+-------+-------+
2025/12/22 04:51:42 - mmengine - INFO - results:
2025/12/22 04:51:42 - mmengine - INFO - 
+---------+---------+---------+----------+---------+---------+---------+
| abs_rel |  sq_rel |   rmse  | rmse_log |    d1   |    d2   |    d3   |
+---------+---------+---------+----------+---------+---------+---------+
| 0.12101 | 0.00312 | 0.02319 | 0.17167  | 0.86604 | 0.97154 | 0.99138 |
+---------+---------+---------+----------+---------+---------+---------+
2025/12/22 04:51:42 - mmengine - INFO - MTLIterLoggerHook: Validation @ iter 6400 - mIoU=77.6700, abs_rel=0.1210
2025/12/22 04:51:42 - mmengine - INFO - Iter(val) [32/32]    seg/aAcc: 94.9800  seg/mIoU: 77.6700  seg/mAcc: 88.1800  depth/abs_rel: 0.1210  depth/sq_rel: 0.0031  depth/rmse: 0.0232  depth/rmse_log: 0.1717  depth/d1: 0.8660  depth/d2: 0.9715  depth/d3: 0.9914  data_time: 0.0029  time: 0.0141
2025/12/22 04:51:56 - mmengine - INFO - Iter(train) [ 6600/30000]  base_lr: 3.2549e-04 lr: 3.2549e-04  eta: 0:27:30  time: 0.0686  data_time: 0.0062  memory: 1482  loss: 98.0846  seg.loss_ce: 0.0720  seg.loss_dice: 0.0080  seg.acc_seg: 97.9339  depth.loss_depth_silog: 0.0303  depth.loss_depth_berhu: 0.0034  grad_norm: 1.3318
2025/12/22 04:51:56 - mmengine - INFO - per class results:
2025/12/22 04:51:56 - mmengine - INFO - 
+-------------+-------+-------+
|    Class    |  IoU  |  Acc  |
+-------------+-------+-------+
|  background | 41.52 | 47.72 |
|    chamoe   | 77.16 | 89.41 |
|   heatpipe  |  72.9 | 92.68 |
|     path    | 91.32 | 97.12 |
|    pillar   |  74.4 | 87.29 |
| topdownfarm | 96.59 | 97.92 |
|   unknown   | 87.23 | 98.61 |
+-------------+-------+-------+
2025/12/22 04:51:56 - mmengine - INFO - results:
2025/12/22 04:51:56 - mmengine - INFO - 
+---------+---------+--------+----------+---------+---------+---------+
| abs_rel |  sq_rel |  rmse  | rmse_log |    d1   |    d2   |    d3   |
+---------+---------+--------+----------+---------+---------+---------+
| 0.12279 | 0.00343 | 0.0237 | 0.17395  | 0.86637 | 0.97085 | 0.99071 |
+---------+---------+--------+----------+---------+---------+---------+
2025/12/22 04:51:56 - mmengine - INFO - MTLIterLoggerHook: Validation @ iter 6600 - mIoU=77.3000, abs_rel=0.1228
2025/12/22 04:51:56 - mmengine - INFO - Iter(val) [32/32]    seg/aAcc: 94.9100  seg/mIoU: 77.3000  seg/mAcc: 87.2500  depth/abs_rel: 0.1228  depth/sq_rel: 0.0034  depth/rmse: 0.0237  depth/rmse_log: 0.1739  depth/d1: 0.8664  depth/d2: 0.9709  depth/d3: 0.9907  data_time: 0.0029  time: 0.0141
2025/12/22 04:52:10 - mmengine - INFO - Iter(train) [ 6800/30000]  base_lr: 3.2301e-04 lr: 3.2301e-04  eta: 0:27:15  time: 0.0698  data_time: 0.0063  memory: 1482  loss: 97.8661  seg.loss_ce: 0.0745  seg.loss_dice: 0.0088  seg.acc_seg: 97.2412  depth.loss_depth_silog: 0.0306  depth.loss_depth_berhu: 0.0033  grad_norm: 1.3909
2025/12/22 04:52:10 - mmengine - INFO - per class results:
2025/12/22 04:52:10 - mmengine - INFO - 
+-------------+-------+-------+
|    Class    |  IoU  |  Acc  |
+-------------+-------+-------+
|  background | 41.89 |  48.2 |
|    chamoe   | 77.26 | 89.14 |
|   heatpipe  | 73.91 | 91.19 |
|     path    | 90.89 | 97.75 |
|    pillar   | 73.87 | 87.23 |
| topdownfarm | 96.58 | 97.73 |
|   unknown   | 87.39 | 98.73 |
+-------------+-------+-------+
2025/12/22 04:52:10 - mmengine - INFO - results:
2025/12/22 04:52:10 - mmengine - INFO - 
+---------+---------+---------+----------+---------+---------+---------+
| abs_rel |  sq_rel |   rmse  | rmse_log |    d1   |    d2   |    d3   |
+---------+---------+---------+----------+---------+---------+---------+
| 0.12452 | 0.00337 | 0.02337 | 0.17532  | 0.86635 | 0.97103 | 0.99042 |
+---------+---------+---------+----------+---------+---------+---------+
2025/12/22 04:52:10 - mmengine - INFO - MTLIterLoggerHook: Validation @ iter 6800 - mIoU=77.4000, abs_rel=0.1245
2025/12/22 04:52:10 - mmengine - INFO - Iter(val) [32/32]    seg/aAcc: 94.8900  seg/mIoU: 77.4000  seg/mAcc: 87.1400  depth/abs_rel: 0.1245  depth/sq_rel: 0.0034  depth/rmse: 0.0234  depth/rmse_log: 0.1753  depth/d1: 0.8663  depth/d2: 0.9710  depth/d3: 0.9904  data_time: 0.0028  time: 0.0144
2025/12/22 04:52:24 - mmengine - INFO - Exp name: chamnet_mtl_base_segformer_chamdatav3_20251222_044351
2025/12/22 04:52:24 - mmengine - INFO - Iter(train) [ 7000/30000]  base_lr: 3.2054e-04 lr: 3.2054e-04  eta: 0:26:59  time: 0.0688  data_time: 0.0062  memory: 1482  loss: 97.7261  seg.loss_ce: 0.0767  seg.loss_dice: 0.0092  seg.acc_seg: 97.2213  depth.loss_depth_silog: 0.0273  depth.loss_depth_berhu: 0.0031  grad_norm: 1.1265
2025/12/22 04:52:25 - mmengine - INFO - per class results:
2025/12/22 04:52:25 - mmengine - INFO - 
+-------------+-------+-------+
|    Class    |  IoU  |  Acc  |
+-------------+-------+-------+
|  background | 42.43 | 48.41 |
|    chamoe   | 76.82 | 91.56 |
|   heatpipe  |  73.1 |  92.4 |
|     path    | 91.28 | 97.25 |
|    pillar   | 74.27 | 89.37 |
| topdownfarm | 96.59 |  97.8 |
|   unknown   | 87.85 | 98.21 |
+-------------+-------+-------+
2025/12/22 04:52:25 - mmengine - INFO - results:
2025/12/22 04:52:25 - mmengine - INFO - 
+---------+---------+---------+----------+---------+---------+---------+
| abs_rel |  sq_rel |   rmse  | rmse_log |    d1   |    d2   |    d3   |
+---------+---------+---------+----------+---------+---------+---------+
| 0.11731 | 0.00308 | 0.02358 | 0.17128  | 0.87266 | 0.97172 | 0.99082 |
+---------+---------+---------+----------+---------+---------+---------+
2025/12/22 04:52:25 - mmengine - INFO - MTLIterLoggerHook: Validation @ iter 7000 - mIoU=77.4800, abs_rel=0.1173
2025/12/22 04:52:25 - mmengine - INFO - Iter(val) [32/32]    seg/aAcc: 94.9600  seg/mIoU: 77.4800  seg/mAcc: 87.8600  depth/abs_rel: 0.1173  depth/sq_rel: 0.0031  depth/rmse: 0.0236  depth/rmse_log: 0.1713  depth/d1: 0.8727  depth/d2: 0.9717  depth/d3: 0.9908  data_time: 0.0028  time: 0.0139
2025/12/22 04:52:25 - mmengine - INFO - The previous best checkpoint /workspace/mmsegmentation/work_dirs/chamnet_mtl_manual_1_5_last_ch128_int/best_depth_abs_rel_iter_6000.pth is removed
2025/12/22 04:52:25 - mmengine - INFO - The best checkpoint with 0.1173 depth/abs_rel at 7000 iter is saved to best_depth_abs_rel_iter_7000.pth.
2025/12/22 04:52:39 - mmengine - INFO - Iter(train) [ 7200/30000]  base_lr: 3.1806e-04 lr: 3.1806e-04  eta: 0:26:45  time: 0.0691  data_time: 0.0062  memory: 1482  loss: 97.9982  seg.loss_ce: 0.0749  seg.loss_dice: 0.0083  seg.acc_seg: 97.3637  depth.loss_depth_silog: 0.0292  depth.loss_depth_berhu: 0.0032  grad_norm: 1.3372
2025/12/22 04:52:39 - mmengine - INFO - per class results:
2025/12/22 04:52:39 - mmengine - INFO - 
+-------------+-------+-------+
|    Class    |  IoU  |  Acc  |
+-------------+-------+-------+
|  background | 44.01 | 51.49 |
|    chamoe   | 76.73 | 91.58 |
|   heatpipe  | 72.51 | 93.22 |
|     path    | 91.44 | 96.79 |
|    pillar   | 74.66 | 88.18 |
| topdownfarm | 96.58 | 97.81 |
|   unknown   | 88.02 | 97.95 |
+-------------+-------+-------+
2025/12/22 04:52:39 - mmengine - INFO - results:
2025/12/22 04:52:39 - mmengine - INFO - 
+---------+---------+---------+----------+---------+--------+---------+
| abs_rel |  sq_rel |   rmse  | rmse_log |    d1   |   d2   |    d3   |
+---------+---------+---------+----------+---------+--------+---------+
| 0.12434 | 0.00329 | 0.02313 | 0.17613  | 0.85904 | 0.9705 | 0.99075 |
+---------+---------+---------+----------+---------+--------+---------+
2025/12/22 04:52:39 - mmengine - INFO - MTLIterLoggerHook: Validation @ iter 7200 - mIoU=77.7100, abs_rel=0.1243
2025/12/22 04:52:39 - mmengine - INFO - Iter(val) [32/32]    seg/aAcc: 94.9900  seg/mIoU: 77.7100  seg/mAcc: 88.1400  depth/abs_rel: 0.1243  depth/sq_rel: 0.0033  depth/rmse: 0.0231  depth/rmse_log: 0.1761  depth/d1: 0.8590  depth/d2: 0.9705  depth/d3: 0.9908  data_time: 0.0030  time: 0.0142
2025/12/22 04:52:53 - mmengine - INFO - Iter(train) [ 7400/30000]  base_lr: 3.1558e-04 lr: 3.1558e-04  eta: 0:26:30  time: 0.0701  data_time: 0.0065  memory: 1482  loss: 97.8067  seg.loss_ce: 0.0790  seg.loss_dice: 0.0090  seg.acc_seg: 97.7505  depth.loss_depth_silog: 0.0280  depth.loss_depth_berhu: 0.0030  grad_norm: 1.0521
2025/12/22 04:52:53 - mmengine - INFO - per class results:
2025/12/22 04:52:53 - mmengine - INFO - 
+-------------+-------+-------+
|    Class    |  IoU  |  Acc  |
+-------------+-------+-------+
|  background | 44.24 | 51.46 |
|    chamoe   | 76.81 | 91.52 |
|   heatpipe  | 72.61 | 92.86 |
|     path    | 91.38 | 96.89 |
|    pillar   | 74.28 | 88.83 |
| topdownfarm | 96.58 | 97.77 |
|   unknown   | 88.22 | 98.04 |
+-------------+-------+-------+
2025/12/22 04:52:53 - mmengine - INFO - results:
2025/12/22 04:52:53 - mmengine - INFO - 
+---------+---------+---------+----------+---------+---------+---------+
| abs_rel |  sq_rel |   rmse  | rmse_log |    d1   |    d2   |    d3   |
+---------+---------+---------+----------+---------+---------+---------+
| 0.12228 | 0.00327 | 0.02304 | 0.17162  | 0.86627 | 0.97178 | 0.99112 |
+---------+---------+---------+----------+---------+---------+---------+
2025/12/22 04:52:53 - mmengine - INFO - MTLIterLoggerHook: Validation @ iter 7400 - mIoU=77.7300, abs_rel=0.1223
2025/12/22 04:52:53 - mmengine - INFO - Iter(val) [32/32]    seg/aAcc: 95.0100  seg/mIoU: 77.7300  seg/mAcc: 88.2000  depth/abs_rel: 0.1223  depth/sq_rel: 0.0033  depth/rmse: 0.0230  depth/rmse_log: 0.1716  depth/d1: 0.8663  depth/d2: 0.9718  depth/d3: 0.9911  data_time: 0.0029  time: 0.0142
2025/12/22 04:53:07 - mmengine - INFO - Iter(train) [ 7600/30000]  base_lr: 3.1309e-04 lr: 3.1309e-04  eta: 0:26:16  time: 0.0699  data_time: 0.0064  memory: 1482  loss: 98.0339  seg.loss_ce: 0.0714  seg.loss_dice: 0.0082  seg.acc_seg: 98.1802  depth.loss_depth_silog: 0.0284  depth.loss_depth_berhu: 0.0031  grad_norm: 1.2752
2025/12/22 04:53:08 - mmengine - INFO - per class results:
2025/12/22 04:53:08 - mmengine - INFO - 
+-------------+-------+-------+
|    Class    |  IoU  |  Acc  |
+-------------+-------+-------+
|  background | 43.87 | 50.23 |
|    chamoe   | 77.57 | 88.24 |
|   heatpipe  | 72.86 | 92.08 |
|     path    |  91.2 | 97.31 |
|    pillar   | 74.58 | 87.35 |
| topdownfarm |  96.7 | 98.11 |
|   unknown   | 88.11 | 97.95 |
+-------------+-------+-------+
2025/12/22 04:53:08 - mmengine - INFO - results:
2025/12/22 04:53:08 - mmengine - INFO - 
+---------+---------+---------+----------+---------+---------+---------+
| abs_rel |  sq_rel |   rmse  | rmse_log |    d1   |    d2   |    d3   |
+---------+---------+---------+----------+---------+---------+---------+
| 0.12201 | 0.00346 | 0.02357 | 0.17508  | 0.86302 | 0.97093 | 0.99082 |
+---------+---------+---------+----------+---------+---------+---------+
2025/12/22 04:53:08 - mmengine - INFO - MTLIterLoggerHook: Validation @ iter 7600 - mIoU=77.8400, abs_rel=0.1220
2025/12/22 04:53:08 - mmengine - INFO - Iter(val) [32/32]    seg/aAcc: 95.0800  seg/mIoU: 77.8400  seg/mAcc: 87.3200  depth/abs_rel: 0.1220  depth/sq_rel: 0.0035  depth/rmse: 0.0236  depth/rmse_log: 0.1751  depth/d1: 0.8630  depth/d2: 0.9709  depth/d3: 0.9908  data_time: 0.0029  time: 0.0144
2025/12/22 04:53:22 - mmengine - INFO - Iter(train) [ 7800/30000]  base_lr: 3.1061e-04 lr: 3.1061e-04  eta: 0:26:01  time: 0.0690  data_time: 0.0063  memory: 1482  loss: 97.9791  seg.loss_ce: 0.0701  seg.loss_dice: 0.0082  seg.acc_seg: 97.6296  depth.loss_depth_silog: 0.0251  depth.loss_depth_berhu: 0.0032  grad_norm: 1.0443
2025/12/22 04:53:22 - mmengine - INFO - per class results:
2025/12/22 04:53:22 - mmengine - INFO - 
+-------------+-------+-------+
|    Class    |  IoU  |  Acc  |
+-------------+-------+-------+
|  background | 40.91 | 47.62 |
|    chamoe   | 77.06 | 91.06 |
|   heatpipe  | 74.24 | 90.45 |
|     path    | 91.28 | 97.69 |
|    pillar   | 73.84 | 84.64 |
| topdownfarm | 96.46 | 97.61 |
|   unknown   | 86.48 | 99.16 |
+-------------+-------+-------+
2025/12/22 04:53:22 - mmengine - INFO - results:
2025/12/22 04:53:22 - mmengine - INFO - 
+---------+---------+---------+----------+------+---------+--------+
| abs_rel |  sq_rel |   rmse  | rmse_log |  d1  |    d2   |   d3   |
+---------+---------+---------+----------+------+---------+--------+
| 0.12027 | 0.00329 | 0.02276 | 0.17082  | 0.87 | 0.97205 | 0.9911 |
+---------+---------+---------+----------+------+---------+--------+
2025/12/22 04:53:22 - mmengine - INFO - MTLIterLoggerHook: Validation @ iter 7800 - mIoU=77.1800, abs_rel=0.1203
2025/12/22 04:53:22 - mmengine - INFO - Iter(val) [32/32]    seg/aAcc: 94.7900  seg/mIoU: 77.1800  seg/mAcc: 86.8900  depth/abs_rel: 0.1203  depth/sq_rel: 0.0033  depth/rmse: 0.0228  depth/rmse_log: 0.1708  depth/d1: 0.8700  depth/d2: 0.9720  depth/d3: 0.9911  data_time: 0.0030  time: 0.0146
2025/12/22 04:53:36 - mmengine - INFO - Exp name: chamnet_mtl_base_segformer_chamdatav3_20251222_044351
2025/12/22 04:53:36 - mmengine - INFO - Iter(train) [ 8000/30000]  base_lr: 3.0812e-04 lr: 3.0812e-04  eta: 0:25:47  time: 0.0692  data_time: 0.0062  memory: 1482  loss: 98.0270  seg.loss_ce: 0.0717  seg.loss_dice: 0.0082  seg.acc_seg: 98.4159  depth.loss_depth_silog: 0.0310  depth.loss_depth_berhu: 0.0033  grad_norm: 1.1339
2025/12/22 04:53:36 - mmengine - INFO - per class results:
2025/12/22 04:53:36 - mmengine - INFO - 
+-------------+-------+-------+
|    Class    |  IoU  |  Acc  |
+-------------+-------+-------+
|  background | 43.65 | 52.01 |
|    chamoe   | 76.98 | 90.81 |
|   heatpipe  | 73.26 | 92.67 |
|     path    |  91.5 | 96.88 |
|    pillar   | 75.03 | 89.44 |
| topdownfarm | 96.48 | 97.68 |
|   unknown   |  88.1 | 97.94 |
+-------------+-------+-------+
2025/12/22 04:53:37 - mmengine - INFO - results:
2025/12/22 04:53:37 - mmengine - INFO - 
+---------+---------+---------+----------+---------+---------+---------+
| abs_rel |  sq_rel |   rmse  | rmse_log |    d1   |    d2   |    d3   |
+---------+---------+---------+----------+---------+---------+---------+
| 0.12098 | 0.00314 | 0.02288 | 0.17122  | 0.86378 | 0.97258 | 0.99161 |
+---------+---------+---------+----------+---------+---------+---------+
2025/12/22 04:53:37 - mmengine - INFO - MTLIterLoggerHook: Validation @ iter 8000 - mIoU=77.8600, abs_rel=0.1210
2025/12/22 04:53:37 - mmengine - INFO - Iter(val) [32/32]    seg/aAcc: 94.9500  seg/mIoU: 77.8600  seg/mAcc: 88.2100  depth/abs_rel: 0.1210  depth/sq_rel: 0.0031  depth/rmse: 0.0229  depth/rmse_log: 0.1712  depth/d1: 0.8638  depth/d2: 0.9726  depth/d3: 0.9916  data_time: 0.0030  time: 0.0143
2025/12/22 04:53:50 - mmengine - INFO - Iter(train) [ 8200/30000]  base_lr: 3.0563e-04 lr: 3.0563e-04  eta: 0:25:32  time: 0.0686  data_time: 0.0061  memory: 1482  loss: 98.1576  seg.loss_ce: 0.0632  seg.loss_dice: 0.0075  seg.acc_seg: 97.5697  depth.loss_depth_silog: 0.0273  depth.loss_depth_berhu: 0.0028  grad_norm: 1.5049
2025/12/22 04:53:51 - mmengine - INFO - per class results:
2025/12/22 04:53:51 - mmengine - INFO - 
+-------------+-------+-------+
|    Class    |  IoU  |  Acc  |
+-------------+-------+-------+
|  background | 43.53 | 50.03 |
|    chamoe   |  77.5 | 89.48 |
|   heatpipe  | 72.73 | 93.43 |
|     path    | 91.34 | 96.95 |
|    pillar   |  74.4 | 86.88 |
| topdownfarm | 96.64 | 98.02 |
|   unknown   | 87.82 | 98.25 |
+-------------+-------+-------+
2025/12/22 04:53:51 - mmengine - INFO - results:
2025/12/22 04:53:51 - mmengine - INFO - 
+---------+--------+---------+----------+---------+---------+---------+
| abs_rel | sq_rel |   rmse  | rmse_log |    d1   |    d2   |    d3   |
+---------+--------+---------+----------+---------+---------+---------+
| 0.12016 | 0.0033 | 0.02312 | 0.17138  | 0.87264 | 0.97143 | 0.99091 |
+---------+--------+---------+----------+---------+---------+---------+
2025/12/22 04:53:51 - mmengine - INFO - MTLIterLoggerHook: Validation @ iter 8200 - mIoU=77.7100, abs_rel=0.1202
2025/12/22 04:53:51 - mmengine - INFO - Iter(val) [32/32]    seg/aAcc: 95.0200  seg/mIoU: 77.7100  seg/mAcc: 87.5800  depth/abs_rel: 0.1202  depth/sq_rel: 0.0033  depth/rmse: 0.0231  depth/rmse_log: 0.1714  depth/d1: 0.8726  depth/d2: 0.9714  depth/d3: 0.9909  data_time: 0.0031  time: 0.0155
2025/12/22 04:54:05 - mmengine - INFO - Iter(train) [ 8400/30000]  base_lr: 3.0314e-04 lr: 3.0314e-04  eta: 0:25:18  time: 0.0698  data_time: 0.0062  memory: 1482  loss: 98.1201  seg.loss_ce: 0.0661  seg.loss_dice: 0.0077  seg.acc_seg: 98.1083  depth.loss_depth_silog: 0.0236  depth.loss_depth_berhu: 0.0031  grad_norm: 0.9340
2025/12/22 04:54:05 - mmengine - INFO - per class results:
2025/12/22 04:54:05 - mmengine - INFO - 
+-------------+-------+-------+
|    Class    |  IoU  |  Acc  |
+-------------+-------+-------+
|  background |  42.4 | 48.85 |
|    chamoe   | 77.09 | 89.79 |
|   heatpipe  | 72.88 | 93.05 |
|     path    | 91.16 | 97.22 |
|    pillar   | 74.96 | 86.73 |
| topdownfarm | 96.63 | 97.83 |
|   unknown   | 87.17 | 98.78 |
+-------------+-------+-------+
2025/12/22 04:54:05 - mmengine - INFO - results:
2025/12/22 04:54:05 - mmengine - INFO - 
+---------+---------+---------+----------+---------+---------+---------+
| abs_rel |  sq_rel |   rmse  | rmse_log |    d1   |    d2   |    d3   |
+---------+---------+---------+----------+---------+---------+---------+
| 0.11537 | 0.00302 | 0.02266 | 0.16808  | 0.87815 | 0.97287 | 0.99117 |
+---------+---------+---------+----------+---------+---------+---------+
2025/12/22 04:54:05 - mmengine - INFO - MTLIterLoggerHook: Validation @ iter 8400 - mIoU=77.4700, abs_rel=0.1154
2025/12/22 04:54:05 - mmengine - INFO - Iter(val) [32/32]    seg/aAcc: 94.9400  seg/mIoU: 77.4700  seg/mAcc: 87.4700  depth/abs_rel: 0.1154  depth/sq_rel: 0.0030  depth/rmse: 0.0227  depth/rmse_log: 0.1681  depth/d1: 0.8782  depth/d2: 0.9729  depth/d3: 0.9912  data_time: 0.0033  time: 0.0148
2025/12/22 04:54:05 - mmengine - INFO - The previous best checkpoint /workspace/mmsegmentation/work_dirs/chamnet_mtl_manual_1_5_last_ch128_int/best_depth_abs_rel_iter_7000.pth is removed
2025/12/22 04:54:06 - mmengine - INFO - The best checkpoint with 0.1154 depth/abs_rel at 8400 iter is saved to best_depth_abs_rel_iter_8400.pth.
2025/12/22 04:54:20 - mmengine - INFO - Iter(train) [ 8600/30000]  base_lr: 3.0065e-04 lr: 3.0065e-04  eta: 0:25:04  time: 0.0729  data_time: 0.0071  memory: 1482  loss: 98.1968  seg.loss_ce: 0.0621  seg.loss_dice: 0.0075  seg.acc_seg: 98.5888  depth.loss_depth_silog: 0.0287  depth.loss_depth_berhu: 0.0030  grad_norm: 1.2845
2025/12/22 04:54:20 - mmengine - INFO - per class results:
2025/12/22 04:54:20 - mmengine - INFO - 
+-------------+-------+-------+
|    Class    |  IoU  |  Acc  |
+-------------+-------+-------+
|  background | 43.71 | 50.99 |
|    chamoe   | 77.55 | 88.21 |
|   heatpipe  | 70.17 |  95.2 |
|     path    |  91.1 |  96.4 |
|    pillar   | 74.92 | 87.83 |
| topdownfarm | 96.65 |  98.0 |
|   unknown   | 88.01 | 98.18 |
+-------------+-------+-------+
2025/12/22 04:54:20 - mmengine - INFO - results:
2025/12/22 04:54:20 - mmengine - INFO - 
+---------+---------+---------+----------+---------+---------+---------+
| abs_rel |  sq_rel |   rmse  | rmse_log |    d1   |    d2   |    d3   |
+---------+---------+---------+----------+---------+---------+---------+
| 0.12431 | 0.00318 | 0.02276 |  0.1711  | 0.86318 | 0.97276 | 0.99164 |
+---------+---------+---------+----------+---------+---------+---------+
2025/12/22 04:54:20 - mmengine - INFO - MTLIterLoggerHook: Validation @ iter 8600 - mIoU=77.4500, abs_rel=0.1243
2025/12/22 04:54:20 - mmengine - INFO - Iter(val) [32/32]    seg/aAcc: 94.9800  seg/mIoU: 77.4500  seg/mAcc: 87.8300  depth/abs_rel: 0.1243  depth/sq_rel: 0.0032  depth/rmse: 0.0228  depth/rmse_log: 0.1711  depth/d1: 0.8632  depth/d2: 0.9728  depth/d3: 0.9916  data_time: 0.0030  time: 0.0146
2025/12/22 04:54:34 - mmengine - INFO - Iter(train) [ 8800/30000]  base_lr: 2.9815e-04 lr: 2.9815e-04  eta: 0:24:50  time: 0.0698  data_time: 0.0063  memory: 1482  loss: 98.0477  seg.loss_ce: 0.0672  seg.loss_dice: 0.0080  seg.acc_seg: 98.1742  depth.loss_depth_silog: 0.0265  depth.loss_depth_berhu: 0.0029  grad_norm: 0.9027
2025/12/22 04:54:35 - mmengine - INFO - per class results:
2025/12/22 04:54:35 - mmengine - INFO - 
+-------------+-------+-------+
|    Class    |  IoU  |  Acc  |
+-------------+-------+-------+
|  background | 44.13 | 52.27 |
|    chamoe   |  76.9 | 90.37 |
|   heatpipe  | 73.11 | 92.74 |
|     path    |  91.1 |  97.2 |
|    pillar   | 74.86 |  87.0 |
| topdownfarm | 96.57 | 97.74 |
|   unknown   |  88.2 | 98.01 |
+-------------+-------+-------+
2025/12/22 04:54:35 - mmengine - INFO - results:
2025/12/22 04:54:35 - mmengine - INFO - 
+---------+---------+---------+----------+---------+---------+---------+
| abs_rel |  sq_rel |   rmse  | rmse_log |    d1   |    d2   |    d3   |
+---------+---------+---------+----------+---------+---------+---------+
| 0.11577 | 0.00301 | 0.02268 | 0.16741  | 0.87871 | 0.97342 | 0.99133 |
+---------+---------+---------+----------+---------+---------+---------+
2025/12/22 04:54:35 - mmengine - INFO - MTLIterLoggerHook: Validation @ iter 8800 - mIoU=77.8400, abs_rel=0.1158
2025/12/22 04:54:35 - mmengine - INFO - Iter(val) [32/32]    seg/aAcc: 94.9800  seg/mIoU: 77.8400  seg/mAcc: 87.9000  depth/abs_rel: 0.1158  depth/sq_rel: 0.0030  depth/rmse: 0.0227  depth/rmse_log: 0.1674  depth/d1: 0.8787  depth/d2: 0.9734  depth/d3: 0.9913  data_time: 0.0031  time: 0.0155
2025/12/22 04:54:49 - mmengine - INFO - Exp name: chamnet_mtl_base_segformer_chamdatav3_20251222_044351
2025/12/22 04:54:49 - mmengine - INFO - Iter(train) [ 9000/30000]  base_lr: 2.9565e-04 lr: 2.9565e-04  eta: 0:24:36  time: 0.0696  data_time: 0.0064  memory: 1482  loss: 97.8296  seg.loss_ce: 0.0779  seg.loss_dice: 0.0088  seg.acc_seg: 97.8309  depth.loss_depth_silog: 0.0273  depth.loss_depth_berhu: 0.0033  grad_norm: 0.9103
2025/12/22 04:54:49 - mmengine - INFO - per class results:
2025/12/22 04:54:49 - mmengine - INFO - 
+-------------+-------+-------+
|    Class    |  IoU  |  Acc  |
+-------------+-------+-------+
|  background |  43.2 | 50.51 |
|    chamoe   | 76.73 | 91.37 |
|   heatpipe  |  72.8 | 93.69 |
|     path    | 91.18 | 96.87 |
|    pillar   | 75.07 |  87.8 |
| topdownfarm | 96.53 | 97.67 |
|   unknown   | 87.66 | 98.58 |
+-------------+-------+-------+
2025/12/22 04:54:49 - mmengine - INFO - results:
2025/12/22 04:54:49 - mmengine - INFO - 
+---------+---------+---------+----------+---------+--------+---------+
| abs_rel |  sq_rel |   rmse  | rmse_log |    d1   |   d2   |    d3   |
+---------+---------+---------+----------+---------+--------+---------+
| 0.11837 | 0.00303 | 0.02293 | 0.16814  | 0.87208 | 0.9735 | 0.99177 |
+---------+---------+---------+----------+---------+--------+---------+
2025/12/22 04:54:49 - mmengine - INFO - MTLIterLoggerHook: Validation @ iter 9000 - mIoU=77.6000, abs_rel=0.1184
2025/12/22 04:54:49 - mmengine - INFO - Iter(val) [32/32]    seg/aAcc: 94.9200  seg/mIoU: 77.6000  seg/mAcc: 88.0700  depth/abs_rel: 0.1184  depth/sq_rel: 0.0030  depth/rmse: 0.0229  depth/rmse_log: 0.1681  depth/d1: 0.8721  depth/d2: 0.9735  depth/d3: 0.9918  data_time: 0.0028  time: 0.0140
2025/12/22 04:55:03 - mmengine - INFO - Iter(train) [ 9200/30000]  base_lr: 2.9315e-04 lr: 2.9315e-04  eta: 0:24:21  time: 0.0691  data_time: 0.0064  memory: 1482  loss: 97.8208  seg.loss_ce: 0.0737  seg.loss_dice: 0.0089  seg.acc_seg: 97.0303  depth.loss_depth_silog: 0.0302  depth.loss_depth_berhu: 0.0034  grad_norm: 1.8969
2025/12/22 04:55:03 - mmengine - INFO - per class results:
2025/12/22 04:55:03 - mmengine - INFO - 
+-------------+-------+-------+
|    Class    |  IoU  |  Acc  |
+-------------+-------+-------+
|  background | 42.02 | 48.13 |
|    chamoe   | 77.29 | 88.95 |
|   heatpipe  | 73.06 | 92.57 |
|     path    | 91.52 | 97.06 |
|    pillar   | 67.15 | 89.09 |
| topdownfarm |  96.0 | 97.47 |
|   unknown   | 87.79 | 97.94 |
+-------------+-------+-------+
2025/12/22 04:55:03 - mmengine - INFO - results:
2025/12/22 04:55:03 - mmengine - INFO - 
+---------+---------+---------+----------+---------+---------+---------+
| abs_rel |  sq_rel |   rmse  | rmse_log |    d1   |    d2   |    d3   |
+---------+---------+---------+----------+---------+---------+---------+
| 0.12068 | 0.00302 | 0.02319 | 0.17257  | 0.86457 | 0.97311 | 0.99123 |
+---------+---------+---------+----------+---------+---------+---------+
2025/12/22 04:55:03 - mmengine - INFO - MTLIterLoggerHook: Validation @ iter 9200 - mIoU=76.4100, abs_rel=0.1207
2025/12/22 04:55:03 - mmengine - INFO - Iter(val) [32/32]    seg/aAcc: 94.6100  seg/mIoU: 76.4100  seg/mAcc: 87.3100  depth/abs_rel: 0.1207  depth/sq_rel: 0.0030  depth/rmse: 0.0232  depth/rmse_log: 0.1726  depth/d1: 0.8646  depth/d2: 0.9731  depth/d3: 0.9912  data_time: 0.0029  time: 0.0140
2025/12/22 04:55:17 - mmengine - INFO - Iter(train) [ 9400/30000]  base_lr: 2.9065e-04 lr: 2.9065e-04  eta: 0:24:07  time: 0.0696  data_time: 0.0064  memory: 1482  loss: 98.2188  seg.loss_ce: 0.0639  seg.loss_dice: 0.0074  seg.acc_seg: 98.1203  depth.loss_depth_silog: 0.0308  depth.loss_depth_berhu: 0.0031  grad_norm: 1.0870
2025/12/22 04:55:18 - mmengine - INFO - per class results:
2025/12/22 04:55:18 - mmengine - INFO - 
+-------------+-------+-------+
|    Class    |  IoU  |  Acc  |
+-------------+-------+-------+
|  background | 44.31 | 52.64 |
|    chamoe   | 76.68 | 92.07 |
|   heatpipe  | 73.71 | 91.27 |
|     path    | 91.49 |  97.2 |
|    pillar   | 75.27 | 86.97 |
| topdownfarm |  96.5 | 97.67 |
|   unknown   |  88.1 |  98.2 |
+-------------+-------+-------+
2025/12/22 04:55:18 - mmengine - INFO - results:
2025/12/22 04:55:18 - mmengine - INFO - 
+---------+--------+---------+----------+---------+---------+---------+
| abs_rel | sq_rel |   rmse  | rmse_log |    d1   |    d2   |    d3   |
+---------+--------+---------+----------+---------+---------+---------+
| 0.12004 | 0.0031 | 0.02251 |  0.1703  | 0.87123 | 0.97314 | 0.99153 |
+---------+--------+---------+----------+---------+---------+---------+
2025/12/22 04:55:18 - mmengine - INFO - MTLIterLoggerHook: Validation @ iter 9400 - mIoU=78.0100, abs_rel=0.1200
2025/12/22 04:55:18 - mmengine - INFO - Iter(val) [32/32]    seg/aAcc: 94.9900  seg/mIoU: 78.0100  seg/mAcc: 88.0000  depth/abs_rel: 0.1200  depth/sq_rel: 0.0031  depth/rmse: 0.0225  depth/rmse_log: 0.1703  depth/d1: 0.8712  depth/d2: 0.9731  depth/d3: 0.9915  data_time: 0.0028  time: 0.0147
2025/12/22 04:55:32 - mmengine - INFO - Iter(train) [ 9600/30000]  base_lr: 2.8814e-04 lr: 2.8814e-04  eta: 0:23:53  time: 0.0712  data_time: 0.0062  memory: 1482  loss: 98.2927  seg.loss_ce: 0.0574  seg.loss_dice: 0.0071  seg.acc_seg: 98.3595  depth.loss_depth_silog: 0.0289  depth.loss_depth_berhu: 0.0030  grad_norm: 0.8264
2025/12/22 04:55:32 - mmengine - INFO - per class results:
2025/12/22 04:55:32 - mmengine - INFO - 
+-------------+-------+-------+
|    Class    |  IoU  |  Acc  |
+-------------+-------+-------+
|  background | 44.43 | 51.75 |
|    chamoe   | 77.34 | 90.06 |
|   heatpipe  |  72.4 | 93.51 |
|     path    | 91.24 | 96.83 |
|    pillar   | 75.26 |  87.5 |
| topdownfarm | 96.65 | 97.96 |
|   unknown   | 88.42 | 98.13 |
+-------------+-------+-------+
2025/12/22 04:55:32 - mmengine - INFO - results:
2025/12/22 04:55:32 - mmengine - INFO - 
+---------+---------+---------+----------+---------+--------+---------+
| abs_rel |  sq_rel |   rmse  | rmse_log |    d1   |   d2   |    d3   |
+---------+---------+---------+----------+---------+--------+---------+
| 0.11744 | 0.00306 | 0.02266 | 0.17096  | 0.87146 | 0.9724 | 0.99089 |
+---------+---------+---------+----------+---------+--------+---------+
2025/12/22 04:55:32 - mmengine - INFO - MTLIterLoggerHook: Validation @ iter 9600 - mIoU=77.9600, abs_rel=0.1174
2025/12/22 04:55:32 - mmengine - INFO - Iter(val) [32/32]    seg/aAcc: 95.0700  seg/mIoU: 77.9600  seg/mAcc: 87.9600  depth/abs_rel: 0.1174  depth/sq_rel: 0.0031  depth/rmse: 0.0227  depth/rmse_log: 0.1710  depth/d1: 0.8715  depth/d2: 0.9724  depth/d3: 0.9909  data_time: 0.0028  time: 0.0139
2025/12/22 04:55:46 - mmengine - INFO - Iter(train) [ 9800/30000]  base_lr: 2.8563e-04 lr: 2.8563e-04  eta: 0:23:38  time: 0.0694  data_time: 0.0064  memory: 1482  loss: 98.1176  seg.loss_ce: 0.0648  seg.loss_dice: 0.0076  seg.acc_seg: 98.0549  depth.loss_depth_silog: 0.0244  depth.loss_depth_berhu: 0.0030  grad_norm: 1.3302
2025/12/22 04:55:47 - mmengine - INFO - per class results:
2025/12/22 04:55:47 - mmengine - INFO - 
+-------------+-------+-------+
|    Class    |  IoU  |  Acc  |
+-------------+-------+-------+
|  background |  44.1 | 50.62 |
|    chamoe   | 76.88 | 90.52 |
|   heatpipe  | 71.92 | 94.09 |
|     path    | 91.39 |  96.9 |
|    pillar   | 74.62 | 87.51 |
| topdownfarm | 96.59 | 97.91 |
|   unknown   | 88.01 |  98.2 |
+-------------+-------+-------+
2025/12/22 04:55:47 - mmengine - INFO - results:
2025/12/22 04:55:47 - mmengine - INFO - 
+---------+---------+---------+----------+---------+---------+---------+
| abs_rel |  sq_rel |   rmse  | rmse_log |    d1   |    d2   |    d3   |
+---------+---------+---------+----------+---------+---------+---------+
| 0.12779 | 0.00325 | 0.02321 | 0.17318  | 0.85507 | 0.97244 | 0.99179 |
+---------+---------+---------+----------+---------+---------+---------+
2025/12/22 04:55:47 - mmengine - INFO - MTLIterLoggerHook: Validation @ iter 9800 - mIoU=77.6500, abs_rel=0.1278
2025/12/22 04:55:47 - mmengine - INFO - Iter(val) [32/32]    seg/aAcc: 95.0200  seg/mIoU: 77.6500  seg/mAcc: 87.9600  depth/abs_rel: 0.1278  depth/sq_rel: 0.0032  depth/rmse: 0.0232  depth/rmse_log: 0.1732  depth/d1: 0.8551  depth/d2: 0.9724  depth/d3: 0.9918  data_time: 0.0028  time: 0.0143
2025/12/22 04:56:01 - mmengine - INFO - Exp name: chamnet_mtl_base_segformer_chamdatav3_20251222_044351
2025/12/22 04:56:01 - mmengine - INFO - Iter(train) [10000/30000]  base_lr: 2.8312e-04 lr: 2.8312e-04  eta: 0:23:24  time: 0.0698  data_time: 0.0065  memory: 1482  loss: 97.9034  seg.loss_ce: 0.0754  seg.loss_dice: 0.0085  seg.acc_seg: 97.5688  depth.loss_depth_silog: 0.0244  depth.loss_depth_berhu: 0.0031  grad_norm: 2.2303
2025/12/22 04:56:01 - mmengine - INFO - per class results:
2025/12/22 04:56:01 - mmengine - INFO - 
+-------------+-------+-------+
|    Class    |  IoU  |  Acc  |
+-------------+-------+-------+
|  background | 44.68 | 52.23 |
|    chamoe   | 77.09 | 87.25 |
|   heatpipe  | 72.41 | 93.88 |
|     path    | 91.41 | 96.35 |
|    pillar   | 74.84 | 84.89 |
| topdownfarm | 96.69 | 98.32 |
|   unknown   |  87.9 | 97.91 |
+-------------+-------+-------+
2025/12/22 04:56:01 - mmengine - INFO - results:
2025/12/22 04:56:01 - mmengine - INFO - 
+---------+---------+---------+----------+---------+---------+---------+
| abs_rel |  sq_rel |   rmse  | rmse_log |    d1   |    d2   |    d3   |
+---------+---------+---------+----------+---------+---------+---------+
| 0.12174 | 0.00314 | 0.02324 | 0.17215  | 0.86855 | 0.97211 | 0.99078 |
+---------+---------+---------+----------+---------+---------+---------+
2025/12/22 04:56:01 - mmengine - INFO - MTLIterLoggerHook: Validation @ iter 10000 - mIoU=77.8600, abs_rel=0.1217
2025/12/22 04:56:01 - mmengine - INFO - Iter(val) [32/32]    seg/aAcc: 95.0800  seg/mIoU: 77.8600  seg/mAcc: 87.2600  depth/abs_rel: 0.1217  depth/sq_rel: 0.0031  depth/rmse: 0.0232  depth/rmse_log: 0.1722  depth/d1: 0.8685  depth/d2: 0.9721  depth/d3: 0.9908  data_time: 0.0028  time: 0.0143
2025/12/22 04:56:15 - mmengine - INFO - Iter(train) [10200/30000]  base_lr: 2.8061e-04 lr: 2.8061e-04  eta: 0:23:10  time: 0.0707  data_time: 0.0063  memory: 1482  loss: 98.0870  seg.loss_ce: 0.0654  seg.loss_dice: 0.0078  seg.acc_seg: 97.7824  depth.loss_depth_silog: 0.0250  depth.loss_depth_berhu: 0.0031  grad_norm: 1.0608
2025/12/22 04:56:15 - mmengine - INFO - per class results:
2025/12/22 04:56:15 - mmengine - INFO - 
+-------------+-------+-------+
|    Class    |  IoU  |  Acc  |
+-------------+-------+-------+
|  background | 43.05 |  50.2 |
|    chamoe   | 76.38 | 91.15 |
|   heatpipe  | 72.73 | 93.26 |
|     path    | 91.29 | 96.94 |
|    pillar   | 74.59 | 86.93 |
| topdownfarm | 96.44 | 97.75 |
|   unknown   | 88.09 | 98.41 |
+-------------+-------+-------+
2025/12/22 04:56:15 - mmengine - INFO - results:
2025/12/22 04:56:15 - mmengine - INFO - 
+---------+---------+---------+----------+---------+---------+---------+
| abs_rel |  sq_rel |   rmse  | rmse_log |    d1   |    d2   |    d3   |
+---------+---------+---------+----------+---------+---------+---------+
| 0.11775 | 0.00315 | 0.02254 | 0.16811  | 0.87415 | 0.97224 | 0.99138 |
+---------+---------+---------+----------+---------+---------+---------+
2025/12/22 04:56:15 - mmengine - INFO - MTLIterLoggerHook: Validation @ iter 10200 - mIoU=77.5100, abs_rel=0.1178
2025/12/22 04:56:15 - mmengine - INFO - Iter(val) [32/32]    seg/aAcc: 94.9200  seg/mIoU: 77.5100  seg/mAcc: 87.8100  depth/abs_rel: 0.1178  depth/sq_rel: 0.0032  depth/rmse: 0.0225  depth/rmse_log: 0.1681  depth/d1: 0.8741  depth/d2: 0.9722  depth/d3: 0.9914  data_time: 0.0031  time: 0.0143
2025/12/22 04:56:29 - mmengine - INFO - Iter(train) [10400/30000]  base_lr: 2.7809e-04 lr: 2.7809e-04  eta: 0:22:55  time: 0.0691  data_time: 0.0064  memory: 1482  loss: 98.1430  seg.loss_ce: 0.0616  seg.loss_dice: 0.0076  seg.acc_seg: 97.4805  depth.loss_depth_silog: 0.0250  depth.loss_depth_berhu: 0.0027  grad_norm: 1.0710
2025/12/22 04:56:30 - mmengine - INFO - per class results:
2025/12/22 04:56:30 - mmengine - INFO - 
+-------------+-------+-------+
|    Class    |  IoU  |  Acc  |
+-------------+-------+-------+
|  background | 44.97 | 53.87 |
|    chamoe   | 76.54 | 90.95 |
|   heatpipe  | 72.63 | 93.88 |
|     path    | 91.34 | 96.71 |
|    pillar   | 74.84 | 86.36 |
| topdownfarm | 96.49 | 97.69 |
|   unknown   | 88.16 | 98.06 |
+-------------+-------+-------+
2025/12/22 04:56:30 - mmengine - INFO - results:
2025/12/22 04:56:30 - mmengine - INFO - 
+---------+---------+---------+----------+---------+---------+---------+
| abs_rel |  sq_rel |   rmse  | rmse_log |    d1   |    d2   |    d3   |
+---------+---------+---------+----------+---------+---------+---------+
| 0.11885 | 0.00316 | 0.02257 | 0.16989  | 0.87244 | 0.97161 | 0.99127 |
+---------+---------+---------+----------+---------+---------+---------+
2025/12/22 04:56:30 - mmengine - INFO - MTLIterLoggerHook: Validation @ iter 10400 - mIoU=77.8500, abs_rel=0.1188
2025/12/22 04:56:30 - mmengine - INFO - Iter(val) [32/32]    seg/aAcc: 94.9700  seg/mIoU: 77.8500  seg/mAcc: 88.2200  depth/abs_rel: 0.1188  depth/sq_rel: 0.0032  depth/rmse: 0.0226  depth/rmse_log: 0.1699  depth/d1: 0.8724  depth/d2: 0.9716  depth/d3: 0.9913  data_time: 0.0028  time: 0.0142
2025/12/22 04:56:44 - mmengine - INFO - Iter(train) [10600/30000]  base_lr: 2.7558e-04 lr: 2.7558e-04  eta: 0:22:41  time: 0.0705  data_time: 0.0064  memory: 1482  loss: 98.1580  seg.loss_ce: 0.0647  seg.loss_dice: 0.0076  seg.acc_seg: 98.2474  depth.loss_depth_silog: 0.0271  depth.loss_depth_berhu: 0.0028  grad_norm: 1.0656
2025/12/22 04:56:44 - mmengine - INFO - per class results:
2025/12/22 04:56:44 - mmengine - INFO - 
+-------------+-------+-------+
|    Class    |  IoU  |  Acc  |
+-------------+-------+-------+
|  background | 43.04 | 50.12 |
|    chamoe   | 76.24 | 91.47 |
|   heatpipe  | 73.11 | 93.67 |
|     path    |  91.2 | 97.08 |
|    pillar   |  75.1 | 88.24 |
| topdownfarm | 96.45 | 97.64 |
|   unknown   | 87.85 | 98.28 |
+-------------+-------+-------+
2025/12/22 04:56:44 - mmengine - INFO - results:
2025/12/22 04:56:44 - mmengine - INFO - 
+---------+---------+---------+----------+---------+---------+---------+
| abs_rel |  sq_rel |   rmse  | rmse_log |    d1   |    d2   |    d3   |
+---------+---------+---------+----------+---------+---------+---------+
| 0.11448 | 0.00301 | 0.02268 |  0.167   | 0.87949 | 0.97307 | 0.99141 |
+---------+---------+---------+----------+---------+---------+---------+
2025/12/22 04:56:44 - mmengine - INFO - MTLIterLoggerHook: Validation @ iter 10600 - mIoU=77.5700, abs_rel=0.1145
2025/12/22 04:56:44 - mmengine - INFO - Iter(val) [32/32]    seg/aAcc: 94.9000  seg/mIoU: 77.5700  seg/mAcc: 88.0700  depth/abs_rel: 0.1145  depth/sq_rel: 0.0030  depth/rmse: 0.0227  depth/rmse_log: 0.1670  depth/d1: 0.8795  depth/d2: 0.9731  depth/d3: 0.9914  data_time: 0.0029  time: 0.0142
2025/12/22 04:56:44 - mmengine - INFO - The previous best checkpoint /workspace/mmsegmentation/work_dirs/chamnet_mtl_manual_1_5_last_ch128_int/best_depth_abs_rel_iter_8400.pth is removed
2025/12/22 04:56:45 - mmengine - INFO - The best checkpoint with 0.1145 depth/abs_rel at 10600 iter is saved to best_depth_abs_rel_iter_10600.pth.
2025/12/22 04:56:58 - mmengine - INFO - Iter(train) [10800/30000]  base_lr: 2.7305e-04 lr: 2.7305e-04  eta: 0:22:28  time: 0.0693  data_time: 0.0062  memory: 1482  loss: 98.1777  seg.loss_ce: 0.0619  seg.loss_dice: 0.0074  seg.acc_seg: 96.8639  depth.loss_depth_silog: 0.0251  depth.loss_depth_berhu: 0.0029  grad_norm: 1.1273
2025/12/22 04:56:59 - mmengine - INFO - per class results:
2025/12/22 04:56:59 - mmengine - INFO - 
+-------------+-------+-------+
|    Class    |  IoU  |  Acc  |
+-------------+-------+-------+
|  background | 44.34 |  51.5 |
|    chamoe   | 76.58 | 91.27 |
|   heatpipe  | 74.57 | 91.16 |
|     path    | 91.24 | 97.46 |
|    pillar   | 75.17 | 87.64 |
| topdownfarm | 96.63 | 97.81 |
|   unknown   | 88.18 | 98.07 |
+-------------+-------+-------+
2025/12/22 04:56:59 - mmengine - INFO - results:
2025/12/22 04:56:59 - mmengine - INFO - 
+---------+---------+---------+----------+---------+---------+---------+
| abs_rel |  sq_rel |   rmse  | rmse_log |    d1   |    d2   |    d3   |
+---------+---------+---------+----------+---------+---------+---------+
| 0.11716 | 0.00299 | 0.02299 | 0.16744  | 0.87442 | 0.97312 | 0.99171 |
+---------+---------+---------+----------+---------+---------+---------+
2025/12/22 04:56:59 - mmengine - INFO - MTLIterLoggerHook: Validation @ iter 10800 - mIoU=78.1000, abs_rel=0.1172
2025/12/22 04:56:59 - mmengine - INFO - Iter(val) [32/32]    seg/aAcc: 95.0600  seg/mIoU: 78.1000  seg/mAcc: 87.8400  depth/abs_rel: 0.1172  depth/sq_rel: 0.0030  depth/rmse: 0.0230  depth/rmse_log: 0.1674  depth/d1: 0.8744  depth/d2: 0.9731  depth/d3: 0.9917  data_time: 0.0029  time: 0.0142
2025/12/22 04:56:59 - mmengine - INFO - The previous best checkpoint /workspace/mmsegmentation/work_dirs/chamnet_mtl_manual_1_5_last_ch128_int/best_seg_mIoU_iter_3800.pth is removed
2025/12/22 04:56:59 - mmengine - INFO - The best checkpoint with 78.1000 seg/mIoU at 10800 iter is saved to best_seg_mIoU_iter_10800.pth.
2025/12/22 04:57:13 - mmengine - INFO - Exp name: chamnet_mtl_base_segformer_chamdatav3_20251222_044351
2025/12/22 04:57:13 - mmengine - INFO - Iter(train) [11000/30000]  base_lr: 2.7053e-04 lr: 2.7053e-04  eta: 0:22:14  time: 0.0692  data_time: 0.0064  memory: 1482  loss: 98.1479  seg.loss_ce: 0.0634  seg.loss_dice: 0.0075  seg.acc_seg: 97.9299  depth.loss_depth_silog: 0.0234  depth.loss_depth_berhu: 0.0028  grad_norm: 0.9375
2025/12/22 04:57:14 - mmengine - INFO - per class results:
2025/12/22 04:57:14 - mmengine - INFO - 
+-------------+-------+-------+
|    Class    |  IoU  |  Acc  |
+-------------+-------+-------+
|  background | 43.06 | 49.14 |
|    chamoe   | 77.05 | 89.17 |
|   heatpipe  | 74.48 |  91.4 |
|     path    | 91.06 | 97.69 |
|    pillar   | 75.38 | 89.05 |
| topdownfarm | 96.63 | 97.86 |
|   unknown   | 87.95 | 98.35 |
+-------------+-------+-------+
2025/12/22 04:57:14 - mmengine - INFO - results:
2025/12/22 04:57:14 - mmengine - INFO - 
+---------+---------+---------+----------+---------+---------+---------+
| abs_rel |  sq_rel |   rmse  | rmse_log |    d1   |    d2   |    d3   |
+---------+---------+---------+----------+---------+---------+---------+
| 0.12385 | 0.00312 | 0.02216 | 0.16959  | 0.86732 | 0.97321 | 0.99178 |
+---------+---------+---------+----------+---------+---------+---------+
2025/12/22 04:57:14 - mmengine - INFO - MTLIterLoggerHook: Validation @ iter 11000 - mIoU=77.9400, abs_rel=0.1238
2025/12/22 04:57:14 - mmengine - INFO - Iter(val) [32/32]    seg/aAcc: 95.0300  seg/mIoU: 77.9400  seg/mAcc: 87.5200  depth/abs_rel: 0.1238  depth/sq_rel: 0.0031  depth/rmse: 0.0222  depth/rmse_log: 0.1696  depth/d1: 0.8673  depth/d2: 0.9732  depth/d3: 0.9918  data_time: 0.0029  time: 0.0141
2025/12/22 04:57:28 - mmengine - INFO - Iter(train) [11200/30000]  base_lr: 2.6800e-04 lr: 2.6800e-04  eta: 0:22:00  time: 0.0690  data_time: 0.0062  memory: 1482  loss: 98.0721  seg.loss_ce: 0.0641  seg.loss_dice: 0.0078  seg.acc_seg: 97.4026  depth.loss_depth_silog: 0.0272  depth.loss_depth_berhu: 0.0032  grad_norm: 1.1331
2025/12/22 04:57:28 - mmengine - INFO - per class results:
2025/12/22 04:57:28 - mmengine - INFO - 
+-------------+-------+-------+
|    Class    |  IoU  |  Acc  |
+-------------+-------+-------+
|  background | 48.13 | 56.49 |
|    chamoe   | 77.07 | 90.55 |
|   heatpipe  | 74.41 |  91.8 |
|     path    | 91.45 | 96.95 |
|    pillar   | 75.35 | 88.01 |
| topdownfarm | 96.64 | 97.99 |
|   unknown   | 90.24 | 97.83 |
+-------------+-------+-------+
2025/12/22 04:57:28 - mmengine - INFO - results:
2025/12/22 04:57:28 - mmengine - INFO - 
+---------+---------+---------+----------+---------+---------+---------+
| abs_rel |  sq_rel |   rmse  | rmse_log |    d1   |    d2   |    d3   |
+---------+---------+---------+----------+---------+---------+---------+
| 0.13118 | 0.00336 | 0.02283 | 0.17512  | 0.85173 | 0.97257 | 0.99166 |
+---------+---------+---------+----------+---------+---------+---------+
2025/12/22 04:57:28 - mmengine - INFO - MTLIterLoggerHook: Validation @ iter 11200 - mIoU=79.0400, abs_rel=0.1312
2025/12/22 04:57:28 - mmengine - INFO - Iter(val) [32/32]    seg/aAcc: 95.3000  seg/mIoU: 79.0400  seg/mAcc: 88.5200  depth/abs_rel: 0.1312  depth/sq_rel: 0.0034  depth/rmse: 0.0228  depth/rmse_log: 0.1751  depth/d1: 0.8517  depth/d2: 0.9726  depth/d3: 0.9917  data_time: 0.0029  time: 0.0139
2025/12/22 04:57:28 - mmengine - INFO - The previous best checkpoint /workspace/mmsegmentation/work_dirs/chamnet_mtl_manual_1_5_last_ch128_int/best_seg_mIoU_iter_10800.pth is removed
2025/12/22 04:57:28 - mmengine - INFO - The best checkpoint with 79.0400 seg/mIoU at 11200 iter is saved to best_seg_mIoU_iter_11200.pth.
2025/12/22 04:57:42 - mmengine - INFO - Iter(train) [11400/30000]  base_lr: 2.6548e-04 lr: 2.6548e-04  eta: 0:21:46  time: 0.0696  data_time: 0.0063  memory: 1482  loss: 98.4550  seg.loss_ce: 0.0538  seg.loss_dice: 0.0064  seg.acc_seg: 98.3175  depth.loss_depth_silog: 0.0262  depth.loss_depth_berhu: 0.0026  grad_norm: 0.8939
2025/12/22 04:57:43 - mmengine - INFO - per class results:
2025/12/22 04:57:43 - mmengine - INFO - 
+-------------+-------+-------+
|    Class    |  IoU  |  Acc  |
+-------------+-------+-------+
|  background | 44.78 | 51.27 |
|    chamoe   | 76.79 | 90.02 |
|   heatpipe  | 73.29 |  93.5 |
|     path    |  91.4 |  97.0 |
|    pillar   | 75.13 | 88.08 |
| topdownfarm | 96.66 | 97.93 |
|   unknown   | 88.11 | 98.41 |
+-------------+-------+-------+
2025/12/22 04:57:43 - mmengine - INFO - results:
2025/12/22 04:57:43 - mmengine - INFO - 
+---------+---------+---------+----------+---------+---------+---------+
| abs_rel |  sq_rel |   rmse  | rmse_log |    d1   |    d2   |    d3   |
+---------+---------+---------+----------+---------+---------+---------+
| 0.11874 | 0.00334 | 0.02299 | 0.17023  | 0.87309 | 0.97194 | 0.99093 |
+---------+---------+---------+----------+---------+---------+---------+
2025/12/22 04:57:43 - mmengine - INFO - MTLIterLoggerHook: Validation @ iter 11400 - mIoU=78.0200, abs_rel=0.1187
2025/12/22 04:57:43 - mmengine - INFO - Iter(val) [32/32]    seg/aAcc: 95.1000  seg/mIoU: 78.0200  seg/mAcc: 88.0300  depth/abs_rel: 0.1187  depth/sq_rel: 0.0033  depth/rmse: 0.0230  depth/rmse_log: 0.1702  depth/d1: 0.8731  depth/d2: 0.9719  depth/d3: 0.9909  data_time: 0.0028  time: 0.0139
2025/12/22 04:57:57 - mmengine - INFO - Iter(train) [11600/30000]  base_lr: 2.6294e-04 lr: 2.6294e-04  eta: 0:21:32  time: 0.0690  data_time: 0.0064  memory: 1482  loss: 98.2858  seg.loss_ce: 0.0582  seg.loss_dice: 0.0070  seg.acc_seg: 98.1273  depth.loss_depth_silog: 0.0248  depth.loss_depth_berhu: 0.0030  grad_norm: 0.8856
2025/12/22 04:57:57 - mmengine - INFO - per class results:
2025/12/22 04:57:57 - mmengine - INFO - 
+-------------+-------+-------+
|    Class    |  IoU  |  Acc  |
+-------------+-------+-------+
|  background | 45.39 | 52.88 |
|    chamoe   | 76.99 | 90.39 |
|   heatpipe  | 73.59 | 92.86 |
|     path    | 91.61 | 96.82 |
|    pillar   | 74.92 | 86.29 |
| topdownfarm | 96.67 | 98.01 |
|   unknown   |  88.1 | 98.18 |
+-------------+-------+-------+
2025/12/22 04:57:57 - mmengine - INFO - results:
2025/12/22 04:57:57 - mmengine - INFO - 
+---------+---------+---------+----------+---------+--------+--------+
| abs_rel |  sq_rel |   rmse  | rmse_log |    d1   |   d2   |   d3   |
+---------+---------+---------+----------+---------+--------+--------+
| 0.11688 | 0.00305 | 0.02246 | 0.16852  | 0.87328 | 0.9731 | 0.9914 |
+---------+---------+---------+----------+---------+--------+--------+
2025/12/22 04:57:57 - mmengine - INFO - MTLIterLoggerHook: Validation @ iter 11600 - mIoU=78.1800, abs_rel=0.1169
2025/12/22 04:57:57 - mmengine - INFO - Iter(val) [32/32]    seg/aAcc: 95.1200  seg/mIoU: 78.1800  seg/mAcc: 87.9200  depth/abs_rel: 0.1169  depth/sq_rel: 0.0030  depth/rmse: 0.0225  depth/rmse_log: 0.1685  depth/d1: 0.8733  depth/d2: 0.9731  depth/d3: 0.9914  data_time: 0.0029  time: 0.0140
2025/12/22 04:58:11 - mmengine - INFO - Iter(train) [11800/30000]  base_lr: 2.6041e-04 lr: 2.6041e-04  eta: 0:21:17  time: 0.0698  data_time: 0.0065  memory: 1482  loss: 98.1947  seg.loss_ce: 0.0614  seg.loss_dice: 0.0074  seg.acc_seg: 97.3715  depth.loss_depth_silog: 0.0258  depth.loss_depth_berhu: 0.0029  grad_norm: 0.9668
2025/12/22 04:58:11 - mmengine - INFO - per class results:
2025/12/22 04:58:11 - mmengine - INFO - 
+-------------+-------+-------+
|    Class    |  IoU  |  Acc  |
+-------------+-------+-------+
|  background | 44.63 | 51.52 |
|    chamoe   | 77.05 | 89.48 |
|   heatpipe  | 73.22 | 92.93 |
|     path    | 91.32 |  97.1 |
|    pillar   | 74.98 | 88.51 |
| topdownfarm | 96.66 | 97.92 |
|   unknown   | 88.17 | 98.11 |
+-------------+-------+-------+
2025/12/22 04:58:11 - mmengine - INFO - results:
2025/12/22 04:58:11 - mmengine - INFO - 
+---------+---------+---------+----------+---------+--------+---------+
| abs_rel |  sq_rel |   rmse  | rmse_log |    d1   |   d2   |    d3   |
+---------+---------+---------+----------+---------+--------+---------+
| 0.11526 | 0.00298 | 0.02235 | 0.16635  | 0.87909 | 0.9735 | 0.99171 |
+---------+---------+---------+----------+---------+--------+---------+
2025/12/22 04:58:11 - mmengine - INFO - MTLIterLoggerHook: Validation @ iter 11800 - mIoU=78.0100, abs_rel=0.1153
2025/12/22 04:58:11 - mmengine - INFO - Iter(val) [32/32]    seg/aAcc: 95.0800  seg/mIoU: 78.0100  seg/mAcc: 87.9400  depth/abs_rel: 0.1153  depth/sq_rel: 0.0030  depth/rmse: 0.0223  depth/rmse_log: 0.1663  depth/d1: 0.8791  depth/d2: 0.9735  depth/d3: 0.9917  data_time: 0.0029  time: 0.0144
2025/12/22 04:58:25 - mmengine - INFO - Exp name: chamnet_mtl_base_segformer_chamdatav3_20251222_044351
2025/12/22 04:58:25 - mmengine - INFO - Iter(train) [12000/30000]  base_lr: 2.5787e-04 lr: 2.5787e-04  eta: 0:21:03  time: 0.0704  data_time: 0.0065  memory: 1482  loss: 98.3163  seg.loss_ce: 0.0589  seg.loss_dice: 0.0069  seg.acc_seg: 98.2558  depth.loss_depth_silog: 0.0255  depth.loss_depth_berhu: 0.0027  grad_norm: 1.2176
2025/12/22 04:58:26 - mmengine - INFO - per class results:
2025/12/22 04:58:26 - mmengine - INFO - 
+-------------+-------+-------+
|    Class    |  IoU  |  Acc  |
+-------------+-------+-------+
|  background | 44.05 | 51.28 |
|    chamoe   | 76.73 | 90.41 |
|   heatpipe  | 74.19 | 92.11 |
|     path    | 91.51 | 97.16 |
|    pillar   | 75.31 | 88.48 |
| topdownfarm |  96.6 | 97.84 |
|   unknown   | 87.84 | 98.18 |
+-------------+-------+-------+
2025/12/22 04:58:26 - mmengine - INFO - results:
2025/12/22 04:58:26 - mmengine - INFO - 
+---------+---------+---------+----------+---------+---------+---------+
| abs_rel |  sq_rel |   rmse  | rmse_log |    d1   |    d2   |    d3   |
+---------+---------+---------+----------+---------+---------+---------+
| 0.12182 | 0.00309 | 0.02262 | 0.16987  | 0.86676 | 0.97317 | 0.99169 |
+---------+---------+---------+----------+---------+---------+---------+
2025/12/22 04:58:26 - mmengine - INFO - MTLIterLoggerHook: Validation @ iter 12000 - mIoU=78.0300, abs_rel=0.1218
2025/12/22 04:58:26 - mmengine - INFO - Iter(val) [32/32]    seg/aAcc: 95.0400  seg/mIoU: 78.0300  seg/mAcc: 87.9200  depth/abs_rel: 0.1218  depth/sq_rel: 0.0031  depth/rmse: 0.0226  depth/rmse_log: 0.1699  depth/d1: 0.8668  depth/d2: 0.9732  depth/d3: 0.9917  data_time: 0.0027  time: 0.0141
2025/12/22 04:58:40 - mmengine - INFO - Iter(train) [12200/30000]  base_lr: 2.5533e-04 lr: 2.5533e-04  eta: 0:20:49  time: 0.0691  data_time: 0.0062  memory: 1482  loss: 98.1974  seg.loss_ce: 0.0633  seg.loss_dice: 0.0074  seg.acc_seg: 98.2979  depth.loss_depth_silog: 0.0232  depth.loss_depth_berhu: 0.0028  grad_norm: 1.0941
2025/12/22 04:58:40 - mmengine - INFO - per class results:
2025/12/22 04:58:40 - mmengine - INFO - 
+-------------+-------+-------+
|    Class    |  IoU  |  Acc  |
+-------------+-------+-------+
|  background | 44.65 | 52.14 |
|    chamoe   | 77.05 | 90.63 |
|   heatpipe  | 73.94 | 92.88 |
|     path    | 91.39 | 96.98 |
|    pillar   | 75.22 | 89.32 |
| topdownfarm | 96.63 | 97.83 |
|   unknown   |  88.2 | 98.01 |
+-------------+-------+-------+
2025/12/22 04:58:40 - mmengine - INFO - results:
2025/12/22 04:58:40 - mmengine - INFO - 
+---------+---------+---------+----------+---------+---------+---------+
| abs_rel |  sq_rel |   rmse  | rmse_log |    d1   |    d2   |    d3   |
+---------+---------+---------+----------+---------+---------+---------+
| 0.11472 | 0.00287 | 0.02232 | 0.16574  | 0.87941 | 0.97407 | 0.99171 |
+---------+---------+---------+----------+---------+---------+---------+
2025/12/22 04:58:40 - mmengine - INFO - MTLIterLoggerHook: Validation @ iter 12200 - mIoU=78.1600, abs_rel=0.1147
2025/12/22 04:58:40 - mmengine - INFO - Iter(val) [32/32]    seg/aAcc: 95.0700  seg/mIoU: 78.1600  seg/mAcc: 88.2500  depth/abs_rel: 0.1147  depth/sq_rel: 0.0029  depth/rmse: 0.0223  depth/rmse_log: 0.1657  depth/d1: 0.8794  depth/d2: 0.9741  depth/d3: 0.9917  data_time: 0.0029  time: 0.0144
2025/12/22 04:58:54 - mmengine - INFO - Iter(train) [12400/30000]  base_lr: 2.5279e-04 lr: 2.5279e-04  eta: 0:20:34  time: 0.0699  data_time: 0.0065  memory: 1482  loss: 97.6515  seg.loss_ce: 0.0809  seg.loss_dice: 0.0097  seg.acc_seg: 97.9614  depth.loss_depth_silog: 0.0276  depth.loss_depth_berhu: 0.0032  grad_norm: 1.9899
2025/12/22 04:58:54 - mmengine - INFO - per class results:
2025/12/22 04:58:54 - mmengine - INFO - 
+-------------+-------+-------+
|    Class    |  IoU  |  Acc  |
+-------------+-------+-------+
|  background | 32.98 | 48.95 |
|    chamoe   | 75.72 | 89.46 |
|   heatpipe  | 75.05 |  89.3 |
|     path    | 91.42 |  97.1 |
|    pillar   | 73.99 | 88.39 |
| topdownfarm |  93.9 | 95.38 |
|   unknown   | 87.62 | 98.33 |
+-------------+-------+-------+
2025/12/22 04:58:54 - mmengine - INFO - results:
2025/12/22 04:58:54 - mmengine - INFO - 
+---------+---------+--------+----------+---------+---------+---------+
| abs_rel |  sq_rel |  rmse  | rmse_log |    d1   |    d2   |    d3   |
+---------+---------+--------+----------+---------+---------+---------+
| 0.12123 | 0.00315 | 0.0231 | 0.17514  | 0.86467 | 0.97188 | 0.99101 |
+---------+---------+--------+----------+---------+---------+---------+
2025/12/22 04:58:54 - mmengine - INFO - MTLIterLoggerHook: Validation @ iter 12400 - mIoU=75.8100, abs_rel=0.1212
2025/12/22 04:58:54 - mmengine - INFO - Iter(val) [32/32]    seg/aAcc: 93.3100  seg/mIoU: 75.8100  seg/mAcc: 86.7000  depth/abs_rel: 0.1212  depth/sq_rel: 0.0032  depth/rmse: 0.0231  depth/rmse_log: 0.1751  depth/d1: 0.8647  depth/d2: 0.9719  depth/d3: 0.9910  data_time: 0.0029  time: 0.0143
2025/12/22 04:59:08 - mmengine - INFO - Iter(train) [12600/30000]  base_lr: 2.5024e-04 lr: 2.5024e-04  eta: 0:20:20  time: 0.0703  data_time: 0.0063  memory: 1482  loss: 98.2931  seg.loss_ce: 0.0634  seg.loss_dice: 0.0071  seg.acc_seg: 97.9295  depth.loss_depth_silog: 0.0263  depth.loss_depth_berhu: 0.0028  grad_norm: 0.8123
2025/12/22 04:59:09 - mmengine - INFO - per class results:
2025/12/22 04:59:09 - mmengine - INFO - 
+-------------+-------+-------+
|    Class    |  IoU  |  Acc  |
+-------------+-------+-------+
|  background | 42.52 | 48.27 |
|    chamoe   | 77.04 | 90.52 |
|   heatpipe  | 73.41 | 92.83 |
|     path    | 91.26 | 97.16 |
|    pillar   | 74.71 | 87.38 |
| topdownfarm | 96.68 | 97.97 |
|   unknown   | 87.52 | 98.56 |
+-------------+-------+-------+
2025/12/22 04:59:09 - mmengine - INFO - results:
2025/12/22 04:59:09 - mmengine - INFO - 
+---------+--------+--------+----------+---------+---------+---------+
| abs_rel | sq_rel |  rmse  | rmse_log |    d1   |    d2   |    d3   |
+---------+--------+--------+----------+---------+---------+---------+
| 0.11487 | 0.003  | 0.0224 | 0.16622  | 0.87826 | 0.97309 | 0.99155 |
+---------+--------+--------+----------+---------+---------+---------+
2025/12/22 04:59:09 - mmengine - INFO - MTLIterLoggerHook: Validation @ iter 12600 - mIoU=77.5900, abs_rel=0.1149
2025/12/22 04:59:09 - mmengine - INFO - Iter(val) [32/32]    seg/aAcc: 95.0100  seg/mIoU: 77.5900  seg/mAcc: 87.5300  depth/abs_rel: 0.1149  depth/sq_rel: 0.0030  depth/rmse: 0.0224  depth/rmse_log: 0.1662  depth/d1: 0.8783  depth/d2: 0.9731  depth/d3: 0.9915  data_time: 0.0028  time: 0.0143
2025/12/22 04:59:23 - mmengine - INFO - Iter(train) [12800/30000]  base_lr: 2.4769e-04 lr: 2.4769e-04  eta: 0:20:06  time: 0.0708  data_time: 0.0064  memory: 1482  loss: 98.2048  seg.loss_ce: 0.0649  seg.loss_dice: 0.0073  seg.acc_seg: 97.2475  depth.loss_depth_silog: 0.0243  depth.loss_depth_berhu: 0.0029  grad_norm: 1.0397
2025/12/22 04:59:23 - mmengine - INFO - per class results:
2025/12/22 04:59:23 - mmengine - INFO - 
+-------------+-------+-------+
|    Class    |  IoU  |  Acc  |
+-------------+-------+-------+
|  background |  40.4 | 47.82 |
|    chamoe   | 76.35 | 91.04 |
|   heatpipe  | 74.09 | 90.92 |
|     path    | 91.21 | 97.57 |
|    pillar   | 74.79 | 88.31 |
| topdownfarm | 96.21 | 97.45 |
|   unknown   | 87.52 | 98.42 |
+-------------+-------+-------+
2025/12/22 04:59:23 - mmengine - INFO - results:
2025/12/22 04:59:23 - mmengine - INFO - 
+---------+---------+---------+----------+---------+---------+---------+
| abs_rel |  sq_rel |   rmse  | rmse_log |    d1   |    d2   |    d3   |
+---------+---------+---------+----------+---------+---------+---------+
| 0.11308 | 0.00292 | 0.02242 | 0.16764  | 0.87855 | 0.97325 | 0.99103 |
+---------+---------+---------+----------+---------+---------+---------+
2025/12/22 04:59:23 - mmengine - INFO - MTLIterLoggerHook: Validation @ iter 12800 - mIoU=77.2200, abs_rel=0.1131
2025/12/22 04:59:23 - mmengine - INFO - Iter(val) [32/32]    seg/aAcc: 94.7200  seg/mIoU: 77.2200  seg/mAcc: 87.3600  depth/abs_rel: 0.1131  depth/sq_rel: 0.0029  depth/rmse: 0.0224  depth/rmse_log: 0.1676  depth/d1: 0.8786  depth/d2: 0.9732  depth/d3: 0.9910  data_time: 0.0029  time: 0.0143
2025/12/22 04:59:23 - mmengine - INFO - The previous best checkpoint /workspace/mmsegmentation/work_dirs/chamnet_mtl_manual_1_5_last_ch128_int/best_depth_abs_rel_iter_10600.pth is removed
2025/12/22 04:59:24 - mmengine - INFO - The best checkpoint with 0.1131 depth/abs_rel at 12800 iter is saved to best_depth_abs_rel_iter_12800.pth.
2025/12/22 04:59:38 - mmengine - INFO - Exp name: chamnet_mtl_base_segformer_chamdatav3_20251222_044351
2025/12/22 04:59:38 - mmengine - INFO - Iter(train) [13000/30000]  base_lr: 2.4514e-04 lr: 2.4514e-04  eta: 0:19:53  time: 0.0697  data_time: 0.0065  memory: 1482  loss: 98.1821  seg.loss_ce: 0.0630  seg.loss_dice: 0.0075  seg.acc_seg: 97.9310  depth.loss_depth_silog: 0.0269  depth.loss_depth_berhu: 0.0029  grad_norm: 1.4955
2025/12/22 04:59:38 - mmengine - INFO - per class results:
2025/12/22 04:59:38 - mmengine - INFO - 
+-------------+-------+-------+
|    Class    |  IoU  |  Acc  |
+-------------+-------+-------+
|  background | 44.18 | 52.98 |
|    chamoe   | 75.68 | 91.39 |
|   heatpipe  | 74.94 | 90.61 |
|     path    | 91.42 | 97.13 |
|    pillar   | 75.24 | 89.07 |
| topdownfarm | 96.41 | 97.52 |
|   unknown   | 88.12 | 98.06 |
+-------------+-------+-------+
2025/12/22 04:59:38 - mmengine - INFO - results:
2025/12/22 04:59:38 - mmengine - INFO - 
+---------+---------+---------+----------+---------+---------+---------+
| abs_rel |  sq_rel |   rmse  | rmse_log |    d1   |    d2   |    d3   |
+---------+---------+---------+----------+---------+---------+---------+
| 0.11667 | 0.00306 | 0.02262 |  0.1662  | 0.88111 | 0.97386 | 0.99176 |
+---------+---------+---------+----------+---------+---------+---------+
2025/12/22 04:59:38 - mmengine - INFO - MTLIterLoggerHook: Validation @ iter 13000 - mIoU=78.0000, abs_rel=0.1167
2025/12/22 04:59:38 - mmengine - INFO - Iter(val) [32/32]    seg/aAcc: 94.9300  seg/mIoU: 78.0000  seg/mAcc: 88.1100  depth/abs_rel: 0.1167  depth/sq_rel: 0.0031  depth/rmse: 0.0226  depth/rmse_log: 0.1662  depth/d1: 0.8811  depth/d2: 0.9739  depth/d3: 0.9918  data_time: 0.0029  time: 0.0142
2025/12/22 04:59:52 - mmengine - INFO - Iter(train) [13200/30000]  base_lr: 2.4259e-04 lr: 2.4259e-04  eta: 0:19:38  time: 0.0695  data_time: 0.0063  memory: 1482  loss: 98.3381  seg.loss_ce: 0.0579  seg.loss_dice: 0.0068  seg.acc_seg: 97.6235  depth.loss_depth_silog: 0.0238  depth.loss_depth_berhu: 0.0028  grad_norm: 1.0247
2025/12/22 04:59:52 - mmengine - INFO - per class results:
2025/12/22 04:59:52 - mmengine - INFO - 
+-------------+-------+-------+
|    Class    |  IoU  |  Acc  |
+-------------+-------+-------+
|  background | 43.61 | 50.59 |
|    chamoe   |  76.9 | 90.36 |
|   heatpipe  |  74.4 | 92.24 |
|     path    | 91.59 | 96.98 |
|    pillar   | 74.95 | 89.89 |
| topdownfarm | 96.66 | 97.89 |
|   unknown   | 87.88 | 98.12 |
+-------------+-------+-------+
2025/12/22 04:59:53 - mmengine - INFO - results:
2025/12/22 04:59:53 - mmengine - INFO - 
+---------+---------+---------+----------+---------+---------+-------+
| abs_rel |  sq_rel |   rmse  | rmse_log |    d1   |    d2   |   d3  |
+---------+---------+---------+----------+---------+---------+-------+
| 0.12027 | 0.00298 | 0.02226 | 0.16773  | 0.86953 | 0.97374 | 0.992 |
+---------+---------+---------+----------+---------+---------+-------+
2025/12/22 04:59:53 - mmengine - INFO - MTLIterLoggerHook: Validation @ iter 13200 - mIoU=78.0000, abs_rel=0.1203
2025/12/22 04:59:53 - mmengine - INFO - Iter(val) [32/32]    seg/aAcc: 95.0500  seg/mIoU: 78.0000  seg/mAcc: 88.0100  depth/abs_rel: 0.1203  depth/sq_rel: 0.0030  depth/rmse: 0.0223  depth/rmse_log: 0.1677  depth/d1: 0.8695  depth/d2: 0.9737  depth/d3: 0.9920  data_time: 0.0029  time: 0.0142
2025/12/22 05:00:06 - mmengine - INFO - Iter(train) [13400/30000]  base_lr: 2.4003e-04 lr: 2.4003e-04  eta: 0:19:24  time: 0.0698  data_time: 0.0063  memory: 1482  loss: 98.4236  seg.loss_ce: 0.0547  seg.loss_dice: 0.0065  seg.acc_seg: 97.7569  depth.loss_depth_silog: 0.0222  depth.loss_depth_berhu: 0.0026  grad_norm: 0.7898
2025/12/22 05:00:07 - mmengine - INFO - per class results:
2025/12/22 05:00:07 - mmengine - INFO - 
+-------------+-------+-------+
|    Class    |  IoU  |  Acc  |
+-------------+-------+-------+
|  background | 44.14 | 51.19 |
|    chamoe   | 76.67 | 90.68 |
|   heatpipe  | 74.19 |  91.4 |
|     path    | 91.57 | 96.95 |
|    pillar   | 75.06 | 87.74 |
| topdownfarm | 96.64 | 97.94 |
|   unknown   | 87.83 | 98.35 |
+-------------+-------+-------+
2025/12/22 05:00:07 - mmengine - INFO - results:
2025/12/22 05:00:07 - mmengine - INFO - 
+---------+--------+--------+----------+---------+---------+---------+
| abs_rel | sq_rel |  rmse  | rmse_log |    d1   |    d2   |    d3   |
+---------+--------+--------+----------+---------+---------+---------+
| 0.11643 | 0.003  | 0.0224 | 0.16748  | 0.87789 | 0.97387 | 0.99165 |
+---------+--------+--------+----------+---------+---------+---------+
2025/12/22 05:00:07 - mmengine - INFO - MTLIterLoggerHook: Validation @ iter 13400 - mIoU=78.0200, abs_rel=0.1164
2025/12/22 05:00:07 - mmengine - INFO - Iter(val) [32/32]    seg/aAcc: 95.0600  seg/mIoU: 78.0200  seg/mAcc: 87.7500  depth/abs_rel: 0.1164  depth/sq_rel: 0.0030  depth/rmse: 0.0224  depth/rmse_log: 0.1675  depth/d1: 0.8779  depth/d2: 0.9739  depth/d3: 0.9916  data_time: 0.0029  time: 0.0144
2025/12/22 05:00:21 - mmengine - INFO - Iter(train) [13600/30000]  base_lr: 2.3747e-04 lr: 2.3747e-04  eta: 0:19:10  time: 0.0695  data_time: 0.0067  memory: 1482  loss: 98.4291  seg.loss_ce: 0.0556  seg.loss_dice: 0.0065  seg.acc_seg: 97.8271  depth.loss_depth_silog: 0.0223  depth.loss_depth_berhu: 0.0027  grad_norm: 0.8894
2025/12/22 05:00:21 - mmengine - INFO - per class results:
2025/12/22 05:00:21 - mmengine - INFO - 
+-------------+-------+-------+
|    Class    |  IoU  |  Acc  |
+-------------+-------+-------+
|  background | 43.78 | 50.29 |
|    chamoe   | 77.22 |  90.3 |
|   heatpipe  | 74.97 | 90.84 |
|     path    | 91.35 | 97.47 |
|    pillar   | 74.81 | 89.05 |
| topdownfarm | 96.68 | 97.97 |
|   unknown   | 88.27 | 97.93 |
+-------------+-------+-------+
2025/12/22 05:00:21 - mmengine - INFO - results:
2025/12/22 05:00:21 - mmengine - INFO - 
+---------+---------+---------+----------+---------+---------+---------+
| abs_rel |  sq_rel |   rmse  | rmse_log |    d1   |    d2   |    d3   |
+---------+---------+---------+----------+---------+---------+---------+
| 0.11476 | 0.00294 | 0.02218 | 0.16499  | 0.87987 | 0.97426 | 0.99195 |
+---------+---------+---------+----------+---------+---------+---------+
2025/12/22 05:00:21 - mmengine - INFO - MTLIterLoggerHook: Validation @ iter 13600 - mIoU=78.1600, abs_rel=0.1148
2025/12/22 05:00:21 - mmengine - INFO - Iter(val) [32/32]    seg/aAcc: 95.1000  seg/mIoU: 78.1600  seg/mAcc: 87.6900  depth/abs_rel: 0.1148  depth/sq_rel: 0.0029  depth/rmse: 0.0222  depth/rmse_log: 0.1650  depth/d1: 0.8799  depth/d2: 0.9743  depth/d3: 0.9920  data_time: 0.0030  time: 0.0140
2025/12/22 05:00:35 - mmengine - INFO - Iter(train) [13800/30000]  base_lr: 2.3490e-04 lr: 2.3490e-04  eta: 0:18:56  time: 0.0693  data_time: 0.0064  memory: 1482  loss: 98.2927  seg.loss_ce: 0.0675  seg.loss_dice: 0.0071  seg.acc_seg: 98.3929  depth.loss_depth_silog: 0.0243  depth.loss_depth_berhu: 0.0029  grad_norm: 0.9940
2025/12/22 05:00:35 - mmengine - INFO - per class results:
2025/12/22 05:00:35 - mmengine - INFO - 
+-------------+-------+-------+
|    Class    |  IoU  |  Acc  |
+-------------+-------+-------+
|  background | 44.13 | 51.27 |
|    chamoe   | 77.05 | 91.09 |
|   heatpipe  | 74.46 | 92.03 |
|     path    | 91.52 |  97.1 |
|    pillar   |  75.1 | 86.42 |
| topdownfarm | 96.69 | 97.95 |
|   unknown   | 87.74 | 98.38 |
+-------------+-------+-------+
2025/12/22 05:00:35 - mmengine - INFO - results:
2025/12/22 05:00:35 - mmengine - INFO - 
+---------+---------+---------+----------+---------+---------+---------+
| abs_rel |  sq_rel |   rmse  | rmse_log |    d1   |    d2   |    d3   |
+---------+---------+---------+----------+---------+---------+---------+
| 0.11482 | 0.00308 | 0.02249 | 0.16726  | 0.88193 | 0.97334 | 0.99145 |
+---------+---------+---------+----------+---------+---------+---------+
2025/12/22 05:00:35 - mmengine - INFO - MTLIterLoggerHook: Validation @ iter 13800 - mIoU=78.1000, abs_rel=0.1148
2025/12/22 05:00:35 - mmengine - INFO - Iter(val) [32/32]    seg/aAcc: 95.0800  seg/mIoU: 78.1000  seg/mAcc: 87.7500  depth/abs_rel: 0.1148  depth/sq_rel: 0.0031  depth/rmse: 0.0225  depth/rmse_log: 0.1673  depth/d1: 0.8819  depth/d2: 0.9733  depth/d3: 0.9914  data_time: 0.0028  time: 0.0145
2025/12/22 05:00:49 - mmengine - INFO - Exp name: chamnet_mtl_base_segformer_chamdatav3_20251222_044351
2025/12/22 05:00:49 - mmengine - INFO - Iter(train) [14000/30000]  base_lr: 2.3234e-04 lr: 2.3234e-04  eta: 0:18:42  time: 0.0708  data_time: 0.0064  memory: 1482  loss: 98.4761  seg.loss_ce: 0.0502  seg.loss_dice: 0.0062  seg.acc_seg: 98.1922  depth.loss_depth_silog: 0.0227  depth.loss_depth_berhu: 0.0026  grad_norm: 0.7915
2025/12/22 05:00:50 - mmengine - INFO - per class results:
2025/12/22 05:00:50 - mmengine - INFO - 
+-------------+-------+-------+
|    Class    |  IoU  |  Acc  |
+-------------+-------+-------+
|  background | 43.05 | 49.01 |
|    chamoe   | 76.93 | 88.48 |
|   heatpipe  | 74.29 | 91.05 |
|     path    | 91.27 | 97.62 |
|    pillar   | 74.91 | 88.25 |
| topdownfarm | 96.68 | 97.99 |
|   unknown   | 87.66 | 98.28 |
+-------------+-------+-------+
2025/12/22 05:00:50 - mmengine - INFO - results:
2025/12/22 05:00:50 - mmengine - INFO - 
+---------+---------+---------+----------+---------+---------+---------+
| abs_rel |  sq_rel |   rmse  | rmse_log |    d1   |    d2   |    d3   |
+---------+---------+---------+----------+---------+---------+---------+
| 0.12176 | 0.00325 | 0.02251 | 0.16874  | 0.87046 | 0.97322 | 0.99171 |
+---------+---------+---------+----------+---------+---------+---------+
2025/12/22 05:00:50 - mmengine - INFO - MTLIterLoggerHook: Validation @ iter 14000 - mIoU=77.8300, abs_rel=0.1218
2025/12/22 05:00:50 - mmengine - INFO - Iter(val) [32/32]    seg/aAcc: 95.0400  seg/mIoU: 77.8300  seg/mAcc: 87.2400  depth/abs_rel: 0.1218  depth/sq_rel: 0.0033  depth/rmse: 0.0225  depth/rmse_log: 0.1687  depth/d1: 0.8705  depth/d2: 0.9732  depth/d3: 0.9917  data_time: 0.0029  time: 0.0141
2025/12/22 05:01:04 - mmengine - INFO - Iter(train) [14200/30000]  base_lr: 2.2977e-04 lr: 2.2977e-04  eta: 0:18:27  time: 0.0701  data_time: 0.0064  memory: 1482  loss: 98.2336  seg.loss_ce: 0.0648  seg.loss_dice: 0.0072  seg.acc_seg: 98.6890  depth.loss_depth_silog: 0.0227  depth.loss_depth_berhu: 0.0029  grad_norm: 0.8438
2025/12/22 05:01:04 - mmengine - INFO - per class results:
2025/12/22 05:01:04 - mmengine - INFO - 
+-------------+-------+-------+
|    Class    |  IoU  |  Acc  |
+-------------+-------+-------+
|  background | 43.94 | 51.17 |
|    chamoe   | 77.28 | 89.11 |
|   heatpipe  | 74.15 |  91.9 |
|     path    | 91.57 | 97.22 |
|    pillar   | 74.93 | 87.61 |
| topdownfarm |  96.7 | 97.96 |
|   unknown   | 87.69 | 98.31 |
+-------------+-------+-------+
2025/12/22 05:01:04 - mmengine - INFO - results:
2025/12/22 05:01:04 - mmengine - INFO - 
+---------+---------+---------+----------+--------+---------+---------+
| abs_rel |  sq_rel |   rmse  | rmse_log |   d1   |    d2   |    d3   |
+---------+---------+---------+----------+--------+---------+---------+
| 0.11687 | 0.00318 | 0.02262 | 0.16684  | 0.8771 | 0.97332 | 0.99158 |
+---------+---------+---------+----------+--------+---------+---------+
2025/12/22 05:01:04 - mmengine - INFO - MTLIterLoggerHook: Validation @ iter 14200 - mIoU=78.0400, abs_rel=0.1169
2025/12/22 05:01:04 - mmengine - INFO - Iter(val) [32/32]    seg/aAcc: 95.0800  seg/mIoU: 78.0400  seg/mAcc: 87.6100  depth/abs_rel: 0.1169  depth/sq_rel: 0.0032  depth/rmse: 0.0226  depth/rmse_log: 0.1668  depth/d1: 0.8771  depth/d2: 0.9733  depth/d3: 0.9916  data_time: 0.0031  time: 0.0150
2025/12/22 05:01:18 - mmengine - INFO - Iter(train) [14400/30000]  base_lr: 2.2719e-04 lr: 2.2719e-04  eta: 0:18:13  time: 0.0695  data_time: 0.0063  memory: 1482  loss: 98.2401  seg.loss_ce: 0.0588  seg.loss_dice: 0.0072  seg.acc_seg: 98.1133  depth.loss_depth_silog: 0.0241  depth.loss_depth_berhu: 0.0029  grad_norm: 1.2495
2025/12/22 05:01:19 - mmengine - INFO - per class results:
2025/12/22 05:01:19 - mmengine - INFO - 
+-------------+-------+-------+
|    Class    |  IoU  |  Acc  |
+-------------+-------+-------+
|  background | 43.94 |  50.6 |
|    chamoe   | 76.86 | 90.18 |
|   heatpipe  | 73.75 | 92.44 |
|     path    | 91.46 | 96.92 |
|    pillar   |  75.2 | 88.93 |
| topdownfarm | 96.67 | 97.98 |
|   unknown   |  88.1 | 98.19 |
+-------------+-------+-------+
2025/12/22 05:01:19 - mmengine - INFO - results:
2025/12/22 05:01:19 - mmengine - INFO - 
+---------+---------+---------+----------+---------+---------+---------+
| abs_rel |  sq_rel |   rmse  | rmse_log |    d1   |    d2   |    d3   |
+---------+---------+---------+----------+---------+---------+---------+
| 0.11425 | 0.00295 | 0.02231 | 0.16698  | 0.88058 | 0.97339 | 0.99151 |
+---------+---------+---------+----------+---------+---------+---------+
2025/12/22 05:01:19 - mmengine - INFO - MTLIterLoggerHook: Validation @ iter 14400 - mIoU=78.0000, abs_rel=0.1143
2025/12/22 05:01:19 - mmengine - INFO - Iter(val) [32/32]    seg/aAcc: 95.0800  seg/mIoU: 78.0000  seg/mAcc: 87.8900  depth/abs_rel: 0.1143  depth/sq_rel: 0.0029  depth/rmse: 0.0223  depth/rmse_log: 0.1670  depth/d1: 0.8806  depth/d2: 0.9734  depth/d3: 0.9915  data_time: 0.0030  time: 0.0141
2025/12/22 05:01:33 - mmengine - INFO - Iter(train) [14600/30000]  base_lr: 2.2462e-04 lr: 2.2462e-04  eta: 0:17:59  time: 0.0704  data_time: 0.0062  memory: 1482  loss: 98.3122  seg.loss_ce: 0.0554  seg.loss_dice: 0.0068  seg.acc_seg: 98.4723  depth.loss_depth_silog: 0.0208  depth.loss_depth_berhu: 0.0027  grad_norm: 0.7544
2025/12/22 05:01:33 - mmengine - INFO - per class results:
2025/12/22 05:01:33 - mmengine - INFO - 
+-------------+-------+-------+
|    Class    |  IoU  |  Acc  |
+-------------+-------+-------+
|  background | 43.97 |  51.1 |
|    chamoe   | 76.62 | 91.64 |
|   heatpipe  | 74.39 | 92.17 |
|     path    | 91.41 | 97.18 |
|    pillar   | 75.11 | 88.78 |
| topdownfarm | 96.61 | 97.76 |
|   unknown   | 87.86 | 98.14 |
+-------------+-------+-------+
2025/12/22 05:01:33 - mmengine - INFO - results:
2025/12/22 05:01:33 - mmengine - INFO - 
+---------+---------+---------+----------+---------+---------+---------+
| abs_rel |  sq_rel |   rmse  | rmse_log |    d1   |    d2   |    d3   |
+---------+---------+---------+----------+---------+---------+---------+
|  0.1162 | 0.00307 | 0.02228 | 0.16648  | 0.87857 | 0.97347 | 0.99165 |
+---------+---------+---------+----------+---------+---------+---------+
2025/12/22 05:01:33 - mmengine - INFO - MTLIterLoggerHook: Validation @ iter 14600 - mIoU=77.9900, abs_rel=0.1162
2025/12/22 05:01:33 - mmengine - INFO - Iter(val) [32/32]    seg/aAcc: 95.0300  seg/mIoU: 77.9900  seg/mAcc: 88.1100  depth/abs_rel: 0.1162  depth/sq_rel: 0.0031  depth/rmse: 0.0223  depth/rmse_log: 0.1665  depth/d1: 0.8786  depth/d2: 0.9735  depth/d3: 0.9917  data_time: 0.0028  time: 0.0145
2025/12/22 05:01:47 - mmengine - INFO - Iter(train) [14800/30000]  base_lr: 2.2204e-04 lr: 2.2204e-04  eta: 0:17:45  time: 0.0695  data_time: 0.0064  memory: 1482  loss: 98.4826  seg.loss_ce: 0.0540  seg.loss_dice: 0.0063  seg.acc_seg: 98.5994  depth.loss_depth_silog: 0.0268  depth.loss_depth_berhu: 0.0028  grad_norm: 1.0046
2025/12/22 05:01:48 - mmengine - INFO - per class results:
2025/12/22 05:01:48 - mmengine - INFO - 
+-------------+-------+-------+
|    Class    |  IoU  |  Acc  |
+-------------+-------+-------+
|  background |  43.9 |  50.7 |
|    chamoe   | 77.19 | 90.39 |
|   heatpipe  | 75.31 | 90.56 |
|     path    | 91.55 | 97.49 |
|    pillar   |  75.0 | 87.18 |
| topdownfarm | 96.67 | 97.95 |
|   unknown   | 87.77 | 98.29 |
+-------------+-------+-------+
2025/12/22 05:01:48 - mmengine - INFO - results:
2025/12/22 05:01:48 - mmengine - INFO - 
+---------+---------+---------+----------+---------+---------+---------+
| abs_rel |  sq_rel |   rmse  | rmse_log |    d1   |    d2   |    d3   |
+---------+---------+---------+----------+---------+---------+---------+
| 0.11813 | 0.00315 | 0.02242 | 0.16613  | 0.88079 | 0.97376 | 0.99172 |
+---------+---------+---------+----------+---------+---------+---------+
2025/12/22 05:01:48 - mmengine - INFO - MTLIterLoggerHook: Validation @ iter 14800 - mIoU=78.2000, abs_rel=0.1181
2025/12/22 05:01:48 - mmengine - INFO - Iter(val) [32/32]    seg/aAcc: 95.0900  seg/mIoU: 78.2000  seg/mAcc: 87.5100  depth/abs_rel: 0.1181  depth/sq_rel: 0.0032  depth/rmse: 0.0224  depth/rmse_log: 0.1661  depth/d1: 0.8808  depth/d2: 0.9738  depth/d3: 0.9917  data_time: 0.0029  time: 0.0140
2025/12/22 05:02:01 - mmengine - INFO - Exp name: chamnet_mtl_base_segformer_chamdatav3_20251222_044351
2025/12/22 05:02:01 - mmengine - INFO - Iter(train) [15000/30000]  base_lr: 2.1945e-04 lr: 2.1945e-04  eta: 0:17:31  time: 0.0698  data_time: 0.0063  memory: 1482  loss: 98.4263  seg.loss_ce: 0.0580  seg.loss_dice: 0.0065  seg.acc_seg: 97.9282  depth.loss_depth_silog: 0.0241  depth.loss_depth_berhu: 0.0027  grad_norm: 1.1220
2025/12/22 05:02:02 - mmengine - INFO - per class results:
2025/12/22 05:02:02 - mmengine - INFO - 
+-------------+-------+-------+
|    Class    |  IoU  |  Acc  |
+-------------+-------+-------+
|  background | 43.91 | 51.04 |
|    chamoe   | 76.77 |  88.8 |
|   heatpipe  | 74.21 |  92.1 |
|     path    | 91.56 | 97.05 |
|    pillar   | 74.95 | 88.36 |
| topdownfarm | 96.68 |  98.0 |
|   unknown   |  87.9 | 98.16 |
+-------------+-------+-------+
2025/12/22 05:02:02 - mmengine - INFO - results:
2025/12/22 05:02:02 - mmengine - INFO - 
+---------+--------+---------+----------+---------+---------+---------+
| abs_rel | sq_rel |   rmse  | rmse_log |    d1   |    d2   |    d3   |
+---------+--------+---------+----------+---------+---------+---------+
| 0.11431 | 0.003  | 0.02266 | 0.16803  | 0.87731 | 0.97357 | 0.99162 |
+---------+--------+---------+----------+---------+---------+---------+
2025/12/22 05:02:02 - mmengine - INFO - MTLIterLoggerHook: Validation @ iter 15000 - mIoU=78.0000, abs_rel=0.1143
2025/12/22 05:02:02 - mmengine - INFO - Iter(val) [32/32]    seg/aAcc: 95.0700  seg/mIoU: 78.0000  seg/mAcc: 87.6400  depth/abs_rel: 0.1143  depth/sq_rel: 0.0030  depth/rmse: 0.0227  depth/rmse_log: 0.1680  depth/d1: 0.8773  depth/d2: 0.9736  depth/d3: 0.9916  data_time: 0.0029  time: 0.0141
2025/12/22 05:02:16 - mmengine - INFO - Iter(train) [15200/30000]  base_lr: 2.1686e-04 lr: 2.1686e-04  eta: 0:17:17  time: 0.0690  data_time: 0.0064  memory: 1482  loss: 98.6268  seg.loss_ce: 0.0484  seg.loss_dice: 0.0057  seg.acc_seg: 98.4347  depth.loss_depth_silog: 0.0226  depth.loss_depth_berhu: 0.0026  grad_norm: 0.7783
2025/12/22 05:02:16 - mmengine - INFO - per class results:
2025/12/22 05:02:16 - mmengine - INFO - 
+-------------+-------+-------+
|    Class    |  IoU  |  Acc  |
+-------------+-------+-------+
|  background | 43.99 | 51.05 |
|    chamoe   | 76.79 | 90.53 |
|   heatpipe  | 74.46 | 92.29 |
|     path    | 91.59 | 97.13 |
|    pillar   | 74.96 | 87.35 |
| topdownfarm | 96.65 |  97.9 |
|   unknown   |  87.7 | 98.33 |
+-------------+-------+-------+
2025/12/22 05:02:16 - mmengine - INFO - results:
2025/12/22 05:02:16 - mmengine - INFO - 
+---------+---------+---------+----------+---------+---------+---------+
| abs_rel |  sq_rel |   rmse  | rmse_log |    d1   |    d2   |    d3   |
+---------+---------+---------+----------+---------+---------+---------+
| 0.11364 | 0.00306 | 0.02222 | 0.16624  | 0.88325 | 0.97365 | 0.99149 |
+---------+---------+---------+----------+---------+---------+---------+
2025/12/22 05:02:16 - mmengine - INFO - MTLIterLoggerHook: Validation @ iter 15200 - mIoU=78.0200, abs_rel=0.1136
2025/12/22 05:02:16 - mmengine - INFO - Iter(val) [32/32]    seg/aAcc: 95.0600  seg/mIoU: 78.0200  seg/mAcc: 87.8000  depth/abs_rel: 0.1136  depth/sq_rel: 0.0031  depth/rmse: 0.0222  depth/rmse_log: 0.1662  depth/d1: 0.8833  depth/d2: 0.9737  depth/d3: 0.9915  data_time: 0.0029  time: 0.0142
2025/12/22 05:02:30 - mmengine - INFO - Iter(train) [15400/30000]  base_lr: 2.1427e-04 lr: 2.1427e-04  eta: 0:17:02  time: 0.0708  data_time: 0.0067  memory: 1482  loss: 98.3658  seg.loss_ce: 0.0564  seg.loss_dice: 0.0067  seg.acc_seg: 97.9484  depth.loss_depth_silog: 0.0226  depth.loss_depth_berhu: 0.0027  grad_norm: 0.9395
2025/12/22 05:02:30 - mmengine - INFO - per class results:
2025/12/22 05:02:30 - mmengine - INFO - 
+-------------+-------+-------+
|    Class    |  IoU  |  Acc  |
+-------------+-------+-------+
|  background | 43.88 | 51.42 |
|    chamoe   | 77.39 | 89.54 |
|   heatpipe  | 73.55 | 93.56 |
|     path    | 91.32 | 96.57 |
|    pillar   | 74.87 | 89.01 |
| topdownfarm | 96.67 | 97.92 |
|   unknown   | 87.73 | 98.12 |
+-------------+-------+-------+
2025/12/22 05:02:30 - mmengine - INFO - results:
2025/12/22 05:02:30 - mmengine - INFO - 
+---------+---------+---------+----------+---------+---------+---------+
| abs_rel |  sq_rel |   rmse  | rmse_log |    d1   |    d2   |    d3   |
+---------+---------+---------+----------+---------+---------+---------+
| 0.11773 | 0.00291 | 0.02241 | 0.16603  | 0.87433 | 0.97446 | 0.99216 |
+---------+---------+---------+----------+---------+---------+---------+
2025/12/22 05:02:30 - mmengine - INFO - MTLIterLoggerHook: Validation @ iter 15400 - mIoU=77.9200, abs_rel=0.1177
2025/12/22 05:02:30 - mmengine - INFO - Iter(val) [32/32]    seg/aAcc: 95.0200  seg/mIoU: 77.9200  seg/mAcc: 88.0200  depth/abs_rel: 0.1177  depth/sq_rel: 0.0029  depth/rmse: 0.0224  depth/rmse_log: 0.1660  depth/d1: 0.8743  depth/d2: 0.9745  depth/d3: 0.9922  data_time: 0.0029  time: 0.0141
2025/12/22 05:02:44 - mmengine - INFO - Iter(train) [15600/30000]  base_lr: 2.1168e-04 lr: 2.1168e-04  eta: 0:16:48  time: 0.0688  data_time: 0.0062  memory: 1482  loss: 98.4373  seg.loss_ce: 0.0514  seg.loss_dice: 0.0064  seg.acc_seg: 98.1498  depth.loss_depth_silog: 0.0225  depth.loss_depth_berhu: 0.0026  grad_norm: 0.8446
2025/12/22 05:02:45 - mmengine - INFO - per class results:
2025/12/22 05:02:45 - mmengine - INFO - 
+-------------+-------+-------+
|    Class    |  IoU  |  Acc  |
+-------------+-------+-------+
|  background | 43.64 | 50.46 |
|    chamoe   | 77.02 |  90.5 |
|   heatpipe  | 74.66 | 92.37 |
|     path    | 91.44 | 97.21 |
|    pillar   | 75.33 |  87.1 |
| topdownfarm | 96.68 | 97.94 |
|   unknown   | 87.55 | 98.33 |
+-------------+-------+-------+
2025/12/22 05:02:45 - mmengine - INFO - results:
2025/12/22 05:02:45 - mmengine - INFO - 
+---------+---------+---------+----------+--------+---------+---------+
| abs_rel |  sq_rel |   rmse  | rmse_log |   d1   |    d2   |    d3   |
+---------+---------+---------+----------+--------+---------+---------+
| 0.11764 | 0.00335 | 0.02311 | 0.16823  | 0.8781 | 0.97305 | 0.99134 |
+---------+---------+---------+----------+--------+---------+---------+
2025/12/22 05:02:45 - mmengine - INFO - MTLIterLoggerHook: Validation @ iter 15600 - mIoU=78.0500, abs_rel=0.1176
2025/12/22 05:02:45 - mmengine - INFO - Iter(val) [32/32]    seg/aAcc: 95.0600  seg/mIoU: 78.0500  seg/mAcc: 87.7000  depth/abs_rel: 0.1176  depth/sq_rel: 0.0033  depth/rmse: 0.0231  depth/rmse_log: 0.1682  depth/d1: 0.8781  depth/d2: 0.9730  depth/d3: 0.9913  data_time: 0.0028  time: 0.0141
2025/12/22 05:02:58 - mmengine - INFO - Iter(train) [15800/30000]  base_lr: 2.0908e-04 lr: 2.0908e-04  eta: 0:16:34  time: 0.0689  data_time: 0.0063  memory: 1482  loss: 98.2008  seg.loss_ce: 0.0572  seg.loss_dice: 0.0073  seg.acc_seg: 97.9789  depth.loss_depth_silog: 0.0211  depth.loss_depth_berhu: 0.0028  grad_norm: 1.1371
2025/12/22 05:02:59 - mmengine - INFO - per class results:
2025/12/22 05:02:59 - mmengine - INFO - 
+-------------+-------+-------+
|    Class    |  IoU  |  Acc  |
+-------------+-------+-------+
|  background | 42.64 | 48.55 |
|    chamoe   |  76.8 | 90.53 |
|   heatpipe  | 74.24 | 92.37 |
|     path    | 91.38 | 97.25 |
|    pillar   |  74.6 | 89.85 |
| topdownfarm |  96.6 | 97.83 |
|   unknown   | 87.56 | 98.34 |
+-------------+-------+-------+
2025/12/22 05:02:59 - mmengine - INFO - results:
2025/12/22 05:02:59 - mmengine - INFO - 
+---------+---------+---------+----------+---------+---------+---------+
| abs_rel |  sq_rel |   rmse  | rmse_log |    d1   |    d2   |    d3   |
+---------+---------+---------+----------+---------+---------+---------+
| 0.11642 | 0.00295 | 0.02218 | 0.16649  | 0.87804 | 0.97432 | 0.99172 |
+---------+---------+---------+----------+---------+---------+---------+
2025/12/22 05:02:59 - mmengine - INFO - MTLIterLoggerHook: Validation @ iter 15800 - mIoU=77.6900, abs_rel=0.1164
2025/12/22 05:02:59 - mmengine - INFO - Iter(val) [32/32]    seg/aAcc: 94.9800  seg/mIoU: 77.6900  seg/mAcc: 87.8200  depth/abs_rel: 0.1164  depth/sq_rel: 0.0029  depth/rmse: 0.0222  depth/rmse_log: 0.1665  depth/d1: 0.8780  depth/d2: 0.9743  depth/d3: 0.9917  data_time: 0.0029  time: 0.0141
2025/12/22 05:03:13 - mmengine - INFO - Exp name: chamnet_mtl_base_segformer_chamdatav3_20251222_044351
2025/12/22 05:03:13 - mmengine - INFO - Iter(train) [16000/30000]  base_lr: 2.0648e-04 lr: 2.0648e-04  eta: 0:16:20  time: 0.0688  data_time: 0.0063  memory: 1482  loss: 98.3966  seg.loss_ce: 0.0566  seg.loss_dice: 0.0066  seg.acc_seg: 98.2552  depth.loss_depth_silog: 0.0212  depth.loss_depth_berhu: 0.0025  grad_norm: 0.8472
2025/12/22 05:03:13 - mmengine - INFO - per class results:
2025/12/22 05:03:13 - mmengine - INFO - 
+-------------+-------+-------+
|    Class    |  IoU  |  Acc  |
+-------------+-------+-------+
|  background | 44.11 | 51.97 |
|    chamoe   | 76.57 | 90.39 |
|   heatpipe  | 74.84 | 92.17 |
|     path    | 91.49 |  96.9 |
|    pillar   | 75.13 | 87.36 |
| topdownfarm | 96.61 | 97.85 |
|   unknown   | 87.74 | 98.28 |
+-------------+-------+-------+
2025/12/22 05:03:13 - mmengine - INFO - results:
2025/12/22 05:03:13 - mmengine - INFO - 
+---------+---------+---------+----------+---------+---------+---------+
| abs_rel |  sq_rel |   rmse  | rmse_log |    d1   |    d2   |    d3   |
+---------+---------+---------+----------+---------+---------+---------+
| 0.11283 | 0.00287 | 0.02202 | 0.16279  | 0.88651 | 0.97468 | 0.99205 |
+---------+---------+---------+----------+---------+---------+---------+
2025/12/22 05:03:13 - mmengine - INFO - MTLIterLoggerHook: Validation @ iter 16000 - mIoU=78.0700, abs_rel=0.1128
2025/12/22 05:03:13 - mmengine - INFO - Iter(val) [32/32]    seg/aAcc: 95.0200  seg/mIoU: 78.0700  seg/mAcc: 87.8500  depth/abs_rel: 0.1128  depth/sq_rel: 0.0029  depth/rmse: 0.0220  depth/rmse_log: 0.1628  depth/d1: 0.8865  depth/d2: 0.9747  depth/d3: 0.9920  data_time: 0.0030  time: 0.0140
2025/12/22 05:03:13 - mmengine - INFO - The previous best checkpoint /workspace/mmsegmentation/work_dirs/chamnet_mtl_manual_1_5_last_ch128_int/best_depth_abs_rel_iter_12800.pth is removed
2025/12/22 05:03:14 - mmengine - INFO - The best checkpoint with 0.1128 depth/abs_rel at 16000 iter is saved to best_depth_abs_rel_iter_16000.pth.
2025/12/22 05:03:27 - mmengine - INFO - Iter(train) [16200/30000]  base_lr: 2.0388e-04 lr: 2.0388e-04  eta: 0:16:06  time: 0.0689  data_time: 0.0062  memory: 1482  loss: 98.4532  seg.loss_ce: 0.0531  seg.loss_dice: 0.0063  seg.acc_seg: 98.4367  depth.loss_depth_silog: 0.0233  depth.loss_depth_berhu: 0.0027  grad_norm: 0.7968
2025/12/22 05:03:28 - mmengine - INFO - per class results:
2025/12/22 05:03:28 - mmengine - INFO - 
+-------------+-------+-------+
|    Class    |  IoU  |  Acc  |
+-------------+-------+-------+
|  background | 43.59 | 50.41 |
|    chamoe   | 76.75 | 89.49 |
|   heatpipe  | 74.71 | 91.17 |
|     path    |  91.4 | 97.37 |
|    pillar   | 75.31 | 87.47 |
| topdownfarm | 96.65 | 97.93 |
|   unknown   | 87.64 | 98.37 |
+-------------+-------+-------+
2025/12/22 05:03:28 - mmengine - INFO - results:
2025/12/22 05:03:28 - mmengine - INFO - 
+---------+---------+---------+----------+---------+--------+---------+
| abs_rel |  sq_rel |   rmse  | rmse_log |    d1   |   d2   |    d3   |
+---------+---------+---------+----------+---------+--------+---------+
| 0.11533 | 0.00312 | 0.02243 | 0.16742  | 0.87851 | 0.9732 | 0.99138 |
+---------+---------+---------+----------+---------+--------+---------+
2025/12/22 05:03:28 - mmengine - INFO - MTLIterLoggerHook: Validation @ iter 16200 - mIoU=78.0100, abs_rel=0.1153
2025/12/22 05:03:28 - mmengine - INFO - Iter(val) [32/32]    seg/aAcc: 95.0400  seg/mIoU: 78.0100  seg/mAcc: 87.4600  depth/abs_rel: 0.1153  depth/sq_rel: 0.0031  depth/rmse: 0.0224  depth/rmse_log: 0.1674  depth/d1: 0.8785  depth/d2: 0.9732  depth/d3: 0.9914  data_time: 0.0028  time: 0.0141
2025/12/22 05:03:42 - mmengine - INFO - Iter(train) [16400/30000]  base_lr: 2.0127e-04 lr: 2.0127e-04  eta: 0:15:52  time: 0.0703  data_time: 0.0065  memory: 1482  loss: 98.3620  seg.loss_ce: 0.0576  seg.loss_dice: 0.0067  seg.acc_seg: 97.8173  depth.loss_depth_silog: 0.0218  depth.loss_depth_berhu: 0.0027  grad_norm: 0.9664
2025/12/22 05:03:42 - mmengine - INFO - per class results:
2025/12/22 05:03:42 - mmengine - INFO - 
+-------------+-------+-------+
|    Class    |  IoU  |  Acc  |
+-------------+-------+-------+
|  background | 44.46 | 53.11 |
|    chamoe   | 76.93 | 88.62 |
|   heatpipe  | 73.95 | 92.09 |
|     path    | 91.36 | 97.03 |
|    pillar   | 74.73 | 85.91 |
| topdownfarm | 96.63 | 97.86 |
|   unknown   | 87.64 | 98.23 |
+-------------+-------+-------+
2025/12/22 05:03:42 - mmengine - INFO - results:
2025/12/22 05:03:42 - mmengine - INFO - 
+---------+---------+---------+----------+---------+--------+---------+
| abs_rel |  sq_rel |   rmse  | rmse_log |    d1   |   d2   |    d3   |
+---------+---------+---------+----------+---------+--------+---------+
| 0.11596 | 0.00287 | 0.02233 | 0.16514  | 0.87721 | 0.9744 | 0.99216 |
+---------+---------+---------+----------+---------+--------+---------+
2025/12/22 05:03:42 - mmengine - INFO - MTLIterLoggerHook: Validation @ iter 16400 - mIoU=77.9600, abs_rel=0.1160
2025/12/22 05:03:42 - mmengine - INFO - Iter(val) [32/32]    seg/aAcc: 95.0000  seg/mIoU: 77.9600  seg/mAcc: 87.5500  depth/abs_rel: 0.1160  depth/sq_rel: 0.0029  depth/rmse: 0.0223  depth/rmse_log: 0.1651  depth/d1: 0.8772  depth/d2: 0.9744  depth/d3: 0.9922  data_time: 0.0028  time: 0.0142
2025/12/22 05:03:56 - mmengine - INFO - Iter(train) [16600/30000]  base_lr: 1.9865e-04 lr: 1.9865e-04  eta: 0:15:38  time: 0.0690  data_time: 0.0063  memory: 1482  loss: 98.4297  seg.loss_ce: 0.0533  seg.loss_dice: 0.0064  seg.acc_seg: 98.3624  depth.loss_depth_silog: 0.0207  depth.loss_depth_berhu: 0.0026  grad_norm: 0.6789
2025/12/22 05:03:56 - mmengine - INFO - per class results:
2025/12/22 05:03:56 - mmengine - INFO - 
+-------------+-------+-------+
|    Class    |  IoU  |  Acc  |
+-------------+-------+-------+
|  background | 44.11 | 51.51 |
|    chamoe   | 76.88 | 90.06 |
|   heatpipe  | 74.48 | 91.78 |
|     path    | 91.47 |  97.1 |
|    pillar   | 75.27 | 87.51 |
| topdownfarm | 96.67 | 97.93 |
|   unknown   | 87.79 |  98.2 |
+-------------+-------+-------+
2025/12/22 05:03:56 - mmengine - INFO - results:
2025/12/22 05:03:56 - mmengine - INFO - 
+---------+---------+---------+----------+---------+---------+---------+
| abs_rel |  sq_rel |   rmse  | rmse_log |    d1   |    d2   |    d3   |
+---------+---------+---------+----------+---------+---------+---------+
| 0.11496 | 0.00299 | 0.02231 | 0.16752  | 0.87719 | 0.97363 | 0.99148 |
+---------+---------+---------+----------+---------+---------+---------+
2025/12/22 05:03:56 - mmengine - INFO - MTLIterLoggerHook: Validation @ iter 16600 - mIoU=78.1000, abs_rel=0.1150
2025/12/22 05:03:56 - mmengine - INFO - Iter(val) [32/32]    seg/aAcc: 95.0700  seg/mIoU: 78.1000  seg/mAcc: 87.7300  depth/abs_rel: 0.1150  depth/sq_rel: 0.0030  depth/rmse: 0.0223  depth/rmse_log: 0.1675  depth/d1: 0.8772  depth/d2: 0.9736  depth/d3: 0.9915  data_time: 0.0028  time: 0.0141
2025/12/22 05:04:10 - mmengine - INFO - Iter(train) [16800/30000]  base_lr: 1.9604e-04 lr: 1.9604e-04  eta: 0:15:23  time: 0.0689  data_time: 0.0063  memory: 1482  loss: 98.4587  seg.loss_ce: 0.0522  seg.loss_dice: 0.0063  seg.acc_seg: 98.1021  depth.loss_depth_silog: 0.0215  depth.loss_depth_berhu: 0.0025  grad_norm: 0.6351
2025/12/22 05:04:10 - mmengine - INFO - per class results:
2025/12/22 05:04:10 - mmengine - INFO - 
+-------------+-------+-------+
|    Class    |  IoU  |  Acc  |
+-------------+-------+-------+
|  background | 43.48 | 50.34 |
|    chamoe   |  76.7 | 90.25 |
|   heatpipe  | 74.72 |  91.6 |
|     path    | 91.54 | 97.32 |
|    pillar   |  75.1 |  88.3 |
| topdownfarm | 96.64 | 97.88 |
|   unknown   | 87.78 | 98.27 |
+-------------+-------+-------+
2025/12/22 05:04:10 - mmengine - INFO - results:
2025/12/22 05:04:10 - mmengine - INFO - 
+---------+---------+-------+----------+---------+--------+-------+
| abs_rel |  sq_rel |  rmse | rmse_log |    d1   |   d2   |   d3  |
+---------+---------+-------+----------+---------+--------+-------+
| 0.11391 | 0.00293 | 0.022 | 0.16366  | 0.88242 | 0.9746 | 0.992 |
+---------+---------+-------+----------+---------+--------+-------+
2025/12/22 05:04:10 - mmengine - INFO - MTLIterLoggerHook: Validation @ iter 16800 - mIoU=78.0000, abs_rel=0.1139
2025/12/22 05:04:10 - mmengine - INFO - Iter(val) [32/32]    seg/aAcc: 95.0400  seg/mIoU: 78.0000  seg/mAcc: 87.7100  depth/abs_rel: 0.1139  depth/sq_rel: 0.0029  depth/rmse: 0.0220  depth/rmse_log: 0.1637  depth/d1: 0.8824  depth/d2: 0.9746  depth/d3: 0.9920  data_time: 0.0028  time: 0.0139
2025/12/22 05:04:24 - mmengine - INFO - Exp name: chamnet_mtl_base_segformer_chamdatav3_20251222_044351
2025/12/22 05:04:24 - mmengine - INFO - Iter(train) [17000/30000]  base_lr: 1.9342e-04 lr: 1.9342e-04  eta: 0:15:09  time: 0.0690  data_time: 0.0063  memory: 1482  loss: 98.3697  seg.loss_ce: 0.0556  seg.loss_dice: 0.0066  seg.acc_seg: 97.9517  depth.loss_depth_silog: 0.0207  depth.loss_depth_berhu: 0.0028  grad_norm: 0.6961
2025/12/22 05:04:25 - mmengine - INFO - per class results:
2025/12/22 05:04:25 - mmengine - INFO - 
+-------------+-------+-------+
|    Class    |  IoU  |  Acc  |
+-------------+-------+-------+
|  background | 43.43 | 50.58 |
|    chamoe   | 76.67 |  90.5 |
|   heatpipe  | 74.54 | 91.57 |
|     path    | 91.44 | 97.23 |
|    pillar   | 75.42 | 87.31 |
| topdownfarm | 96.64 | 97.87 |
|   unknown   | 87.61 |  98.4 |
+-------------+-------+-------+
2025/12/22 05:04:25 - mmengine - INFO - results:
2025/12/22 05:04:25 - mmengine - INFO - 
+---------+---------+---------+----------+---------+---------+---------+
| abs_rel |  sq_rel |   rmse  | rmse_log |    d1   |    d2   |    d3   |
+---------+---------+---------+----------+---------+---------+---------+
| 0.11465 | 0.00298 | 0.02219 | 0.16644  | 0.87889 | 0.97341 | 0.99173 |
+---------+---------+---------+----------+---------+---------+---------+
2025/12/22 05:04:25 - mmengine - INFO - MTLIterLoggerHook: Validation @ iter 17000 - mIoU=77.9600, abs_rel=0.1147
2025/12/22 05:04:25 - mmengine - INFO - Iter(val) [32/32]    seg/aAcc: 95.0300  seg/mIoU: 77.9600  seg/mAcc: 87.6400  depth/abs_rel: 0.1147  depth/sq_rel: 0.0030  depth/rmse: 0.0222  depth/rmse_log: 0.1664  depth/d1: 0.8789  depth/d2: 0.9734  depth/d3: 0.9917  data_time: 0.0030  time: 0.0148
2025/12/22 05:04:39 - mmengine - INFO - Iter(train) [17200/30000]  base_lr: 1.9079e-04 lr: 1.9079e-04  eta: 0:14:55  time: 0.0697  data_time: 0.0062  memory: 1482  loss: 98.4050  seg.loss_ce: 0.0592  seg.loss_dice: 0.0065  seg.acc_seg: 98.1243  depth.loss_depth_silog: 0.0217  depth.loss_depth_berhu: 0.0028  grad_norm: 0.9474
2025/12/22 05:04:39 - mmengine - INFO - per class results:
2025/12/22 05:04:39 - mmengine - INFO - 
+-------------+-------+-------+
|    Class    |  IoU  |  Acc  |
+-------------+-------+-------+
|  background | 44.36 | 52.23 |
|    chamoe   | 77.24 |  88.9 |
|   heatpipe  | 74.67 | 91.61 |
|     path    | 91.59 |  97.1 |
|    pillar   | 74.98 | 86.43 |
| topdownfarm | 96.68 |  98.0 |
|   unknown   | 87.73 | 98.26 |
+-------------+-------+-------+
2025/12/22 05:04:39 - mmengine - INFO - results:
2025/12/22 05:04:39 - mmengine - INFO - 
+---------+---------+---------+----------+---------+---------+---------+
| abs_rel |  sq_rel |   rmse  | rmse_log |    d1   |    d2   |    d3   |
+---------+---------+---------+----------+---------+---------+---------+
| 0.11743 | 0.00311 | 0.02248 | 0.16587  | 0.87717 | 0.97444 | 0.99186 |
+---------+---------+---------+----------+---------+---------+---------+
2025/12/22 05:04:39 - mmengine - INFO - MTLIterLoggerHook: Validation @ iter 17200 - mIoU=78.1800, abs_rel=0.1174
2025/12/22 05:04:39 - mmengine - INFO - Iter(val) [32/32]    seg/aAcc: 95.0800  seg/mIoU: 78.1800  seg/mAcc: 87.5000  depth/abs_rel: 0.1174  depth/sq_rel: 0.0031  depth/rmse: 0.0225  depth/rmse_log: 0.1659  depth/d1: 0.8772  depth/d2: 0.9744  depth/d3: 0.9919  data_time: 0.0029  time: 0.0142
2025/12/22 05:04:53 - mmengine - INFO - Iter(train) [17400/30000]  base_lr: 1.8816e-04 lr: 1.8816e-04  eta: 0:14:41  time: 0.0699  data_time: 0.0063  memory: 1482  loss: 98.3746  seg.loss_ce: 0.0529  seg.loss_dice: 0.0066  seg.acc_seg: 98.4726  depth.loss_depth_silog: 0.0220  depth.loss_depth_berhu: 0.0028  grad_norm: 0.8171
2025/12/22 05:04:54 - mmengine - INFO - per class results:
2025/12/22 05:04:54 - mmengine - INFO - 
+-------------+-------+-------+
|    Class    |  IoU  |  Acc  |
+-------------+-------+-------+
|  background | 43.62 | 50.66 |
|    chamoe   | 76.92 |  89.0 |
|   heatpipe  | 74.89 | 91.08 |
|     path    | 91.49 | 97.31 |
|    pillar   | 75.31 | 87.47 |
| topdownfarm | 96.68 | 98.01 |
|   unknown   | 87.81 | 98.25 |
+-------------+-------+-------+
2025/12/22 05:04:54 - mmengine - INFO - results:
2025/12/22 05:04:54 - mmengine - INFO - 
+---------+---------+---------+----------+---------+---------+---------+
| abs_rel |  sq_rel |   rmse  | rmse_log |    d1   |    d2   |    d3   |
+---------+---------+---------+----------+---------+---------+---------+
| 0.11201 | 0.00291 | 0.02203 | 0.16347  | 0.88742 | 0.97428 | 0.99175 |
+---------+---------+---------+----------+---------+---------+---------+
2025/12/22 05:04:54 - mmengine - INFO - MTLIterLoggerHook: Validation @ iter 17400 - mIoU=78.1000, abs_rel=0.1120
2025/12/22 05:04:54 - mmengine - INFO - Iter(val) [32/32]    seg/aAcc: 95.0700  seg/mIoU: 78.1000  seg/mAcc: 87.4000  depth/abs_rel: 0.1120  depth/sq_rel: 0.0029  depth/rmse: 0.0220  depth/rmse_log: 0.1635  depth/d1: 0.8874  depth/d2: 0.9743  depth/d3: 0.9917  data_time: 0.0029  time: 0.0139
2025/12/22 05:04:54 - mmengine - INFO - The previous best checkpoint /workspace/mmsegmentation/work_dirs/chamnet_mtl_manual_1_5_last_ch128_int/best_depth_abs_rel_iter_16000.pth is removed
2025/12/22 05:04:54 - mmengine - INFO - The best checkpoint with 0.1120 depth/abs_rel at 17400 iter is saved to best_depth_abs_rel_iter_17400.pth.
2025/12/22 05:05:08 - mmengine - INFO - Iter(train) [17600/30000]  base_lr: 1.8553e-04 lr: 1.8553e-04  eta: 0:14:27  time: 0.0689  data_time: 0.0064  memory: 1482  loss: 98.4925  seg.loss_ce: 0.0512  seg.loss_dice: 0.0062  seg.acc_seg: 98.5048  depth.loss_depth_silog: 0.0235  depth.loss_depth_berhu: 0.0026  grad_norm: 0.6946
2025/12/22 05:05:08 - mmengine - INFO - per class results:
2025/12/22 05:05:08 - mmengine - INFO - 
+-------------+-------+-------+
|    Class    |  IoU  |  Acc  |
+-------------+-------+-------+
|  background | 42.99 | 49.51 |
|    chamoe   |  76.9 | 89.72 |
|   heatpipe  | 74.15 | 92.33 |
|     path    | 91.44 | 97.24 |
|    pillar   | 75.25 | 87.58 |
| topdownfarm | 96.66 | 97.92 |
|   unknown   | 87.41 | 98.55 |
+-------------+-------+-------+
2025/12/22 05:05:08 - mmengine - INFO - results:
2025/12/22 05:05:08 - mmengine - INFO - 
+---------+---------+---------+----------+---------+---------+--------+
| abs_rel |  sq_rel |   rmse  | rmse_log |    d1   |    d2   |   d3   |
+---------+---------+---------+----------+---------+---------+--------+
| 0.11305 | 0.00296 | 0.02214 | 0.16438  | 0.88535 | 0.97423 | 0.9917 |
+---------+---------+---------+----------+---------+---------+--------+
2025/12/22 05:05:08 - mmengine - INFO - MTLIterLoggerHook: Validation @ iter 17600 - mIoU=77.8300, abs_rel=0.1131
2025/12/22 05:05:08 - mmengine - INFO - Iter(val) [32/32]    seg/aAcc: 95.0200  seg/mIoU: 77.8300  seg/mAcc: 87.5500  depth/abs_rel: 0.1131  depth/sq_rel: 0.0030  depth/rmse: 0.0221  depth/rmse_log: 0.1644  depth/d1: 0.8853  depth/d2: 0.9742  depth/d3: 0.9917  data_time: 0.0028  time: 0.0138
2025/12/22 05:05:22 - mmengine - INFO - Iter(train) [17800/30000]  base_lr: 1.8289e-04 lr: 1.8289e-04  eta: 0:14:13  time: 0.0691  data_time: 0.0065  memory: 1482  loss: 98.6901  seg.loss_ce: 0.0453  seg.loss_dice: 0.0054  seg.acc_seg: 98.1374  depth.loss_depth_silog: 0.0198  depth.loss_depth_berhu: 0.0023  grad_norm: 0.7293
2025/12/22 05:05:22 - mmengine - INFO - per class results:
2025/12/22 05:05:22 - mmengine - INFO - 
+-------------+-------+-------+
|    Class    |  IoU  |  Acc  |
+-------------+-------+-------+
|  background | 43.98 | 51.54 |
|    chamoe   | 77.02 | 90.26 |
|   heatpipe  | 74.93 | 91.54 |
|     path    | 91.58 | 97.26 |
|    pillar   | 75.01 | 89.42 |
| topdownfarm | 96.63 | 97.84 |
|   unknown   | 87.96 | 97.85 |
+-------------+-------+-------+
2025/12/22 05:05:22 - mmengine - INFO - results:
2025/12/22 05:05:22 - mmengine - INFO - 
+---------+---------+---------+----------+---------+---------+--------+
| abs_rel |  sq_rel |   rmse  | rmse_log |    d1   |    d2   |   d3   |
+---------+---------+---------+----------+---------+---------+--------+
| 0.11504 | 0.00308 | 0.02236 | 0.16509  | 0.88227 | 0.97402 | 0.9916 |
+---------+---------+---------+----------+---------+---------+--------+
2025/12/22 05:05:22 - mmengine - INFO - MTLIterLoggerHook: Validation @ iter 17800 - mIoU=78.1600, abs_rel=0.1150
2025/12/22 05:05:22 - mmengine - INFO - Iter(val) [32/32]    seg/aAcc: 95.0600  seg/mIoU: 78.1600  seg/mAcc: 87.9600  depth/abs_rel: 0.1150  depth/sq_rel: 0.0031  depth/rmse: 0.0224  depth/rmse_log: 0.1651  depth/d1: 0.8823  depth/d2: 0.9740  depth/d3: 0.9916  data_time: 0.0029  time: 0.0145
2025/12/22 05:05:36 - mmengine - INFO - Exp name: chamnet_mtl_base_segformer_chamdatav3_20251222_044351
2025/12/22 05:05:36 - mmengine - INFO - Iter(train) [18000/30000]  base_lr: 1.8025e-04 lr: 1.8025e-04  eta: 0:13:59  time: 0.0689  data_time: 0.0063  memory: 1482  loss: 98.3364  seg.loss_ce: 0.0576  seg.loss_dice: 0.0068  seg.acc_seg: 98.2412  depth.loss_depth_silog: 0.0217  depth.loss_depth_berhu: 0.0026  grad_norm: 0.8899
2025/12/22 05:05:37 - mmengine - INFO - per class results:
2025/12/22 05:05:37 - mmengine - INFO - 
+-------------+-------+-------+
|    Class    |  IoU  |  Acc  |
+-------------+-------+-------+
|  background | 43.88 | 51.43 |
|    chamoe   | 77.14 | 89.78 |
|   heatpipe  | 74.51 | 92.21 |
|     path    | 91.52 | 96.92 |
|    pillar   |  75.3 | 89.46 |
| topdownfarm | 96.68 | 97.95 |
|   unknown   | 88.07 | 97.99 |
+-------------+-------+-------+
2025/12/22 05:05:37 - mmengine - INFO - results:
2025/12/22 05:05:37 - mmengine - INFO - 
+---------+---------+---------+----------+---------+---------+---------+
| abs_rel |  sq_rel |   rmse  | rmse_log |    d1   |    d2   |    d3   |
+---------+---------+---------+----------+---------+---------+---------+
| 0.11312 | 0.00289 | 0.02235 | 0.16466  | 0.88411 | 0.97451 | 0.99178 |
+---------+---------+---------+----------+---------+---------+---------+
2025/12/22 05:05:37 - mmengine - INFO - MTLIterLoggerHook: Validation @ iter 18000 - mIoU=78.1600, abs_rel=0.1131
2025/12/22 05:05:37 - mmengine - INFO - Iter(val) [32/32]    seg/aAcc: 95.0800  seg/mIoU: 78.1600  seg/mAcc: 87.9600  depth/abs_rel: 0.1131  depth/sq_rel: 0.0029  depth/rmse: 0.0224  depth/rmse_log: 0.1647  depth/d1: 0.8841  depth/d2: 0.9745  depth/d3: 0.9918  data_time: 0.0029  time: 0.0141
2025/12/22 05:05:50 - mmengine - INFO - Iter(train) [18200/30000]  base_lr: 1.7761e-04 lr: 1.7761e-04  eta: 0:13:45  time: 0.0691  data_time: 0.0065  memory: 1482  loss: 98.3716  seg.loss_ce: 0.0584  seg.loss_dice: 0.0066  seg.acc_seg: 98.2088  depth.loss_depth_silog: 0.0183  depth.loss_depth_berhu: 0.0026  grad_norm: 0.7142
2025/12/22 05:05:51 - mmengine - INFO - per class results:
2025/12/22 05:05:51 - mmengine - INFO - 
+-------------+-------+-------+
|    Class    |  IoU  |  Acc  |
+-------------+-------+-------+
|  background | 44.44 | 52.65 |
|    chamoe   | 76.79 | 90.11 |
|   heatpipe  |  73.5 | 93.09 |
|     path    | 91.46 | 96.86 |
|    pillar   | 75.66 | 87.72 |
| topdownfarm | 96.64 | 97.85 |
|   unknown   | 87.89 | 98.04 |
+-------------+-------+-------+
2025/12/22 05:05:51 - mmengine - INFO - results:
2025/12/22 05:05:51 - mmengine - INFO - 
+---------+---------+---------+----------+---------+---------+---------+
| abs_rel |  sq_rel |   rmse  | rmse_log |    d1   |    d2   |    d3   |
+---------+---------+---------+----------+---------+---------+---------+
| 0.11169 | 0.00287 | 0.02195 | 0.16266  | 0.88762 | 0.97484 | 0.99191 |
+---------+---------+---------+----------+---------+---------+---------+
2025/12/22 05:05:51 - mmengine - INFO - MTLIterLoggerHook: Validation @ iter 18200 - mIoU=78.0500, abs_rel=0.1117
2025/12/22 05:05:51 - mmengine - INFO - Iter(val) [32/32]    seg/aAcc: 95.0400  seg/mIoU: 78.0500  seg/mAcc: 88.0500  depth/abs_rel: 0.1117  depth/sq_rel: 0.0029  depth/rmse: 0.0220  depth/rmse_log: 0.1627  depth/d1: 0.8876  depth/d2: 0.9748  depth/d3: 0.9919  data_time: 0.0029  time: 0.0146
2025/12/22 05:05:51 - mmengine - INFO - The previous best checkpoint /workspace/mmsegmentation/work_dirs/chamnet_mtl_manual_1_5_last_ch128_int/best_depth_abs_rel_iter_17400.pth is removed
2025/12/22 05:05:51 - mmengine - INFO - The best checkpoint with 0.1117 depth/abs_rel at 18200 iter is saved to best_depth_abs_rel_iter_18200.pth.
2025/12/22 05:06:05 - mmengine - INFO - Iter(train) [18400/30000]  base_lr: 1.7495e-04 lr: 1.7495e-04  eta: 0:13:31  time: 0.0691  data_time: 0.0062  memory: 1482  loss: 98.2978  seg.loss_ce: 0.0586  seg.loss_dice: 0.0069  seg.acc_seg: 97.9067  depth.loss_depth_silog: 0.0201  depth.loss_depth_berhu: 0.0028  grad_norm: 0.8995
2025/12/22 05:06:05 - mmengine - INFO - per class results:
2025/12/22 05:06:05 - mmengine - INFO - 
+-------------+-------+-------+
|    Class    |  IoU  |  Acc  |
+-------------+-------+-------+
|  background | 44.04 |  51.9 |
|    chamoe   | 76.66 | 90.26 |
|   heatpipe  |  74.2 | 92.37 |
|     path    |  91.5 | 96.91 |
|    pillar   | 75.52 |  87.4 |
| topdownfarm | 96.63 | 97.86 |
|   unknown   |  87.7 | 98.33 |
+-------------+-------+-------+
2025/12/22 05:06:05 - mmengine - INFO - results:
2025/12/22 05:06:05 - mmengine - INFO - 
+---------+---------+---------+----------+---------+---------+---------+
| abs_rel |  sq_rel |   rmse  | rmse_log |    d1   |    d2   |    d3   |
+---------+---------+---------+----------+---------+---------+---------+
| 0.11852 | 0.00303 | 0.02187 | 0.16577  | 0.87727 | 0.97394 | 0.99196 |
+---------+---------+---------+----------+---------+---------+---------+
2025/12/22 05:06:05 - mmengine - INFO - MTLIterLoggerHook: Validation @ iter 18400 - mIoU=78.0300, abs_rel=0.1185
2025/12/22 05:06:05 - mmengine - INFO - Iter(val) [32/32]    seg/aAcc: 95.0300  seg/mIoU: 78.0300  seg/mAcc: 87.8600  depth/abs_rel: 0.1185  depth/sq_rel: 0.0030  depth/rmse: 0.0219  depth/rmse_log: 0.1658  depth/d1: 0.8773  depth/d2: 0.9739  depth/d3: 0.9920  data_time: 0.0027  time: 0.0142
2025/12/22 05:06:19 - mmengine - INFO - Iter(train) [18600/30000]  base_lr: 1.7230e-04 lr: 1.7230e-04  eta: 0:13:17  time: 0.0700  data_time: 0.0064  memory: 1482  loss: 98.2573  seg.loss_ce: 0.0592  seg.loss_dice: 0.0071  seg.acc_seg: 97.3632  depth.loss_depth_silog: 0.0197  depth.loss_depth_berhu: 0.0028  grad_norm: 1.2089
2025/12/22 05:06:20 - mmengine - INFO - per class results:
2025/12/22 05:06:20 - mmengine - INFO - 
+-------------+-------+-------+
|    Class    |  IoU  |  Acc  |
+-------------+-------+-------+
|  background |  44.2 | 51.95 |
|    chamoe   | 76.95 | 90.96 |
|   heatpipe  | 73.74 | 93.49 |
|     path    | 91.52 | 96.63 |
|    pillar   |  75.3 | 88.71 |
| topdownfarm | 96.65 | 97.91 |
|   unknown   |  88.0 | 97.91 |
+-------------+-------+-------+
2025/12/22 05:06:20 - mmengine - INFO - results:
2025/12/22 05:06:20 - mmengine - INFO - 
+---------+---------+---------+----------+---------+---------+---------+
| abs_rel |  sq_rel |   rmse  | rmse_log |    d1   |    d2   |    d3   |
+---------+---------+---------+----------+---------+---------+---------+
| 0.11213 | 0.00282 | 0.02197 | 0.16314  | 0.88581 | 0.97503 | 0.99199 |
+---------+---------+---------+----------+---------+---------+---------+
2025/12/22 05:06:20 - mmengine - INFO - MTLIterLoggerHook: Validation @ iter 18600 - mIoU=78.0500, abs_rel=0.1121
2025/12/22 05:06:20 - mmengine - INFO - Iter(val) [32/32]    seg/aAcc: 95.0500  seg/mIoU: 78.0500  seg/mAcc: 88.2200  depth/abs_rel: 0.1121  depth/sq_rel: 0.0028  depth/rmse: 0.0220  depth/rmse_log: 0.1631  depth/d1: 0.8858  depth/d2: 0.9750  depth/d3: 0.9920  data_time: 0.0028  time: 0.0142
2025/12/22 05:06:34 - mmengine - INFO - Iter(train) [18800/30000]  base_lr: 1.6964e-04 lr: 1.6964e-04  eta: 0:13:03  time: 0.0703  data_time: 0.0061  memory: 1482  loss: 98.3654  seg.loss_ce: 0.0581  seg.loss_dice: 0.0067  seg.acc_seg: 97.7297  depth.loss_depth_silog: 0.0223  depth.loss_depth_berhu: 0.0027  grad_norm: 1.0946
2025/12/22 05:06:34 - mmengine - INFO - per class results:
2025/12/22 05:06:34 - mmengine - INFO - 
+-------------+-------+-------+
|    Class    |  IoU  |  Acc  |
+-------------+-------+-------+
|  background | 44.14 | 51.16 |
|    chamoe   | 76.77 |  90.2 |
|   heatpipe  | 73.91 | 92.86 |
|     path    |  91.4 | 97.16 |
|    pillar   | 75.75 | 88.49 |
| topdownfarm | 96.65 | 97.91 |
|   unknown   | 87.99 | 98.02 |
+-------------+-------+-------+
2025/12/22 05:06:34 - mmengine - INFO - results:
2025/12/22 05:06:34 - mmengine - INFO - 
+---------+---------+---------+----------+---------+---------+---------+
| abs_rel |  sq_rel |   rmse  | rmse_log |    d1   |    d2   |    d3   |
+---------+---------+---------+----------+---------+---------+---------+
| 0.11234 | 0.00286 | 0.02225 | 0.16393  | 0.88416 | 0.97462 | 0.99182 |
+---------+---------+---------+----------+---------+---------+---------+
2025/12/22 05:06:34 - mmengine - INFO - MTLIterLoggerHook: Validation @ iter 18800 - mIoU=78.0900, abs_rel=0.1123
2025/12/22 05:06:34 - mmengine - INFO - Iter(val) [32/32]    seg/aAcc: 95.0700  seg/mIoU: 78.0900  seg/mAcc: 87.9700  depth/abs_rel: 0.1123  depth/sq_rel: 0.0029  depth/rmse: 0.0223  depth/rmse_log: 0.1639  depth/d1: 0.8842  depth/d2: 0.9746  depth/d3: 0.9918  data_time: 0.0027  time: 0.0138
2025/12/22 05:06:48 - mmengine - INFO - Exp name: chamnet_mtl_base_segformer_chamdatav3_20251222_044351
2025/12/22 05:06:48 - mmengine - INFO - Iter(train) [19000/30000]  base_lr: 1.6698e-04 lr: 1.6698e-04  eta: 0:12:49  time: 0.0701  data_time: 0.0066  memory: 1482  loss: 98.3944  seg.loss_ce: 0.0529  seg.loss_dice: 0.0065  seg.acc_seg: 98.0245  depth.loss_depth_silog: 0.0209  depth.loss_depth_berhu: 0.0027  grad_norm: 0.8271
2025/12/22 05:06:48 - mmengine - INFO - per class results:
2025/12/22 05:06:48 - mmengine - INFO - 
+-------------+-------+-------+
|    Class    |  IoU  |  Acc  |
+-------------+-------+-------+
|  background | 43.87 | 51.54 |
|    chamoe   | 77.09 | 89.45 |
|   heatpipe  | 74.51 | 91.82 |
|     path    | 91.51 | 97.04 |
|    pillar   | 75.32 | 86.91 |
| topdownfarm | 96.67 | 98.02 |
|   unknown   | 87.85 | 98.07 |
+-------------+-------+-------+
2025/12/22 05:06:48 - mmengine - INFO - results:
2025/12/22 05:06:48 - mmengine - INFO - 
+---------+---------+---------+----------+---------+---------+---------+
| abs_rel |  sq_rel |   rmse  | rmse_log |    d1   |    d2   |    d3   |
+---------+---------+---------+----------+---------+---------+---------+
| 0.11919 | 0.00297 | 0.02248 | 0.16632  | 0.87671 | 0.97479 | 0.99202 |
+---------+---------+---------+----------+---------+---------+---------+
2025/12/22 05:06:48 - mmengine - INFO - MTLIterLoggerHook: Validation @ iter 19000 - mIoU=78.1200, abs_rel=0.1192
2025/12/22 05:06:48 - mmengine - INFO - Iter(val) [32/32]    seg/aAcc: 95.0700  seg/mIoU: 78.1200  seg/mAcc: 87.5500  depth/abs_rel: 0.1192  depth/sq_rel: 0.0030  depth/rmse: 0.0225  depth/rmse_log: 0.1663  depth/d1: 0.8767  depth/d2: 0.9748  depth/d3: 0.9920  data_time: 0.0028  time: 0.0142
2025/12/22 05:07:02 - mmengine - INFO - Iter(train) [19200/30000]  base_lr: 1.6431e-04 lr: 1.6431e-04  eta: 0:12:35  time: 0.0700  data_time: 0.0063  memory: 1482  loss: 98.4404  seg.loss_ce: 0.0522  seg.loss_dice: 0.0064  seg.acc_seg: 98.5901  depth.loss_depth_silog: 0.0229  depth.loss_depth_berhu: 0.0026  grad_norm: 0.7296
2025/12/22 05:07:03 - mmengine - INFO - per class results:
2025/12/22 05:07:03 - mmengine - INFO - 
+-------------+-------+-------+
|    Class    |  IoU  |  Acc  |
+-------------+-------+-------+
|  background | 43.97 | 51.56 |
|    chamoe   | 77.17 | 89.39 |
|   heatpipe  | 74.06 | 92.16 |
|     path    | 91.36 | 97.21 |
|    pillar   | 75.36 | 88.23 |
| topdownfarm | 96.65 | 97.87 |
|   unknown   | 87.89 | 98.11 |
+-------------+-------+-------+
2025/12/22 05:07:03 - mmengine - INFO - results:
2025/12/22 05:07:03 - mmengine - INFO - 
+---------+---------+---------+----------+---------+---------+---------+
| abs_rel |  sq_rel |   rmse  | rmse_log |    d1   |    d2   |    d3   |
+---------+---------+---------+----------+---------+---------+---------+
| 0.11623 | 0.00308 | 0.02225 |  0.1649  | 0.87995 | 0.97441 | 0.99186 |
+---------+---------+---------+----------+---------+---------+---------+
2025/12/22 05:07:03 - mmengine - INFO - MTLIterLoggerHook: Validation @ iter 19200 - mIoU=78.0700, abs_rel=0.1162
2025/12/22 05:07:03 - mmengine - INFO - Iter(val) [32/32]    seg/aAcc: 95.0500  seg/mIoU: 78.0700  seg/mAcc: 87.7900  depth/abs_rel: 0.1162  depth/sq_rel: 0.0031  depth/rmse: 0.0222  depth/rmse_log: 0.1649  depth/d1: 0.8799  depth/d2: 0.9744  depth/d3: 0.9919  data_time: 0.0028  time: 0.0140
2025/12/22 05:07:17 - mmengine - INFO - Iter(train) [19400/30000]  base_lr: 1.6163e-04 lr: 1.6163e-04  eta: 0:12:21  time: 0.0708  data_time: 0.0064  memory: 1482  loss: 98.5180  seg.loss_ce: 0.0515  seg.loss_dice: 0.0061  seg.acc_seg: 98.3250  depth.loss_depth_silog: 0.0208  depth.loss_depth_berhu: 0.0026  grad_norm: 0.7648
2025/12/22 05:07:17 - mmengine - INFO - per class results:
2025/12/22 05:07:17 - mmengine - INFO - 
+-------------+-------+-------+
|    Class    |  IoU  |  Acc  |
+-------------+-------+-------+
|  background | 43.51 | 51.18 |
|    chamoe   | 77.15 | 89.34 |
|   heatpipe  | 74.36 | 92.71 |
|     path    | 91.47 | 96.96 |
|    pillar   | 75.73 | 88.78 |
| topdownfarm | 96.66 |  97.9 |
|   unknown   | 87.73 | 98.22 |
+-------------+-------+-------+
2025/12/22 05:07:17 - mmengine - INFO - results:
2025/12/22 05:07:17 - mmengine - INFO - 
+---------+---------+---------+----------+---------+---------+---------+
| abs_rel |  sq_rel |   rmse  | rmse_log |    d1   |    d2   |    d3   |
+---------+---------+---------+----------+---------+---------+---------+
| 0.11362 | 0.00286 | 0.02206 | 0.16357  | 0.88222 | 0.97481 | 0.99209 |
+---------+---------+---------+----------+---------+---------+---------+
2025/12/22 05:07:17 - mmengine - INFO - MTLIterLoggerHook: Validation @ iter 19400 - mIoU=78.0900, abs_rel=0.1136
2025/12/22 05:07:17 - mmengine - INFO - Iter(val) [32/32]    seg/aAcc: 95.0400  seg/mIoU: 78.0900  seg/mAcc: 87.8700  depth/abs_rel: 0.1136  depth/sq_rel: 0.0029  depth/rmse: 0.0221  depth/rmse_log: 0.1636  depth/d1: 0.8822  depth/d2: 0.9748  depth/d3: 0.9921  data_time: 0.0026  time: 0.0139
2025/12/22 05:07:31 - mmengine - INFO - Iter(train) [19600/30000]  base_lr: 1.5895e-04 lr: 1.5895e-04  eta: 0:12:07  time: 0.0710  data_time: 0.0064  memory: 1482  loss: 98.5243  seg.loss_ce: 0.0499  seg.loss_dice: 0.0059  seg.acc_seg: 98.3862  depth.loss_depth_silog: 0.0194  depth.loss_depth_berhu: 0.0024  grad_norm: 0.8677
2025/12/22 05:07:32 - mmengine - INFO - per class results:
2025/12/22 05:07:32 - mmengine - INFO - 
+-------------+-------+-------+
|    Class    |  IoU  |  Acc  |
+-------------+-------+-------+
|  background |  43.4 | 50.58 |
|    chamoe   | 76.87 | 89.68 |
|   heatpipe  | 75.44 | 91.49 |
|     path    | 91.41 | 97.36 |
|    pillar   | 75.64 |  88.4 |
| topdownfarm | 96.65 | 97.86 |
|   unknown   | 87.72 | 98.38 |
+-------------+-------+-------+
2025/12/22 05:07:32 - mmengine - INFO - results:
2025/12/22 05:07:32 - mmengine - INFO - 
+---------+---------+---------+----------+---------+---------+---------+
| abs_rel |  sq_rel |   rmse  | rmse_log |    d1   |    d2   |    d3   |
+---------+---------+---------+----------+---------+---------+---------+
| 0.11285 | 0.00285 | 0.02204 | 0.16221  | 0.88768 | 0.97504 | 0.99219 |
+---------+---------+---------+----------+---------+---------+---------+
2025/12/22 05:07:32 - mmengine - INFO - MTLIterLoggerHook: Validation @ iter 19600 - mIoU=78.1600, abs_rel=0.1129
2025/12/22 05:07:32 - mmengine - INFO - Iter(val) [32/32]    seg/aAcc: 95.0500  seg/mIoU: 78.1600  seg/mAcc: 87.6800  depth/abs_rel: 0.1129  depth/sq_rel: 0.0028  depth/rmse: 0.0220  depth/rmse_log: 0.1622  depth/d1: 0.8877  depth/d2: 0.9750  depth/d3: 0.9922  data_time: 0.0028  time: 0.0142
2025/12/22 05:07:46 - mmengine - INFO - Iter(train) [19800/30000]  base_lr: 1.5627e-04 lr: 1.5627e-04  eta: 0:11:53  time: 0.0708  data_time: 0.0062  memory: 1482  loss: 98.4232  seg.loss_ce: 0.0524  seg.loss_dice: 0.0064  seg.acc_seg: 98.3402  depth.loss_depth_silog: 0.0212  depth.loss_depth_berhu: 0.0026  grad_norm: 0.8173
2025/12/22 05:07:46 - mmengine - INFO - per class results:
2025/12/22 05:07:46 - mmengine - INFO - 
+-------------+-------+-------+
|    Class    |  IoU  |  Acc  |
+-------------+-------+-------+
|  background | 43.97 | 51.48 |
|    chamoe   | 76.96 | 89.42 |
|   heatpipe  | 75.12 | 91.42 |
|     path    | 91.61 | 97.27 |
|    pillar   | 75.25 | 88.09 |
| topdownfarm | 96.67 | 97.92 |
|   unknown   | 87.89 | 98.22 |
+-------------+-------+-------+
2025/12/22 05:07:46 - mmengine - INFO - results:
2025/12/22 05:07:46 - mmengine - INFO - 
+---------+---------+---------+----------+---------+--------+---------+
| abs_rel |  sq_rel |   rmse  | rmse_log |    d1   |   d2   |    d3   |
+---------+---------+---------+----------+---------+--------+---------+
| 0.11483 | 0.00289 | 0.02199 | 0.16379  | 0.88138 | 0.9748 | 0.99212 |
+---------+---------+---------+----------+---------+--------+---------+
2025/12/22 05:07:46 - mmengine - INFO - MTLIterLoggerHook: Validation @ iter 19800 - mIoU=78.2100, abs_rel=0.1148
2025/12/22 05:07:46 - mmengine - INFO - Iter(val) [32/32]    seg/aAcc: 95.0800  seg/mIoU: 78.2100  seg/mAcc: 87.6900  depth/abs_rel: 0.1148  depth/sq_rel: 0.0029  depth/rmse: 0.0220  depth/rmse_log: 0.1638  depth/d1: 0.8814  depth/d2: 0.9748  depth/d3: 0.9921  data_time: 0.0030  time: 0.0141
2025/12/22 05:08:00 - mmengine - INFO - Exp name: chamnet_mtl_base_segformer_chamdatav3_20251222_044351
2025/12/22 05:08:00 - mmengine - INFO - Iter(train) [20000/30000]  base_lr: 1.5358e-04 lr: 1.5358e-04  eta: 0:11:39  time: 0.0698  data_time: 0.0064  memory: 1482  loss: 98.4829  seg.loss_ce: 0.0505  seg.loss_dice: 0.0062  seg.acc_seg: 98.6256  depth.loss_depth_silog: 0.0215  depth.loss_depth_berhu: 0.0026  grad_norm: 0.7770
2025/12/22 05:08:00 - mmengine - INFO - per class results:
2025/12/22 05:08:00 - mmengine - INFO - 
+-------------+-------+-------+
|    Class    |  IoU  |  Acc  |
+-------------+-------+-------+
|  background | 44.05 | 51.77 |
|    chamoe   | 76.66 | 90.27 |
|   heatpipe  | 74.82 | 91.96 |
|     path    | 91.38 | 97.13 |
|    pillar   | 75.02 | 87.71 |
| topdownfarm | 96.65 | 97.87 |
|   unknown   | 87.94 |  98.0 |
+-------------+-------+-------+
2025/12/22 05:08:01 - mmengine - INFO - results:
2025/12/22 05:08:01 - mmengine - INFO - 
+---------+---------+---------+----------+--------+---------+---------+
| abs_rel |  sq_rel |   rmse  | rmse_log |   d1   |    d2   |    d3   |
+---------+---------+---------+----------+--------+---------+---------+
|  0.1124 | 0.00287 | 0.02195 | 0.16398  | 0.8846 | 0.97442 | 0.99193 |
+---------+---------+---------+----------+--------+---------+---------+
2025/12/22 05:08:01 - mmengine - INFO - MTLIterLoggerHook: Validation @ iter 20000 - mIoU=78.0700, abs_rel=0.1124
2025/12/22 05:08:01 - mmengine - INFO - Iter(val) [32/32]    seg/aAcc: 95.0400  seg/mIoU: 78.0700  seg/mAcc: 87.8200  depth/abs_rel: 0.1124  depth/sq_rel: 0.0029  depth/rmse: 0.0219  depth/rmse_log: 0.1640  depth/d1: 0.8846  depth/d2: 0.9744  depth/d3: 0.9919  data_time: 0.0028  time: 0.0141
2025/12/22 05:08:14 - mmengine - INFO - Iter(train) [20200/30000]  base_lr: 1.5088e-04 lr: 1.5088e-04  eta: 0:11:25  time: 0.0695  data_time: 0.0063  memory: 1482  loss: 98.4499  seg.loss_ce: 0.0514  seg.loss_dice: 0.0063  seg.acc_seg: 98.6080  depth.loss_depth_silog: 0.0218  depth.loss_depth_berhu: 0.0025  grad_norm: 0.8409
2025/12/22 05:08:15 - mmengine - INFO - per class results:
2025/12/22 05:08:15 - mmengine - INFO - 
+-------------+-------+-------+
|    Class    |  IoU  |  Acc  |
+-------------+-------+-------+
|  background | 43.83 | 50.95 |
|    chamoe   | 77.06 | 89.91 |
|   heatpipe  | 74.41 |  92.1 |
|     path    | 91.49 | 97.08 |
|    pillar   | 75.83 | 88.29 |
| topdownfarm | 96.67 | 97.93 |
|   unknown   | 87.77 | 98.35 |
+-------------+-------+-------+
2025/12/22 05:08:15 - mmengine - INFO - results:
2025/12/22 05:08:15 - mmengine - INFO - 
+---------+---------+---------+----------+---------+---------+---------+
| abs_rel |  sq_rel |   rmse  | rmse_log |    d1   |    d2   |    d3   |
+---------+---------+---------+----------+---------+---------+---------+
| 0.11508 | 0.00294 | 0.02223 | 0.16413  | 0.88039 | 0.97504 | 0.99205 |
+---------+---------+---------+----------+---------+---------+---------+
2025/12/22 05:08:15 - mmengine - INFO - MTLIterLoggerHook: Validation @ iter 20200 - mIoU=78.1500, abs_rel=0.1151
2025/12/22 05:08:15 - mmengine - INFO - Iter(val) [32/32]    seg/aAcc: 95.0700  seg/mIoU: 78.1500  seg/mAcc: 87.8000  depth/abs_rel: 0.1151  depth/sq_rel: 0.0029  depth/rmse: 0.0222  depth/rmse_log: 0.1641  depth/d1: 0.8804  depth/d2: 0.9750  depth/d3: 0.9920  data_time: 0.0028  time: 0.0142
2025/12/22 05:08:29 - mmengine - INFO - Iter(train) [20400/30000]  base_lr: 1.4818e-04 lr: 1.4818e-04  eta: 0:11:11  time: 0.0697  data_time: 0.0063  memory: 1482  loss: 98.4564  seg.loss_ce: 0.0525  seg.loss_dice: 0.0063  seg.acc_seg: 97.6299  depth.loss_depth_silog: 0.0217  depth.loss_depth_berhu: 0.0028  grad_norm: 0.8759
2025/12/22 05:08:29 - mmengine - INFO - per class results:
2025/12/22 05:08:29 - mmengine - INFO - 
+-------------+-------+-------+
|    Class    |  IoU  |  Acc  |
+-------------+-------+-------+
|  background | 43.96 | 50.99 |
|    chamoe   |  77.0 | 89.93 |
|   heatpipe  | 75.24 | 91.32 |
|     path    | 91.49 | 97.24 |
|    pillar   | 75.48 | 87.39 |
| topdownfarm | 96.67 | 97.99 |
|   unknown   | 87.81 | 98.26 |
+-------------+-------+-------+
2025/12/22 05:08:29 - mmengine - INFO - results:
2025/12/22 05:08:29 - mmengine - INFO - 
+---------+---------+---------+----------+---------+---------+---------+
| abs_rel |  sq_rel |   rmse  | rmse_log |    d1   |    d2   |    d3   |
+---------+---------+---------+----------+---------+---------+---------+
| 0.11119 | 0.00284 | 0.02192 | 0.16301  | 0.88743 | 0.97451 | 0.99188 |
+---------+---------+---------+----------+---------+---------+---------+
2025/12/22 05:08:29 - mmengine - INFO - MTLIterLoggerHook: Validation @ iter 20400 - mIoU=78.2400, abs_rel=0.1112
2025/12/22 05:08:29 - mmengine - INFO - Iter(val) [32/32]    seg/aAcc: 95.0900  seg/mIoU: 78.2400  seg/mAcc: 87.5900  depth/abs_rel: 0.1112  depth/sq_rel: 0.0028  depth/rmse: 0.0219  depth/rmse_log: 0.1630  depth/d1: 0.8874  depth/d2: 0.9745  depth/d3: 0.9919  data_time: 0.0029  time: 0.0150
2025/12/22 05:08:29 - mmengine - INFO - The previous best checkpoint /workspace/mmsegmentation/work_dirs/chamnet_mtl_manual_1_5_last_ch128_int/best_depth_abs_rel_iter_18200.pth is removed
2025/12/22 05:08:30 - mmengine - INFO - The best checkpoint with 0.1112 depth/abs_rel at 20400 iter is saved to best_depth_abs_rel_iter_20400.pth.
2025/12/22 05:08:43 - mmengine - INFO - Iter(train) [20600/30000]  base_lr: 1.4548e-04 lr: 1.4548e-04  eta: 0:10:57  time: 0.0703  data_time: 0.0065  memory: 1482  loss: 98.5343  seg.loss_ce: 0.0501  seg.loss_dice: 0.0060  seg.acc_seg: 98.8090  depth.loss_depth_silog: 0.0192  depth.loss_depth_berhu: 0.0026  grad_norm: 0.6895
2025/12/22 05:08:44 - mmengine - INFO - per class results:
2025/12/22 05:08:44 - mmengine - INFO - 
+-------------+-------+-------+
|    Class    |  IoU  |  Acc  |
+-------------+-------+-------+
|  background | 43.94 | 51.43 |
|    chamoe   | 76.83 | 89.99 |
|   heatpipe  | 74.81 | 92.08 |
|     path    | 91.46 | 97.14 |
|    pillar   | 75.66 | 87.98 |
| topdownfarm | 96.64 | 97.89 |
|   unknown   | 87.88 | 98.25 |
+-------------+-------+-------+
2025/12/22 05:08:44 - mmengine - INFO - results:
2025/12/22 05:08:44 - mmengine - INFO - 
+---------+---------+---------+----------+---------+---------+---------+
| abs_rel |  sq_rel |   rmse  | rmse_log |    d1   |    d2   |    d3   |
+---------+---------+---------+----------+---------+---------+---------+
| 0.11103 | 0.00283 | 0.02203 | 0.16267  | 0.88722 | 0.97507 | 0.99184 |
+---------+---------+---------+----------+---------+---------+---------+
2025/12/22 05:08:44 - mmengine - INFO - MTLIterLoggerHook: Validation @ iter 20600 - mIoU=78.1700, abs_rel=0.1110
2025/12/22 05:08:44 - mmengine - INFO - Iter(val) [32/32]    seg/aAcc: 95.0600  seg/mIoU: 78.1700  seg/mAcc: 87.8200  depth/abs_rel: 0.1110  depth/sq_rel: 0.0028  depth/rmse: 0.0220  depth/rmse_log: 0.1627  depth/d1: 0.8872  depth/d2: 0.9751  depth/d3: 0.9918  data_time: 0.0030  time: 0.0145
2025/12/22 05:08:44 - mmengine - INFO - The previous best checkpoint /workspace/mmsegmentation/work_dirs/chamnet_mtl_manual_1_5_last_ch128_int/best_depth_abs_rel_iter_20400.pth is removed
2025/12/22 05:08:44 - mmengine - INFO - The best checkpoint with 0.1110 depth/abs_rel at 20600 iter is saved to best_depth_abs_rel_iter_20600.pth.
2025/12/22 05:08:58 - mmengine - INFO - Iter(train) [20800/30000]  base_lr: 1.4276e-04 lr: 1.4276e-04  eta: 0:10:43  time: 0.0701  data_time: 0.0063  memory: 1482  loss: 98.4179  seg.loss_ce: 0.0504  seg.loss_dice: 0.0064  seg.acc_seg: 98.6588  depth.loss_depth_silog: 0.0209  depth.loss_depth_berhu: 0.0026  grad_norm: 0.9579
2025/12/22 05:08:59 - mmengine - INFO - per class results:
2025/12/22 05:08:59 - mmengine - INFO - 
+-------------+-------+-------+
|    Class    |  IoU  |  Acc  |
+-------------+-------+-------+
|  background | 44.01 | 51.77 |
|    chamoe   | 76.34 | 89.87 |
|   heatpipe  | 74.24 | 92.84 |
|     path    | 91.52 | 96.79 |
|    pillar   | 75.82 | 89.42 |
| topdownfarm | 96.61 | 97.85 |
|   unknown   | 87.91 | 98.11 |
+-------------+-------+-------+
2025/12/22 05:08:59 - mmengine - INFO - results:
2025/12/22 05:08:59 - mmengine - INFO - 
+---------+---------+---------+----------+---------+---------+---------+
| abs_rel |  sq_rel |   rmse  | rmse_log |    d1   |    d2   |    d3   |
+---------+---------+---------+----------+---------+---------+---------+
| 0.11333 | 0.00288 | 0.02199 |  0.1646  | 0.88092 | 0.97397 | 0.99198 |
+---------+---------+---------+----------+---------+---------+---------+
2025/12/22 05:08:59 - mmengine - INFO - MTLIterLoggerHook: Validation @ iter 20800 - mIoU=78.0700, abs_rel=0.1133
2025/12/22 05:08:59 - mmengine - INFO - Iter(val) [32/32]    seg/aAcc: 95.0300  seg/mIoU: 78.0700  seg/mAcc: 88.0900  depth/abs_rel: 0.1133  depth/sq_rel: 0.0029  depth/rmse: 0.0220  depth/rmse_log: 0.1646  depth/d1: 0.8809  depth/d2: 0.9740  depth/d3: 0.9920  data_time: 0.0029  time: 0.0148
2025/12/22 05:09:13 - mmengine - INFO - Exp name: chamnet_mtl_base_segformer_chamdatav3_20251222_044351
2025/12/22 05:09:13 - mmengine - INFO - Iter(train) [21000/30000]  base_lr: 1.4005e-04 lr: 1.4005e-04  eta: 0:10:29  time: 0.0714  data_time: 0.0063  memory: 1482  loss: 98.3300  seg.loss_ce: 0.0536  seg.loss_dice: 0.0067  seg.acc_seg: 97.9930  depth.loss_depth_silog: 0.0201  depth.loss_depth_berhu: 0.0027  grad_norm: 0.8109
2025/12/22 05:09:13 - mmengine - INFO - per class results:
2025/12/22 05:09:13 - mmengine - INFO - 
+-------------+-------+-------+
|    Class    |  IoU  |  Acc  |
+-------------+-------+-------+
|  background | 43.81 |  51.1 |
|    chamoe   |  76.8 | 89.95 |
|   heatpipe  | 75.04 | 91.55 |
|     path    | 91.47 | 97.38 |
|    pillar   | 75.46 | 87.76 |
| topdownfarm |  96.6 | 97.86 |
|   unknown   | 87.82 | 98.21 |
+-------------+-------+-------+
2025/12/22 05:09:13 - mmengine - INFO - results:
2025/12/22 05:09:13 - mmengine - INFO - 
+---------+---------+---------+----------+---------+---------+---------+
| abs_rel |  sq_rel |   rmse  | rmse_log |    d1   |    d2   |    d3   |
+---------+---------+---------+----------+---------+---------+---------+
|  0.1192 | 0.00295 | 0.02193 | 0.16616  | 0.87292 | 0.97416 | 0.99221 |
+---------+---------+---------+----------+---------+---------+---------+
2025/12/22 05:09:13 - mmengine - INFO - MTLIterLoggerHook: Validation @ iter 21000 - mIoU=78.1400, abs_rel=0.1192
2025/12/22 05:09:13 - mmengine - INFO - Iter(val) [32/32]    seg/aAcc: 95.0400  seg/mIoU: 78.1400  seg/mAcc: 87.6800  depth/abs_rel: 0.1192  depth/sq_rel: 0.0029  depth/rmse: 0.0219  depth/rmse_log: 0.1662  depth/d1: 0.8729  depth/d2: 0.9742  depth/d3: 0.9922  data_time: 0.0030  time: 0.0145
2025/12/22 05:09:27 - mmengine - INFO - Iter(train) [21200/30000]  base_lr: 1.3732e-04 lr: 1.3732e-04  eta: 0:10:15  time: 0.0694  data_time: 0.0063  memory: 1482  loss: 98.3607  seg.loss_ce: 0.0558  seg.loss_dice: 0.0067  seg.acc_seg: 98.4047  depth.loss_depth_silog: 0.0207  depth.loss_depth_berhu: 0.0027  grad_norm: 0.6476
2025/12/22 05:09:27 - mmengine - INFO - per class results:
2025/12/22 05:09:27 - mmengine - INFO - 
+-------------+-------+-------+
|    Class    |  IoU  |  Acc  |
+-------------+-------+-------+
|  background | 43.62 | 51.24 |
|    chamoe   | 77.11 | 90.16 |
|   heatpipe  | 74.14 | 92.84 |
|     path    | 91.45 | 96.92 |
|    pillar   | 75.51 | 88.42 |
| topdownfarm | 96.64 | 97.85 |
|   unknown   | 87.74 | 98.33 |
+-------------+-------+-------+
2025/12/22 05:09:27 - mmengine - INFO - results:
2025/12/22 05:09:27 - mmengine - INFO - 
+---------+---------+---------+----------+---------+---------+---------+
| abs_rel |  sq_rel |   rmse  | rmse_log |    d1   |    d2   |    d3   |
+---------+---------+---------+----------+---------+---------+---------+
|  0.1151 | 0.00295 | 0.02211 | 0.16449  | 0.88068 | 0.97453 | 0.99206 |
+---------+---------+---------+----------+---------+---------+---------+
2025/12/22 05:09:27 - mmengine - INFO - MTLIterLoggerHook: Validation @ iter 21200 - mIoU=78.0300, abs_rel=0.1151
2025/12/22 05:09:27 - mmengine - INFO - Iter(val) [32/32]    seg/aAcc: 95.0300  seg/mIoU: 78.0300  seg/mAcc: 87.9700  depth/abs_rel: 0.1151  depth/sq_rel: 0.0030  depth/rmse: 0.0221  depth/rmse_log: 0.1645  depth/d1: 0.8807  depth/d2: 0.9745  depth/d3: 0.9921  data_time: 0.0029  time: 0.0140
2025/12/22 05:09:41 - mmengine - INFO - Iter(train) [21400/30000]  base_lr: 1.3459e-04 lr: 1.3459e-04  eta: 0:10:01  time: 0.0702  data_time: 0.0064  memory: 1482  loss: 98.5487  seg.loss_ce: 0.0474  seg.loss_dice: 0.0058  seg.acc_seg: 98.7669  depth.loss_depth_silog: 0.0182  depth.loss_depth_berhu: 0.0024  grad_norm: 0.6393
2025/12/22 05:09:42 - mmengine - INFO - per class results:
2025/12/22 05:09:42 - mmengine - INFO - 
+-------------+-------+-------+
|    Class    |  IoU  |  Acc  |
+-------------+-------+-------+
|  background | 43.82 | 51.25 |
|    chamoe   | 76.79 | 89.08 |
|   heatpipe  | 74.33 |  92.2 |
|     path    | 91.46 | 96.94 |
|    pillar   | 75.29 | 87.73 |
| topdownfarm | 96.67 | 97.98 |
|   unknown   | 87.85 |  98.3 |
+-------------+-------+-------+
2025/12/22 05:09:42 - mmengine - INFO - results:
2025/12/22 05:09:42 - mmengine - INFO - 
+---------+---------+---------+----------+---------+---------+---------+
| abs_rel |  sq_rel |   rmse  | rmse_log |    d1   |    d2   |    d3   |
+---------+---------+---------+----------+---------+---------+---------+
| 0.11009 | 0.00279 | 0.02242 | 0.16252  | 0.88915 | 0.97522 | 0.99177 |
+---------+---------+---------+----------+---------+---------+---------+
2025/12/22 05:09:42 - mmengine - INFO - MTLIterLoggerHook: Validation @ iter 21400 - mIoU=78.0300, abs_rel=0.1101
2025/12/22 05:09:42 - mmengine - INFO - Iter(val) [32/32]    seg/aAcc: 95.0600  seg/mIoU: 78.0300  seg/mAcc: 87.6400  depth/abs_rel: 0.1101  depth/sq_rel: 0.0028  depth/rmse: 0.0224  depth/rmse_log: 0.1625  depth/d1: 0.8892  depth/d2: 0.9752  depth/d3: 0.9918  data_time: 0.0028  time: 0.0139
2025/12/22 05:09:42 - mmengine - INFO - The previous best checkpoint /workspace/mmsegmentation/work_dirs/chamnet_mtl_manual_1_5_last_ch128_int/best_depth_abs_rel_iter_20600.pth is removed
2025/12/22 05:09:42 - mmengine - INFO - The best checkpoint with 0.1101 depth/abs_rel at 21400 iter is saved to best_depth_abs_rel_iter_21400.pth.
2025/12/22 05:09:56 - mmengine - INFO - Iter(train) [21600/30000]  base_lr: 1.3186e-04 lr: 1.3186e-04  eta: 0:09:47  time: 0.0697  data_time: 0.0063  memory: 1482  loss: 98.4244  seg.loss_ce: 0.0565  seg.loss_dice: 0.0064  seg.acc_seg: 98.5281  depth.loss_depth_silog: 0.0185  depth.loss_depth_berhu: 0.0027  grad_norm: 0.9317
2025/12/22 05:09:56 - mmengine - INFO - per class results:
2025/12/22 05:09:56 - mmengine - INFO - 
+-------------+-------+-------+
|    Class    |  IoU  |  Acc  |
+-------------+-------+-------+
|  background | 43.25 | 49.71 |
|    chamoe   | 76.98 | 90.31 |
|   heatpipe  | 74.95 | 92.19 |
|     path    | 91.49 | 97.11 |
|    pillar   | 75.37 | 90.23 |
| topdownfarm | 96.66 | 97.91 |
|   unknown   | 87.89 | 98.29 |
+-------------+-------+-------+
2025/12/22 05:09:56 - mmengine - INFO - results:
2025/12/22 05:09:56 - mmengine - INFO - 
+---------+---------+---------+----------+---------+---------+---------+
| abs_rel |  sq_rel |   rmse  | rmse_log |    d1   |    d2   |    d3   |
+---------+---------+---------+----------+---------+---------+---------+
| 0.11159 | 0.00276 | 0.02195 |  0.1616  | 0.88871 | 0.97526 | 0.99222 |
+---------+---------+---------+----------+---------+---------+---------+
2025/12/22 05:09:56 - mmengine - INFO - MTLIterLoggerHook: Validation @ iter 21600 - mIoU=78.0800, abs_rel=0.1116
2025/12/22 05:09:56 - mmengine - INFO - Iter(val) [32/32]    seg/aAcc: 95.0600  seg/mIoU: 78.0800  seg/mAcc: 87.9600  depth/abs_rel: 0.1116  depth/sq_rel: 0.0028  depth/rmse: 0.0220  depth/rmse_log: 0.1616  depth/d1: 0.8887  depth/d2: 0.9753  depth/d3: 0.9922  data_time: 0.0028  time: 0.0139
2025/12/22 05:10:10 - mmengine - INFO - Iter(train) [21800/30000]  base_lr: 1.2911e-04 lr: 1.2911e-04  eta: 0:09:33  time: 0.0696  data_time: 0.0063  memory: 1482  loss: 98.5450  seg.loss_ce: 0.0499  seg.loss_dice: 0.0059  seg.acc_seg: 98.0078  depth.loss_depth_silog: 0.0208  depth.loss_depth_berhu: 0.0027  grad_norm: 0.7893
2025/12/22 05:10:11 - mmengine - INFO - per class results:
2025/12/22 05:10:11 - mmengine - INFO - 
+-------------+-------+-------+
|    Class    |  IoU  |  Acc  |
+-------------+-------+-------+
|  background | 43.49 | 50.71 |
|    chamoe   | 76.68 | 90.48 |
|   heatpipe  | 74.59 | 92.17 |
|     path    | 91.34 |  97.2 |
|    pillar   |  75.4 | 89.15 |
| topdownfarm | 96.62 | 97.85 |
|   unknown   | 88.03 | 97.95 |
+-------------+-------+-------+
2025/12/22 05:10:11 - mmengine - INFO - results:
2025/12/22 05:10:11 - mmengine - INFO - 
+---------+---------+--------+----------+---------+---------+---------+
| abs_rel |  sq_rel |  rmse  | rmse_log |    d1   |    d2   |    d3   |
+---------+---------+--------+----------+---------+---------+---------+
| 0.11119 | 0.00286 | 0.0219 | 0.16379  | 0.88764 | 0.97439 | 0.99176 |
+---------+---------+--------+----------+---------+---------+---------+
2025/12/22 05:10:11 - mmengine - INFO - MTLIterLoggerHook: Validation @ iter 21800 - mIoU=78.0200, abs_rel=0.1112
2025/12/22 05:10:11 - mmengine - INFO - Iter(val) [32/32]    seg/aAcc: 95.0300  seg/mIoU: 78.0200  seg/mAcc: 87.9300  depth/abs_rel: 0.1112  depth/sq_rel: 0.0029  depth/rmse: 0.0219  depth/rmse_log: 0.1638  depth/d1: 0.8876  depth/d2: 0.9744  depth/d3: 0.9918  data_time: 0.0026  time: 0.0138
2025/12/22 05:10:24 - mmengine - INFO - Exp name: chamnet_mtl_base_segformer_chamdatav3_20251222_044351
2025/12/22 05:10:24 - mmengine - INFO - Iter(train) [22000/30000]  base_lr: 1.2636e-04 lr: 1.2636e-04  eta: 0:09:19  time: 0.0694  data_time: 0.0064  memory: 1482  loss: 98.4792  seg.loss_ce: 0.0507  seg.loss_dice: 0.0061  seg.acc_seg: 98.0026  depth.loss_depth_silog: 0.0199  depth.loss_depth_berhu: 0.0026  grad_norm: 0.7800
2025/12/22 05:10:25 - mmengine - INFO - per class results:
2025/12/22 05:10:25 - mmengine - INFO - 
+-------------+-------+-------+
|    Class    |  IoU  |  Acc  |
+-------------+-------+-------+
|  background | 43.76 | 51.45 |
|    chamoe   | 76.85 | 89.85 |
|   heatpipe  |  74.7 | 92.33 |
|     path    | 91.48 | 96.94 |
|    pillar   | 75.23 | 88.68 |
| topdownfarm | 96.65 | 97.92 |
|   unknown   |  88.0 | 98.06 |
+-------------+-------+-------+
2025/12/22 05:10:25 - mmengine - INFO - results:
2025/12/22 05:10:25 - mmengine - INFO - 
+---------+---------+--------+----------+---------+---------+---------+
| abs_rel |  sq_rel |  rmse  | rmse_log |    d1   |    d2   |    d3   |
+---------+---------+--------+----------+---------+---------+---------+
| 0.11299 | 0.00286 | 0.0219 | 0.16198  | 0.88693 | 0.97504 | 0.99213 |
+---------+---------+--------+----------+---------+---------+---------+
2025/12/22 05:10:25 - mmengine - INFO - MTLIterLoggerHook: Validation @ iter 22000 - mIoU=78.0900, abs_rel=0.1130
2025/12/22 05:10:25 - mmengine - INFO - Iter(val) [32/32]    seg/aAcc: 95.0500  seg/mIoU: 78.0900  seg/mAcc: 87.8900  depth/abs_rel: 0.1130  depth/sq_rel: 0.0029  depth/rmse: 0.0219  depth/rmse_log: 0.1620  depth/d1: 0.8869  depth/d2: 0.9750  depth/d3: 0.9921  data_time: 0.0031  time: 0.0142
2025/12/22 05:10:39 - mmengine - INFO - Iter(train) [22200/30000]  base_lr: 1.2361e-04 lr: 1.2361e-04  eta: 0:09:05  time: 0.0694  data_time: 0.0063  memory: 1482  loss: 98.6569  seg.loss_ce: 0.0439  seg.loss_dice: 0.0055  seg.acc_seg: 97.9428  depth.loss_depth_silog: 0.0211  depth.loss_depth_berhu: 0.0023  grad_norm: 0.7059
2025/12/22 05:10:39 - mmengine - INFO - per class results:
2025/12/22 05:10:39 - mmengine - INFO - 
+-------------+-------+-------+
|    Class    |  IoU  |  Acc  |
+-------------+-------+-------+
|  background | 43.79 | 50.68 |
|    chamoe   | 76.72 | 90.45 |
|   heatpipe  | 74.35 | 92.63 |
|     path    | 91.46 | 97.09 |
|    pillar   |  75.4 | 89.37 |
| topdownfarm | 96.66 | 97.92 |
|   unknown   | 88.07 | 97.97 |
+-------------+-------+-------+
2025/12/22 05:10:39 - mmengine - INFO - results:
2025/12/22 05:10:39 - mmengine - INFO - 
+---------+---------+---------+----------+---------+--------+---------+
| abs_rel |  sq_rel |   rmse  | rmse_log |    d1   |   d2   |    d3   |
+---------+---------+---------+----------+---------+--------+---------+
| 0.11232 | 0.00286 | 0.02202 | 0.16279  | 0.88545 | 0.9754 | 0.99207 |
+---------+---------+---------+----------+---------+--------+---------+
2025/12/22 05:10:39 - mmengine - INFO - MTLIterLoggerHook: Validation @ iter 22200 - mIoU=78.0600, abs_rel=0.1123
2025/12/22 05:10:39 - mmengine - INFO - Iter(val) [32/32]    seg/aAcc: 95.0700  seg/mIoU: 78.0600  seg/mAcc: 88.0200  depth/abs_rel: 0.1123  depth/sq_rel: 0.0029  depth/rmse: 0.0220  depth/rmse_log: 0.1628  depth/d1: 0.8855  depth/d2: 0.9754  depth/d3: 0.9921  data_time: 0.0029  time: 0.0142
2025/12/22 05:10:53 - mmengine - INFO - Iter(train) [22400/30000]  base_lr: 1.2084e-04 lr: 1.2084e-04  eta: 0:08:51  time: 0.0693  data_time: 0.0064  memory: 1482  loss: 98.5613  seg.loss_ce: 0.0493  seg.loss_dice: 0.0059  seg.acc_seg: 98.2812  depth.loss_depth_silog: 0.0194  depth.loss_depth_berhu: 0.0025  grad_norm: 0.7044
2025/12/22 05:10:53 - mmengine - INFO - per class results:
2025/12/22 05:10:53 - mmengine - INFO - 
+-------------+-------+-------+
|    Class    |  IoU  |  Acc  |
+-------------+-------+-------+
|  background |  44.0 | 51.68 |
|    chamoe   | 76.79 |  90.0 |
|   heatpipe  | 74.99 |  92.0 |
|     path    | 91.44 | 97.27 |
|    pillar   | 75.72 | 88.71 |
| topdownfarm | 96.62 | 97.83 |
|   unknown   | 88.03 | 98.05 |
+-------------+-------+-------+
2025/12/22 05:10:53 - mmengine - INFO - results:
2025/12/22 05:10:53 - mmengine - INFO - 
+---------+---------+---------+----------+---------+---------+---------+
| abs_rel |  sq_rel |   rmse  | rmse_log |    d1   |    d2   |    d3   |
+---------+---------+---------+----------+---------+---------+---------+
| 0.11284 | 0.00294 | 0.02187 | 0.16286  | 0.88581 | 0.97485 | 0.99195 |
+---------+---------+---------+----------+---------+---------+---------+
2025/12/22 05:10:53 - mmengine - INFO - MTLIterLoggerHook: Validation @ iter 22400 - mIoU=78.2300, abs_rel=0.1128
2025/12/22 05:10:53 - mmengine - INFO - Iter(val) [32/32]    seg/aAcc: 95.0600  seg/mIoU: 78.2300  seg/mAcc: 87.9300  depth/abs_rel: 0.1128  depth/sq_rel: 0.0029  depth/rmse: 0.0219  depth/rmse_log: 0.1629  depth/d1: 0.8858  depth/d2: 0.9749  depth/d3: 0.9919  data_time: 0.0026  time: 0.0138
2025/12/22 05:11:07 - mmengine - INFO - Iter(train) [22600/30000]  base_lr: 1.1807e-04 lr: 1.1807e-04  eta: 0:08:37  time: 0.0692  data_time: 0.0063  memory: 1482  loss: 98.5760  seg.loss_ce: 0.0448  seg.loss_dice: 0.0057  seg.acc_seg: 98.0605  depth.loss_depth_silog: 0.0175  depth.loss_depth_berhu: 0.0024  grad_norm: 0.6899
2025/12/22 05:11:08 - mmengine - INFO - per class results:
2025/12/22 05:11:08 - mmengine - INFO - 
+-------------+-------+-------+
|    Class    |  IoU  |  Acc  |
+-------------+-------+-------+
|  background | 43.77 | 50.78 |
|    chamoe   | 77.21 | 88.61 |
|   heatpipe  | 75.23 | 91.02 |
|     path    | 91.45 | 97.39 |
|    pillar   | 75.23 | 87.79 |
| topdownfarm | 96.71 | 98.07 |
|   unknown   | 87.98 | 98.05 |
+-------------+-------+-------+
2025/12/22 05:11:08 - mmengine - INFO - results:
2025/12/22 05:11:08 - mmengine - INFO - 
+---------+---------+---------+----------+---------+--------+---------+
| abs_rel |  sq_rel |   rmse  | rmse_log |    d1   |   d2   |    d3   |
+---------+---------+---------+----------+---------+--------+---------+
| 0.11284 | 0.00285 | 0.02189 |  0.1628  | 0.88389 | 0.9751 | 0.99212 |
+---------+---------+---------+----------+---------+--------+---------+
2025/12/22 05:11:08 - mmengine - INFO - MTLIterLoggerHook: Validation @ iter 22600 - mIoU=78.2200, abs_rel=0.1128
2025/12/22 05:11:08 - mmengine - INFO - Iter(val) [32/32]    seg/aAcc: 95.1000  seg/mIoU: 78.2200  seg/mAcc: 87.3900  depth/abs_rel: 0.1128  depth/sq_rel: 0.0029  depth/rmse: 0.0219  depth/rmse_log: 0.1628  depth/d1: 0.8839  depth/d2: 0.9751  depth/d3: 0.9921  data_time: 0.0029  time: 0.0150
2025/12/22 05:11:22 - mmengine - INFO - Iter(train) [22800/30000]  base_lr: 1.1529e-04 lr: 1.1529e-04  eta: 0:08:23  time: 0.0695  data_time: 0.0064  memory: 1482  loss: 98.7407  seg.loss_ce: 0.0439  seg.loss_dice: 0.0052  seg.acc_seg: 98.5747  depth.loss_depth_silog: 0.0203  depth.loss_depth_berhu: 0.0023  grad_norm: 0.7078
2025/12/22 05:11:22 - mmengine - INFO - per class results:
2025/12/22 05:11:22 - mmengine - INFO - 
+-------------+-------+-------+
|    Class    |  IoU  |  Acc  |
+-------------+-------+-------+
|  background |  43.7 |  50.9 |
|    chamoe   | 77.02 | 89.03 |
|   heatpipe  | 75.52 | 90.66 |
|     path    | 91.37 | 97.65 |
|    pillar   | 75.42 | 87.58 |
| topdownfarm | 96.66 | 97.91 |
|   unknown   | 87.89 | 98.23 |
+-------------+-------+-------+
2025/12/22 05:11:22 - mmengine - INFO - results:
2025/12/22 05:11:22 - mmengine - INFO - 
+---------+---------+---------+----------+---------+---------+---------+
| abs_rel |  sq_rel |   rmse  | rmse_log |    d1   |    d2   |    d3   |
+---------+---------+---------+----------+---------+---------+---------+
| 0.11406 | 0.00293 | 0.02203 | 0.16408  | 0.88086 | 0.97483 | 0.99203 |
+---------+---------+---------+----------+---------+---------+---------+
2025/12/22 05:11:22 - mmengine - INFO - MTLIterLoggerHook: Validation @ iter 22800 - mIoU=78.2300, abs_rel=0.1141
2025/12/22 05:11:22 - mmengine - INFO - Iter(val) [32/32]    seg/aAcc: 95.0700  seg/mIoU: 78.2300  seg/mAcc: 87.4200  depth/abs_rel: 0.1141  depth/sq_rel: 0.0029  depth/rmse: 0.0220  depth/rmse_log: 0.1641  depth/d1: 0.8809  depth/d2: 0.9748  depth/d3: 0.9920  data_time: 0.0028  time: 0.0139
2025/12/22 05:11:36 - mmengine - INFO - Exp name: chamnet_mtl_base_segformer_chamdatav3_20251222_044351
2025/12/22 05:11:36 - mmengine - INFO - Iter(train) [23000/30000]  base_lr: 1.1251e-04 lr: 1.1251e-04  eta: 0:08:09  time: 0.0693  data_time: 0.0064  memory: 1482  loss: 98.6280  seg.loss_ce: 0.0453  seg.loss_dice: 0.0056  seg.acc_seg: 98.7752  depth.loss_depth_silog: 0.0201  depth.loss_depth_berhu: 0.0024  grad_norm: 0.6801
2025/12/22 05:11:36 - mmengine - INFO - per class results:
2025/12/22 05:11:36 - mmengine - INFO - 
+-------------+-------+-------+
|    Class    |  IoU  |  Acc  |
+-------------+-------+-------+
|  background | 43.99 | 51.41 |
|    chamoe   | 76.78 |  90.4 |
|   heatpipe  | 75.19 | 91.55 |
|     path    | 91.43 | 97.28 |
|    pillar   |  75.3 | 88.08 |
| topdownfarm | 96.64 | 97.85 |
|   unknown   | 87.89 | 98.17 |
+-------------+-------+-------+
2025/12/22 05:11:36 - mmengine - INFO - results:
2025/12/22 05:11:36 - mmengine - INFO - 
+---------+---------+--------+----------+---------+--------+---------+
| abs_rel |  sq_rel |  rmse  | rmse_log |    d1   |   d2   |    d3   |
+---------+---------+--------+----------+---------+--------+---------+
| 0.11201 | 0.00285 | 0.0219 | 0.16195  | 0.88805 | 0.9753 | 0.99198 |
+---------+---------+--------+----------+---------+--------+---------+
2025/12/22 05:11:36 - mmengine - INFO - MTLIterLoggerHook: Validation @ iter 23000 - mIoU=78.1700, abs_rel=0.1120
2025/12/22 05:11:36 - mmengine - INFO - Iter(val) [32/32]    seg/aAcc: 95.0500  seg/mIoU: 78.1700  seg/mAcc: 87.8200  depth/abs_rel: 0.1120  depth/sq_rel: 0.0028  depth/rmse: 0.0219  depth/rmse_log: 0.1619  depth/d1: 0.8881  depth/d2: 0.9753  depth/d3: 0.9920  data_time: 0.0029  time: 0.0138
2025/12/22 05:11:50 - mmengine - INFO - Iter(train) [23200/30000]  base_lr: 1.0971e-04 lr: 1.0971e-04  eta: 0:07:55  time: 0.0705  data_time: 0.0065  memory: 1482  loss: 98.7033  seg.loss_ce: 0.0438  seg.loss_dice: 0.0053  seg.acc_seg: 98.7872  depth.loss_depth_silog: 0.0208  depth.loss_depth_berhu: 0.0024  grad_norm: 0.6110
2025/12/22 05:11:51 - mmengine - INFO - per class results:
2025/12/22 05:11:51 - mmengine - INFO - 
+-------------+-------+-------+
|    Class    |  IoU  |  Acc  |
+-------------+-------+-------+
|  background | 43.74 | 51.36 |
|    chamoe   | 76.84 | 90.14 |
|   heatpipe  | 74.46 | 92.48 |
|     path    | 91.44 | 96.98 |
|    pillar   | 75.26 | 88.43 |
| topdownfarm | 96.63 | 97.85 |
|   unknown   | 87.87 | 98.29 |
+-------------+-------+-------+
2025/12/22 05:11:51 - mmengine - INFO - results:
2025/12/22 05:11:51 - mmengine - INFO - 
+---------+---------+---------+----------+---------+---------+---------+
| abs_rel |  sq_rel |   rmse  | rmse_log |    d1   |    d2   |    d3   |
+---------+---------+---------+----------+---------+---------+---------+
| 0.11078 | 0.00278 | 0.02176 | 0.16167  | 0.88864 | 0.97549 | 0.99214 |
+---------+---------+---------+----------+---------+---------+---------+
2025/12/22 05:11:51 - mmengine - INFO - MTLIterLoggerHook: Validation @ iter 23200 - mIoU=78.0400, abs_rel=0.1108
2025/12/22 05:11:51 - mmengine - INFO - Iter(val) [32/32]    seg/aAcc: 95.0300  seg/mIoU: 78.0400  seg/mAcc: 87.9300  depth/abs_rel: 0.1108  depth/sq_rel: 0.0028  depth/rmse: 0.0218  depth/rmse_log: 0.1617  depth/d1: 0.8886  depth/d2: 0.9755  depth/d3: 0.9921  data_time: 0.0029  time: 0.0140
2025/12/22 05:12:05 - mmengine - INFO - Iter(train) [23400/30000]  base_lr: 1.0691e-04 lr: 1.0691e-04  eta: 0:07:41  time: 0.0708  data_time: 0.0066  memory: 1482  loss: 98.4993  seg.loss_ce: 0.0503  seg.loss_dice: 0.0061  seg.acc_seg: 98.5771  depth.loss_depth_silog: 0.0194  depth.loss_depth_berhu: 0.0026  grad_norm: 0.6442
2025/12/22 05:12:05 - mmengine - INFO - per class results:
2025/12/22 05:12:05 - mmengine - INFO - 
+-------------+-------+-------+
|    Class    |  IoU  |  Acc  |
+-------------+-------+-------+
|  background | 43.77 | 51.25 |
|    chamoe   | 76.85 | 89.99 |
|   heatpipe  | 74.59 | 92.06 |
|     path    | 91.34 |  97.2 |
|    pillar   | 75.49 | 88.39 |
| topdownfarm | 96.63 | 97.82 |
|   unknown   | 87.85 | 98.26 |
+-------------+-------+-------+
2025/12/22 05:12:05 - mmengine - INFO - results:
2025/12/22 05:12:05 - mmengine - INFO - 
+---------+---------+---------+----------+---------+---------+---------+
| abs_rel |  sq_rel |   rmse  | rmse_log |    d1   |    d2   |    d3   |
+---------+---------+---------+----------+---------+---------+---------+
| 0.11243 | 0.00285 | 0.02212 | 0.16244  | 0.88669 | 0.97539 | 0.99204 |
+---------+---------+---------+----------+---------+---------+---------+
2025/12/22 05:12:05 - mmengine - INFO - MTLIterLoggerHook: Validation @ iter 23400 - mIoU=78.0800, abs_rel=0.1124
2025/12/22 05:12:05 - mmengine - INFO - Iter(val) [32/32]    seg/aAcc: 95.0300  seg/mIoU: 78.0800  seg/mAcc: 87.8500  depth/abs_rel: 0.1124  depth/sq_rel: 0.0029  depth/rmse: 0.0221  depth/rmse_log: 0.1624  depth/d1: 0.8867  depth/d2: 0.9754  depth/d3: 0.9920  data_time: 0.0029  time: 0.0144
2025/12/22 05:12:19 - mmengine - INFO - Iter(train) [23600/30000]  base_lr: 1.0410e-04 lr: 1.0410e-04  eta: 0:07:27  time: 0.0708  data_time: 0.0066  memory: 1482  loss: 98.6245  seg.loss_ce: 0.0463  seg.loss_dice: 0.0056  seg.acc_seg: 98.5670  depth.loss_depth_silog: 0.0194  depth.loss_depth_berhu: 0.0024  grad_norm: 0.6415
2025/12/22 05:12:20 - mmengine - INFO - per class results:
2025/12/22 05:12:20 - mmengine - INFO - 
+-------------+-------+-------+
|    Class    |  IoU  |  Acc  |
+-------------+-------+-------+
|  background | 43.82 | 50.85 |
|    chamoe   | 77.27 | 88.73 |
|   heatpipe  | 74.06 | 93.04 |
|     path    | 91.35 | 96.97 |
|    pillar   | 75.21 | 87.36 |
| topdownfarm | 96.71 | 98.04 |
|   unknown   | 87.81 | 98.35 |
+-------------+-------+-------+
2025/12/22 05:12:20 - mmengine - INFO - results:
2025/12/22 05:12:20 - mmengine - INFO - 
+---------+---------+---------+----------+---------+---------+---------+
| abs_rel |  sq_rel |   rmse  | rmse_log |    d1   |    d2   |    d3   |
+---------+---------+---------+----------+---------+---------+---------+
| 0.11402 | 0.00292 | 0.02212 | 0.16259  | 0.88549 | 0.97511 | 0.99211 |
+---------+---------+---------+----------+---------+---------+---------+
2025/12/22 05:12:20 - mmengine - INFO - MTLIterLoggerHook: Validation @ iter 23600 - mIoU=78.0300, abs_rel=0.1140
2025/12/22 05:12:20 - mmengine - INFO - Iter(val) [32/32]    seg/aAcc: 95.0700  seg/mIoU: 78.0300  seg/mAcc: 87.6200  depth/abs_rel: 0.1140  depth/sq_rel: 0.0029  depth/rmse: 0.0221  depth/rmse_log: 0.1626  depth/d1: 0.8855  depth/d2: 0.9751  depth/d3: 0.9921  data_time: 0.0026  time: 0.0140
2025/12/22 05:12:34 - mmengine - INFO - Iter(train) [23800/30000]  base_lr: 1.0128e-04 lr: 1.0128e-04  eta: 0:07:13  time: 0.0703  data_time: 0.0065  memory: 1482  loss: 98.5535  seg.loss_ce: 0.0488  seg.loss_dice: 0.0059  seg.acc_seg: 98.7441  depth.loss_depth_silog: 0.0205  depth.loss_depth_berhu: 0.0025  grad_norm: 0.7428
2025/12/22 05:12:34 - mmengine - INFO - per class results:
2025/12/22 05:12:34 - mmengine - INFO - 
+-------------+-------+-------+
|    Class    |  IoU  |  Acc  |
+-------------+-------+-------+
|  background | 43.41 | 50.59 |
|    chamoe   | 76.94 | 89.66 |
|   heatpipe  | 74.34 | 92.71 |
|     path    | 91.48 | 96.83 |
|    pillar   | 75.24 | 89.77 |
| topdownfarm | 96.66 | 97.94 |
|   unknown   | 87.94 |  98.1 |
+-------------+-------+-------+
2025/12/22 05:12:34 - mmengine - INFO - results:
2025/12/22 05:12:34 - mmengine - INFO - 
+---------+---------+---------+----------+---------+---------+---------+
| abs_rel |  sq_rel |   rmse  | rmse_log |    d1   |    d2   |    d3   |
+---------+---------+---------+----------+---------+---------+---------+
| 0.11531 | 0.00291 | 0.02197 | 0.16304  | 0.88273 | 0.97533 | 0.99213 |
+---------+---------+---------+----------+---------+---------+---------+
2025/12/22 05:12:34 - mmengine - INFO - MTLIterLoggerHook: Validation @ iter 23800 - mIoU=78.0000, abs_rel=0.1153
2025/12/22 05:12:34 - mmengine - INFO - Iter(val) [32/32]    seg/aAcc: 95.0400  seg/mIoU: 78.0000  seg/mAcc: 87.9400  depth/abs_rel: 0.1153  depth/sq_rel: 0.0029  depth/rmse: 0.0220  depth/rmse_log: 0.1630  depth/d1: 0.8827  depth/d2: 0.9753  depth/d3: 0.9921  data_time: 0.0030  time: 0.0150
2025/12/22 05:12:48 - mmengine - INFO - Exp name: chamnet_mtl_base_segformer_chamdatav3_20251222_044351
2025/12/22 05:12:48 - mmengine - INFO - Iter(train) [24000/30000]  base_lr: 9.8451e-05 lr: 9.8451e-05  eta: 0:06:59  time: 0.0704  data_time: 0.0065  memory: 1482  loss: 98.5659  seg.loss_ce: 0.0487  seg.loss_dice: 0.0058  seg.acc_seg: 98.4487  depth.loss_depth_silog: 0.0210  depth.loss_depth_berhu: 0.0025  grad_norm: 0.7949
2025/12/22 05:12:49 - mmengine - INFO - per class results:
2025/12/22 05:12:49 - mmengine - INFO - 
+-------------+-------+-------+
|    Class    |  IoU  |  Acc  |
+-------------+-------+-------+
|  background | 44.09 | 51.68 |
|    chamoe   | 76.88 | 89.82 |
|   heatpipe  | 75.15 | 91.41 |
|     path    | 91.49 | 97.28 |
|    pillar   | 75.42 | 88.63 |
| topdownfarm | 96.65 | 97.85 |
|   unknown   | 87.89 |  98.2 |
+-------------+-------+-------+
2025/12/22 05:12:49 - mmengine - INFO - results:
2025/12/22 05:12:49 - mmengine - INFO - 
+---------+---------+---------+----------+---------+---------+---------+
| abs_rel |  sq_rel |   rmse  | rmse_log |    d1   |    d2   |    d3   |
+---------+---------+---------+----------+---------+---------+---------+
| 0.11113 | 0.00279 | 0.02207 | 0.16414  | 0.88639 | 0.97507 | 0.99187 |
+---------+---------+---------+----------+---------+---------+---------+
2025/12/22 05:12:49 - mmengine - INFO - MTLIterLoggerHook: Validation @ iter 24000 - mIoU=78.2200, abs_rel=0.1111
2025/12/22 05:12:49 - mmengine - INFO - Iter(val) [32/32]    seg/aAcc: 95.0700  seg/mIoU: 78.2200  seg/mAcc: 87.8400  depth/abs_rel: 0.1111  depth/sq_rel: 0.0028  depth/rmse: 0.0221  depth/rmse_log: 0.1641  depth/d1: 0.8864  depth/d2: 0.9751  depth/d3: 0.9919  data_time: 0.0027  time: 0.0145
2025/12/22 05:13:03 - mmengine - INFO - Iter(train) [24200/30000]  base_lr: 9.5612e-05 lr: 9.5612e-05  eta: 0:06:45  time: 0.0712  data_time: 0.0066  memory: 1482  loss: 98.4331  seg.loss_ce: 0.0564  seg.loss_dice: 0.0064  seg.acc_seg: 97.7788  depth.loss_depth_silog: 0.0205  depth.loss_depth_berhu: 0.0024  grad_norm: 0.6650
2025/12/22 05:13:03 - mmengine - INFO - per class results:
2025/12/22 05:13:03 - mmengine - INFO - 
+-------------+-------+-------+
|    Class    |  IoU  |  Acc  |
+-------------+-------+-------+
|  background | 43.72 | 50.72 |
|    chamoe   | 76.84 | 89.72 |
|   heatpipe  | 74.69 | 92.16 |
|     path    | 91.42 | 97.24 |
|    pillar   | 75.35 | 88.89 |
| topdownfarm | 96.65 | 97.88 |
|   unknown   | 87.91 |  98.2 |
+-------------+-------+-------+
2025/12/22 05:13:03 - mmengine - INFO - results:
2025/12/22 05:13:03 - mmengine - INFO - 
+---------+---------+---------+----------+---------+---------+--------+
| abs_rel |  sq_rel |   rmse  | rmse_log |    d1   |    d2   |   d3   |
+---------+---------+---------+----------+---------+---------+--------+
| 0.11366 | 0.00289 | 0.02202 | 0.16265  | 0.88533 | 0.97513 | 0.9921 |
+---------+---------+---------+----------+---------+---------+--------+
2025/12/22 05:13:03 - mmengine - INFO - MTLIterLoggerHook: Validation @ iter 24200 - mIoU=78.0800, abs_rel=0.1137
2025/12/22 05:13:03 - mmengine - INFO - Iter(val) [32/32]    seg/aAcc: 95.0600  seg/mIoU: 78.0800  seg/mAcc: 87.8300  depth/abs_rel: 0.1137  depth/sq_rel: 0.0029  depth/rmse: 0.0220  depth/rmse_log: 0.1627  depth/d1: 0.8853  depth/d2: 0.9751  depth/d3: 0.9921  data_time: 0.0030  time: 0.0144
2025/12/22 05:13:17 - mmengine - INFO - Iter(train) [24400/30000]  base_lr: 9.2764e-05 lr: 9.2764e-05  eta: 0:06:31  time: 0.0707  data_time: 0.0065  memory: 1482  loss: 98.5122  seg.loss_ce: 0.0469  seg.loss_dice: 0.0059  seg.acc_seg: 97.8228  depth.loss_depth_silog: 0.0173  depth.loss_depth_berhu: 0.0025  grad_norm: 0.5916
2025/12/22 05:13:18 - mmengine - INFO - per class results:
2025/12/22 05:13:18 - mmengine - INFO - 
+-------------+-------+-------+
|    Class    |  IoU  |  Acc  |
+-------------+-------+-------+
|  background | 43.96 |  51.5 |
|    chamoe   | 76.75 | 90.13 |
|   heatpipe  | 74.59 | 92.52 |
|     path    | 91.46 | 96.99 |
|    pillar   | 75.54 | 88.58 |
| topdownfarm | 96.64 | 97.85 |
|   unknown   | 87.84 | 98.28 |
+-------------+-------+-------+
2025/12/22 05:13:18 - mmengine - INFO - results:
2025/12/22 05:13:18 - mmengine - INFO - 
+---------+---------+--------+----------+---------+---------+---------+
| abs_rel |  sq_rel |  rmse  | rmse_log |    d1   |    d2   |    d3   |
+---------+---------+--------+----------+---------+---------+---------+
| 0.11217 | 0.00283 | 0.0221 | 0.16259  | 0.88579 | 0.97526 | 0.99208 |
+---------+---------+--------+----------+---------+---------+---------+
2025/12/22 05:13:18 - mmengine - INFO - MTLIterLoggerHook: Validation @ iter 24400 - mIoU=78.1100, abs_rel=0.1122
2025/12/22 05:13:18 - mmengine - INFO - Iter(val) [32/32]    seg/aAcc: 95.0500  seg/mIoU: 78.1100  seg/mAcc: 87.9800  depth/abs_rel: 0.1122  depth/sq_rel: 0.0028  depth/rmse: 0.0221  depth/rmse_log: 0.1626  depth/d1: 0.8858  depth/d2: 0.9753  depth/d3: 0.9921  data_time: 0.0027  time: 0.0140
2025/12/22 05:13:31 - mmengine - INFO - Iter(train) [24600/30000]  base_lr: 8.9906e-05 lr: 8.9906e-05  eta: 0:06:17  time: 0.0690  data_time: 0.0063  memory: 1482  loss: 98.5499  seg.loss_ce: 0.0470  seg.loss_dice: 0.0059  seg.acc_seg: 98.5228  depth.loss_depth_silog: 0.0196  depth.loss_depth_berhu: 0.0026  grad_norm: 0.6606
2025/12/22 05:13:32 - mmengine - INFO - per class results:
2025/12/22 05:13:32 - mmengine - INFO - 
+-------------+-------+-------+
|    Class    |  IoU  |  Acc  |
+-------------+-------+-------+
|  background | 44.06 | 51.69 |
|    chamoe   | 76.98 | 89.21 |
|   heatpipe  | 74.99 | 91.67 |
|     path    | 91.51 | 97.18 |
|    pillar   | 75.36 | 88.33 |
| topdownfarm | 96.67 | 97.92 |
|   unknown   | 87.93 | 98.18 |
+-------------+-------+-------+
2025/12/22 05:13:32 - mmengine - INFO - results:
2025/12/22 05:13:32 - mmengine - INFO - 
+---------+---------+-------+----------+---------+---------+---------+
| abs_rel |  sq_rel |  rmse | rmse_log |    d1   |    d2   |    d3   |
+---------+---------+-------+----------+---------+---------+---------+
| 0.11149 | 0.00284 | 0.022 | 0.16228  | 0.88826 | 0.97528 | 0.99197 |
+---------+---------+-------+----------+---------+---------+---------+
2025/12/22 05:13:32 - mmengine - INFO - MTLIterLoggerHook: Validation @ iter 24600 - mIoU=78.2100, abs_rel=0.1115
2025/12/22 05:13:32 - mmengine - INFO - Iter(val) [32/32]    seg/aAcc: 95.0800  seg/mIoU: 78.2100  seg/mAcc: 87.7400  depth/abs_rel: 0.1115  depth/sq_rel: 0.0028  depth/rmse: 0.0220  depth/rmse_log: 0.1623  depth/d1: 0.8883  depth/d2: 0.9753  depth/d3: 0.9920  data_time: 0.0027  time: 0.0137
2025/12/22 05:13:46 - mmengine - INFO - Iter(train) [24800/30000]  base_lr: 8.7037e-05 lr: 8.7037e-05  eta: 0:06:03  time: 0.0691  data_time: 0.0063  memory: 1482  loss: 98.6768  seg.loss_ce: 0.0451  seg.loss_dice: 0.0054  seg.acc_seg: 98.4300  depth.loss_depth_silog: 0.0197  depth.loss_depth_berhu: 0.0025  grad_norm: 0.9392
2025/12/22 05:13:46 - mmengine - INFO - per class results:
2025/12/22 05:13:46 - mmengine - INFO - 
+-------------+-------+-------+
|    Class    |  IoU  |  Acc  |
+-------------+-------+-------+
|  background |  43.6 | 50.21 |
|    chamoe   | 76.91 | 87.78 |
|   heatpipe  | 75.04 | 91.24 |
|     path    | 91.47 | 97.35 |
|    pillar   | 75.74 | 88.58 |
| topdownfarm |  96.7 | 98.08 |
|   unknown   | 87.91 | 98.27 |
+-------------+-------+-------+
2025/12/22 05:13:46 - mmengine - INFO - results:
2025/12/22 05:13:46 - mmengine - INFO - 
+---------+---------+---------+----------+---------+---------+---------+
| abs_rel |  sq_rel |   rmse  | rmse_log |    d1   |    d2   |    d3   |
+---------+---------+---------+----------+---------+---------+---------+
| 0.11212 | 0.00282 | 0.02186 | 0.16233  | 0.88693 | 0.97553 | 0.99205 |
+---------+---------+---------+----------+---------+---------+---------+
2025/12/22 05:13:46 - mmengine - INFO - MTLIterLoggerHook: Validation @ iter 24800 - mIoU=78.2000, abs_rel=0.1121
2025/12/22 05:13:46 - mmengine - INFO - Iter(val) [32/32]    seg/aAcc: 95.1100  seg/mIoU: 78.2000  seg/mAcc: 87.3600  depth/abs_rel: 0.1121  depth/sq_rel: 0.0028  depth/rmse: 0.0219  depth/rmse_log: 0.1623  depth/d1: 0.8869  depth/d2: 0.9755  depth/d3: 0.9921  data_time: 0.0028  time: 0.0137
2025/12/22 05:14:00 - mmengine - INFO - Exp name: chamnet_mtl_base_segformer_chamdatav3_20251222_044351
2025/12/22 05:14:00 - mmengine - INFO - Iter(train) [25000/30000]  base_lr: 8.4157e-05 lr: 8.4157e-05  eta: 0:05:49  time: 0.0699  data_time: 0.0065  memory: 1482  loss: 98.5316  seg.loss_ce: 0.0491  seg.loss_dice: 0.0059  seg.acc_seg: 98.4919  depth.loss_depth_silog: 0.0199  depth.loss_depth_berhu: 0.0024  grad_norm: 0.5750
2025/12/22 05:14:00 - mmengine - INFO - per class results:
2025/12/22 05:14:00 - mmengine - INFO - 
+-------------+-------+-------+
|    Class    |  IoU  |  Acc  |
+-------------+-------+-------+
|  background | 43.37 | 50.05 |
|    chamoe   | 76.91 | 89.51 |
|   heatpipe  | 75.01 | 91.52 |
|     path    | 91.33 | 97.39 |
|    pillar   | 75.64 | 89.36 |
| topdownfarm | 96.66 | 97.89 |
|   unknown   | 87.82 | 98.27 |
+-------------+-------+-------+
2025/12/22 05:14:00 - mmengine - INFO - results:
2025/12/22 05:14:00 - mmengine - INFO - 
+---------+---------+---------+----------+---------+---------+---------+
| abs_rel |  sq_rel |   rmse  | rmse_log |    d1   |    d2   |    d3   |
+---------+---------+---------+----------+---------+---------+---------+
| 0.11068 | 0.00284 | 0.02198 | 0.16228  | 0.88881 | 0.97495 | 0.99195 |
+---------+---------+---------+----------+---------+---------+---------+
2025/12/22 05:14:00 - mmengine - INFO - MTLIterLoggerHook: Validation @ iter 25000 - mIoU=78.1100, abs_rel=0.1107
2025/12/22 05:14:00 - mmengine - INFO - Iter(val) [32/32]    seg/aAcc: 95.0600  seg/mIoU: 78.1100  seg/mAcc: 87.7100  depth/abs_rel: 0.1107  depth/sq_rel: 0.0028  depth/rmse: 0.0220  depth/rmse_log: 0.1623  depth/d1: 0.8888  depth/d2: 0.9749  depth/d3: 0.9919  data_time: 0.0027  time: 0.0142
2025/12/22 05:14:15 - mmengine - INFO - Iter(train) [25200/30000]  base_lr: 8.1266e-05 lr: 8.1266e-05  eta: 0:05:35  time: 0.0713  data_time: 0.0064  memory: 1482  loss: 98.6296  seg.loss_ce: 0.0479  seg.loss_dice: 0.0056  seg.acc_seg: 98.2376  depth.loss_depth_silog: 0.0193  depth.loss_depth_berhu: 0.0026  grad_norm: 0.7726
2025/12/22 05:14:15 - mmengine - INFO - per class results:
2025/12/22 05:14:15 - mmengine - INFO - 
+-------------+-------+-------+
|    Class    |  IoU  |  Acc  |
+-------------+-------+-------+
|  background | 43.65 |  50.8 |
|    chamoe   | 76.96 | 89.35 |
|   heatpipe  | 74.87 |  91.9 |
|     path    |  91.4 |  97.2 |
|    pillar   | 75.62 | 88.81 |
| topdownfarm | 96.66 | 97.91 |
|   unknown   | 87.87 | 98.27 |
+-------------+-------+-------+
2025/12/22 05:14:15 - mmengine - INFO - results:
2025/12/22 05:14:15 - mmengine - INFO - 
+---------+--------+---------+----------+---------+---------+---------+
| abs_rel | sq_rel |   rmse  | rmse_log |    d1   |    d2   |    d3   |
+---------+--------+---------+----------+---------+---------+---------+
| 0.11151 | 0.0029 | 0.02198 | 0.16355  | 0.88719 | 0.97493 | 0.99173 |
+---------+--------+---------+----------+---------+---------+---------+
2025/12/22 05:14:15 - mmengine - INFO - MTLIterLoggerHook: Validation @ iter 25200 - mIoU=78.1500, abs_rel=0.1115
2025/12/22 05:14:15 - mmengine - INFO - Iter(val) [32/32]    seg/aAcc: 95.0600  seg/mIoU: 78.1500  seg/mAcc: 87.7500  depth/abs_rel: 0.1115  depth/sq_rel: 0.0029  depth/rmse: 0.0220  depth/rmse_log: 0.1636  depth/d1: 0.8872  depth/d2: 0.9749  depth/d3: 0.9917  data_time: 0.0027  time: 0.0142
2025/12/22 05:14:29 - mmengine - INFO - Iter(train) [25400/30000]  base_lr: 7.8362e-05 lr: 7.8362e-05  eta: 0:05:21  time: 0.0702  data_time: 0.0064  memory: 1482  loss: 98.5114  seg.loss_ce: 0.0510  seg.loss_dice: 0.0060  seg.acc_seg: 98.2766  depth.loss_depth_silog: 0.0186  depth.loss_depth_berhu: 0.0026  grad_norm: 0.7181
2025/12/22 05:14:30 - mmengine - INFO - per class results:
2025/12/22 05:14:30 - mmengine - INFO - 
+-------------+-------+-------+
|    Class    |  IoU  |  Acc  |
+-------------+-------+-------+
|  background | 43.59 | 50.54 |
|    chamoe   | 76.86 | 90.07 |
|   heatpipe  | 74.87 |  92.0 |
|     path    |  91.4 |  97.2 |
|    pillar   | 75.64 | 89.45 |
| topdownfarm | 96.65 | 97.85 |
|   unknown   | 87.84 |  98.3 |
+-------------+-------+-------+
2025/12/22 05:14:30 - mmengine - INFO - results:
2025/12/22 05:14:30 - mmengine - INFO - 
+---------+---------+---------+----------+---------+--------+---------+
| abs_rel |  sq_rel |   rmse  | rmse_log |    d1   |   d2   |    d3   |
+---------+---------+---------+----------+---------+--------+---------+
| 0.11106 | 0.00282 | 0.02201 | 0.16338  | 0.88805 | 0.9748 | 0.99192 |
+---------+---------+---------+----------+---------+--------+---------+
2025/12/22 05:14:30 - mmengine - INFO - MTLIterLoggerHook: Validation @ iter 25400 - mIoU=78.1200, abs_rel=0.1111
2025/12/22 05:14:30 - mmengine - INFO - Iter(val) [32/32]    seg/aAcc: 95.0500  seg/mIoU: 78.1200  seg/mAcc: 87.9200  depth/abs_rel: 0.1111  depth/sq_rel: 0.0028  depth/rmse: 0.0220  depth/rmse_log: 0.1634  depth/d1: 0.8880  depth/d2: 0.9748  depth/d3: 0.9919  data_time: 0.0027  time: 0.0141
2025/12/22 05:14:30 - mmengine - INFO - the monitored metric did not improve in the last 20 records. best score: 0.110. 
