iter,train_loss,val_mIoU,val_abs_rel,mtl_weight_seg,mtl_weight_depth,dwa_weight_seg,dwa_weight_depth
0,21.430635,,,,,,
1,19.853189,,,,,,
2,25.282207,,,,,,
3,25.926514,,,,,,
4,23.011883,,,,,,
5,22.414246,,,,,,
6,22.696926,,,,,,
7,23.924080,,,,,,
8,29.302692,,,,,,
9,24.389250,,,,,,
10,22.648336,,,,,,
11,26.044884,,,,,,
12,32.973694,,,,,,
13,23.973215,,,,,,
14,31.464127,,,,,,
15,27.675810,,,,,,
16,25.441990,,,,,,
17,27.725700,,,,,,
18,24.168957,,,,,,
19,28.595093,,,,,,
20,34.862007,,,,,,
21,37.193233,,,,,,
22,35.291264,,,,,,
23,34.119156,,,,,,
24,46.902168,,,,,,
25,52.100452,,,,,,
26,34.685516,,,,,,
27,36.803078,,,,,,
28,48.080532,,,,,,
29,48.202427,,,,,,
30,39.423161,,,,,,
31,44.339767,,,,,,
32,58.672405,,,,,,
33,46.760136,,,,,,
34,55.746513,,,,,,
35,49.250725,,,,,,
36,65.896355,,,,,,
37,72.719673,,,,,,
38,70.161263,,,,,,
39,61.559708,,,,,,
40,69.139717,,,,,,
41,57.643417,,,,,,
42,66.333252,,,,,,
43,67.097649,,,,,,
44,63.643631,,,,,,
45,76.886559,,,,,,
46,66.673981,,,,,,
47,79.832359,,,,,,
48,80.745117,,,,,,
49,85.418304,,,,,,
50,80.417755,,,,,,
51,80.210907,,,,,,
52,85.508171,,,,,,
53,88.119751,,,,,,
54,86.893127,,,,,,
55,88.584633,,,,,,
56,87.995560,,,,,,
57,79.483139,,,,,,
58,87.989243,,,,,,
59,85.882584,,,,,,
60,86.174675,,,,,,
61,90.718872,,,,,,
62,87.638580,,,,,,
63,88.083839,,,,,,
64,94.445656,,,,,,
65,85.454567,,,,,,
66,87.596176,,,,,,
67,97.413071,,,,,,
68,85.286682,,,,,,
69,88.983696,,,,,,
70,90.582146,,,,,,
71,94.000671,,,,,,
72,95.946533,,,,,,
73,86.778839,,,,,,
74,97.219307,,,,,,
75,97.783493,,,,,,
76,90.824120,,,,,,
77,95.717865,,,,,,
78,87.593964,,,,,,
79,96.301147,,,,,,
80,85.773514,,,,,,
81,92.131584,,,,,,
82,82.879471,,,,,,
83,95.138802,,,,,,
84,89.477203,,,,,,
85,97.810020,,,,,,
86,97.169487,,,,,,
87,94.659431,,,,,,
88,86.614281,,,,,,
89,93.081299,,,,,,
90,86.047935,,,,,,
91,90.994415,,,,,,
92,91.795753,,,,,,
93,93.665970,,,,,,
94,75.371887,,,,,,
95,91.335922,,,,,,
96,96.392273,,,,,,
97,95.297150,,,,,,
98,90.659317,,,,,,
99,95.542816,,,,,,
100,95.718269,,,,,,
101,92.388557,,,,,,
102,95.417664,,,,,,
103,97.672012,,,,,,
104,96.289368,,,,,,
105,97.592270,,,,,,
106,77.199318,,,,,,
107,96.285904,,,,,,
108,93.327362,,,,,,
109,85.275414,,,,,,
110,95.919792,,,,,,
111,89.851822,,,,,,
112,99.326149,,,,,,
113,96.573326,,,,,,
114,95.248016,,,,,,
115,98.968132,,,,,,
116,90.822495,,,,,,
117,96.707458,,,,,,
118,92.552681,,,,,,
119,96.449577,,,,,,
120,77.412125,,,,,,
121,93.895622,,,,,,
122,97.532028,,,,,,
123,97.156898,,,,,,
124,91.910461,,,,,,
125,88.888641,,,,,,
126,90.778351,,,,,,
127,93.195526,,,,,,
128,90.351761,,,,,,
129,94.959122,,,,,,
130,68.386642,,,,,,
131,90.816444,,,,,,
132,89.921959,,,,,,
133,90.938858,,,,,,
134,82.781204,,,,,,
135,93.278442,,,,,,
136,91.935608,,,,,,
137,93.410599,,,,,,
138,75.816795,,,,,,
139,88.023041,,,,,,
140,90.801918,,,,,,
141,90.363113,,,,,,
142,75.623489,,,,,,
143,95.028427,,,,,,
144,94.610245,,,,,,
145,89.886940,,,,,,
146,91.656372,,,,,,
147,94.464279,,,,,,
148,94.062859,,,,,,
149,92.431007,,,,,,
150,92.319946,,,,,,
151,92.173546,,,,,,
152,90.528236,,,,,,
153,94.821152,,,,,,
154,91.028954,,,,,,
155,85.796555,,,,,,
156,94.584915,,,,,,
157,90.655243,,,,,,
158,95.901726,,,,,,
159,88.773453,,,,,,
160,89.967407,,,,,,
161,90.954376,,,,,,
162,92.947449,,,,,,
163,92.227379,,,,,,
164,88.711227,,,,,,
165,93.823128,,,,,,
166,90.420029,,,,,,
167,91.478317,,,,,,
168,93.111786,,,,,,
169,92.103554,,,,,,
170,94.651482,,,,,,
171,91.742836,,,,,,
172,71.310837,,,,,,
173,91.146690,,,,,,
174,88.081581,,,,,,
175,91.234451,,,,,,
176,87.786217,,,,,,
177,91.485023,,,,,,
178,94.661491,,,,,,
179,93.331261,,,,,,
180,90.068085,,,,,,
181,87.874466,,,,,,
182,90.056358,,,,,,
183,91.228683,,,,,,
184,93.700356,,,,,,
185,92.636925,,,,,,
186,90.074730,,,,,,
187,92.181580,,,,,,
188,90.428276,,,,,,
189,87.691086,,,,,,
190,85.888634,,,,,,
191,90.595764,,,,,,
192,80.679649,,,,,,
193,90.220467,,,,,,
194,91.218559,,,,,,
195,84.597038,,,,,,
196,83.694099,,,,,,
197,89.556976,,,,,,
198,90.851746,,,,,,
0,21.430635,,,,,,
1,19.853189,,,,,,
2,25.282207,,,,,,
3,25.926514,,,,,,
4,23.016090,,,,,,
5,22.416164,,,,,,
6,22.694452,,,,,,
7,23.923233,,,,,,
8,29.304024,,,,,,
9,24.391153,,,,,,
10,22.648628,,,,,,
11,26.044312,,,,,,
12,32.975395,,,,,,
13,23.974459,,,,,,
14,31.460743,,,,,,
15,27.676094,,,,,,
16,25.439888,,,,,,
17,27.727900,,,,,,
18,24.170198,,,,,,
19,28.595181,,,,,,
20,34.859825,,,,,,
21,37.187233,,,,,,
22,35.292892,,,,,,
23,34.116962,,,,,,
24,46.894619,,,,,,
25,52.092461,,,,,,
26,34.688099,,,,,,
27,36.806019,,,,,,
28,48.085732,,,,,,
29,48.199459,,,,,,
30,39.425259,,,,,,
31,44.336510,,,,,,
32,58.668400,,,,,,
33,46.759670,,,,,,
34,55.743629,,,,,,
35,49.251671,,,,,,
36,65.892746,,,,,,
37,72.716057,,,,,,
38,70.165871,,,,,,
39,61.556282,,,,,,
40,69.139809,,,,,,
41,57.638081,,,,,,
42,66.327911,,,,,,
43,67.080536,,,,,,
44,63.642189,,,,,,
45,76.891975,,,,,,
46,66.672455,,,,,,
47,79.830360,,,,,,
48,80.748482,,,,,,
49,85.418480,,,,,,
50,80.410782,,,,,,
51,80.201195,,,,,,
52,85.508270,,,,,,
53,88.119995,,,,,,
54,86.891487,,,,,,
55,88.584427,,,,,,
56,87.995308,,,,,,
57,79.486084,,,,,,
58,87.983795,,,,,,
59,85.879112,,,,,,
60,86.164726,,,,,,
61,90.713127,,,,,,
62,87.639442,,,,,,
63,88.087151,,,,,,
64,94.445969,,,,,,
65,85.452942,,,,,,
66,87.594437,,,,,,
67,97.414124,,,,,,
68,85.290672,,,,,,
69,88.986328,,,,,,
70,90.586349,,,,,,
71,93.999657,,,,,,
72,95.948074,,,,,,
73,86.781029,,,,,,
74,97.219803,,,,,,
75,97.785866,,,,,,
76,90.824661,,,,,,
77,95.718536,,,,,,
78,87.596252,,,,,,
79,96.298943,,,,,,
80,85.770576,,,,,,
81,92.133385,,,,,,
82,82.883141,,,,,,
83,95.140549,,,,,,
84,89.475403,,,,,,
85,97.811951,,,,,,
86,97.175018,,,,,,
87,94.659393,,,,,,
88,86.615898,,,,,,
89,93.084290,,,,,,
90,86.047707,,,,,,
91,90.992058,,,,,,
92,91.801521,,,,,,
93,93.668129,,,,,,
94,75.374710,,,,,,
95,91.336143,,,,,,
96,96.392273,,,,,,
97,95.300301,,,,,,
98,90.660637,,,,,,
99,95.542397,,,,,,
100,95.711731,,,,,,
101,92.387177,,,,,,
102,95.417946,,,,,,
103,97.670082,,,,,,
104,96.299133,,,,,,
105,97.595932,,,,,,
106,77.206551,,,,,,
107,96.286110,,,,,,
108,93.321022,,,,,,
109,85.263771,,,,,,
110,95.912918,,,,,,
111,89.854179,,,,,,
112,99.330460,,,,,,
113,96.572441,,,,,,
114,95.252411,,,,,,
115,98.962440,,,,,,
116,90.823914,,,,,,
117,96.714905,,,,,,
118,92.548431,,,,,,
119,96.452660,,,,,,
120,77.412743,,,,,,
121,93.877487,,,,,,
122,97.544678,,,,,,
123,97.157639,,,,,,
124,91.915443,,,,,,
125,88.885063,,,,,,
126,90.778732,,,,,,
127,93.196663,,,,,,
128,90.350922,,,,,,
129,94.957520,,,,,,
130,68.378242,,,,,,
131,90.815010,,,,,,
132,89.922058,,,,,,
133,90.941788,,,,,,
134,82.783974,,,,,,
135,93.276398,,,,,,
136,91.936836,,,,,,
137,93.408646,,,,,,
138,75.816246,,,,,,
139,88.025848,,,,,,
140,90.794655,,,,,,
141,90.355095,,,,,,
142,75.610390,,,,,,
143,95.016129,,,,,,
144,94.609505,,,,,,
145,89.885330,,,,,,
146,91.663734,,,,,,
147,94.461685,,,,,,
148,94.055115,,,,,,
149,92.439316,,,,,,
150,92.321938,,,,,,
151,92.171555,,,,,,
152,90.530869,,,,,,
153,94.854607,,,,,,
154,91.037682,,,,,,
155,85.812935,,,,,,
156,94.589020,,,,,,
157,90.661041,,,,,,
158,95.897240,,,,,,
159,88.774635,,,,,,
160,89.979004,,,,,,
161,90.963158,,,,,,
162,92.954002,,,,,,
163,92.232368,,,,,,
164,88.716743,,,,,,
165,93.824646,,,,,,
166,90.425949,,,,,,
167,91.483635,,,,,,
168,93.107452,,,,,,
169,92.100700,,,,,,
170,94.642517,,,,,,
171,91.745277,,,,,,
172,71.307182,,,,,,
173,91.132698,,,,,,
174,88.076363,,,,,,
175,91.222710,,,,,,
176,87.771782,,,,,,
177,91.471283,,,,,,
178,94.643547,,,,,,
179,93.312164,,,,,,
180,90.054764,,,,,,
181,87.854645,,,,,,
182,90.043823,,,,,,
183,91.219948,,,,,,
184,93.675201,,,,,,
185,92.601349,,,,,,
186,90.059532,,,,,,
187,92.161667,,,,,,
188,90.426384,,,,,,
189,87.679398,,,,,,
190,85.873489,,,,,,
191,90.468224,,,,,,
192,80.692497,,,,,,
193,90.234848,,,,,,
194,91.228874,,,,,,
195,84.589600,,,,,,
196,83.720024,,,,,,
197,89.571434,,,,,,
198,90.868080,,,,,,
200,,32.450000,2.221903,,,,
200,90.356476,,,,,,
201,89.539055,,,,,,
202,90.810738,,,,,,
203,91.783401,,,,,,
204,82.676323,,,,,,
205,88.527885,,,,,,
206,89.195587,,,,,,
207,87.467697,,,,,,
208,89.226768,,,,,,
209,91.590584,,,,,,
210,92.776718,,,,,,
211,90.412415,,,,,,
212,91.883926,,,,,,
213,85.204948,,,,,,
214,88.739769,,,,,,
215,88.068596,,,,,,
216,91.841675,,,,,,
217,79.963875,,,,,,
218,92.719345,,,,,,
219,92.091362,,,,,,
220,88.762604,,,,,,
221,92.750931,,,,,,
222,89.494247,,,,,,
223,79.940041,,,,,,
224,92.270493,,,,,,
225,87.673027,,,,,,
226,91.039131,,,,,,
227,91.653961,,,,,,
228,84.762489,,,,,,
229,93.497612,,,,,,
230,94.489044,,,,,,
231,86.424934,,,,,,
232,90.187675,,,,,,
233,88.048988,,,,,,
234,91.386513,,,,,,
235,89.526237,,,,,,
236,87.491081,,,,,,
237,89.006805,,,,,,
238,90.303505,,,,,,
239,91.017868,,,,,,
240,83.434875,,,,,,
241,88.262840,,,,,,
242,90.332962,,,,,,
243,74.807335,,,,,,
244,90.998878,,,,,,
245,91.760750,,,,,,
246,84.339760,,,,,,
247,84.772255,,,,,,
248,89.342133,,,,,,
249,82.997337,,,,,,
250,89.553108,,,,,,
251,91.781342,,,,,,
252,93.007179,,,,,,
253,93.500839,,,,,,
254,89.642342,,,,,,
255,85.998581,,,,,,
256,85.902443,,,,,,
257,88.548271,,,,,,
258,78.431435,,,,,,
259,93.697830,,,,,,
260,93.607483,,,,,,
261,81.704010,,,,,,
262,74.774384,,,,,,
263,89.155312,,,,,,
264,75.690506,,,,,,
265,88.275932,,,,,,
266,87.393105,,,,,,
267,85.882378,,,,,,
268,70.928490,,,,,,
269,86.708710,,,,,,
270,93.479103,,,,,,
271,78.869759,,,,,,
272,86.553192,,,,,,
273,91.548904,,,,,,
274,90.368797,,,,,,
275,93.314606,,,,,,
276,88.130875,,,,,,
277,93.697739,,,,,,
278,94.065819,,,,,,
279,85.555931,,,,,,
280,90.505714,,,,,,
281,83.616913,,,,,,
282,85.249535,,,,,,
283,93.203888,,,,,,
284,88.550545,,,,,,
285,88.312698,,,,,,
286,82.519676,,,,,,
287,83.076859,,,,,,
288,95.115204,,,,,,
289,92.638268,,,,,,
290,92.601486,,,,,,
291,89.590996,,,,,,
292,85.968575,,,,,,
293,89.538101,,,,,,
294,91.072090,,,,,,
295,94.765221,,,,,,
296,94.735840,,,,,,
297,90.298790,,,,,,
298,87.325241,,,,,,
299,82.304962,,,,,,
300,75.460945,,,,,,
301,94.597214,,,,,,
302,89.584236,,,,,,
303,87.457436,,,,,,
304,90.015694,,,,,,
305,89.450974,,,,,,
306,89.263672,,,,,,
307,91.347931,,,,,,
308,89.343224,,,,,,
309,87.147545,,,,,,
310,77.535805,,,,,,
311,87.819008,,,,,,
312,90.579277,,,,,,
313,88.447205,,,,,,
314,90.491219,,,,,,
315,92.763786,,,,,,
316,88.363831,,,,,,
317,88.888847,,,,,,
318,92.465523,,,,,,
319,92.325905,,,,,,
320,88.183640,,,,,,
321,89.668793,,,,,,
322,92.771255,,,,,,
323,89.458923,,,,,,
324,93.835457,,,,,,
325,90.547096,,,,,,
326,89.998962,,,,,,
327,84.036606,,,,,,
328,83.684303,,,,,,
329,91.974037,,,,,,
330,86.619438,,,,,,
331,92.721519,,,,,,
332,86.531471,,,,,,
333,92.727043,,,,,,
334,87.000488,,,,,,
335,88.908585,,,,,,
336,91.839737,,,,,,
337,94.605606,,,,,,
338,93.031090,,,,,,
339,74.419960,,,,,,
340,90.671738,,,,,,
341,91.352516,,,,,,
342,85.881935,,,,,,
343,94.663940,,,,,,
344,88.783386,,,,,,
345,89.955582,,,,,,
346,87.821899,,,,,,
347,83.935760,,,,,,
348,91.099594,,,,,,
349,93.958389,,,,,,
350,93.796173,,,,,,
351,94.773300,,,,,,
352,93.622963,,,,,,
353,94.413086,,,,,,
354,89.895279,,,,,,
355,89.322807,,,,,,
356,91.990646,,,,,,
357,94.342003,,,,,,
358,95.219620,,,,,,
359,94.670944,,,,,,
360,94.925377,,,,,,
361,93.129456,,,,,,
362,94.793541,,,,,,
363,92.403450,,,,,,
364,95.640892,,,,,,
365,92.701035,,,,,,
366,89.874306,,,,,,
367,91.869629,,,,,,
368,92.490387,,,,,,
369,90.293007,,,,,,
370,91.875153,,,,,,
371,89.895203,,,,,,
372,91.351311,,,,,,
373,91.067665,,,,,,
374,91.760040,,,,,,
375,96.869728,,,,,,
376,93.566132,,,,,,
377,94.721436,,,,,,
378,92.041458,,,,,,
379,67.687309,,,,,,
380,77.886009,,,,,,
381,88.767227,,,,,,
382,94.128258,,,,,,
383,91.708969,,,,,,
384,91.902237,,,,,,
385,95.139000,,,,,,
386,92.725609,,,,,,
387,69.955040,,,,,,
388,89.789154,,,,,,
389,89.769081,,,,,,
390,90.741791,,,,,,
391,92.710419,,,,,,
392,89.581139,,,,,,
393,92.630455,,,,,,
394,95.725876,,,,,,
395,94.617981,,,,,,
396,94.772552,,,,,,
397,86.421753,,,,,,
398,92.825584,,,,,,
400,,54.160000,0.291308,,,,
400,91.907478,,,,,,
401,87.096054,,,,,,
402,97.061996,,,,,,
403,91.309181,,,,,,
404,86.200439,,,,,,
405,87.369591,,,,,,
406,89.723465,,,,,,
407,91.497147,,,,,,
408,96.371284,,,,,,
409,96.515884,,,,,,
410,92.581078,,,,,,
411,85.017181,,,,,,
412,94.823204,,,,,,
413,94.694481,,,,,,
414,92.390305,,,,,,
415,92.634537,,,,,,
416,92.334602,,,,,,
417,94.155464,,,,,,
418,95.912125,,,,,,
419,95.079514,,,,,,
420,94.727135,,,,,,
421,85.910873,,,,,,
422,90.856331,,,,,,
423,90.674370,,,,,,
424,94.387253,,,,,,
425,91.894272,,,,,,
426,91.728882,,,,,,
427,94.020660,,,,,,
428,93.670288,,,,,,
429,95.910248,,,,,,
430,92.797729,,,,,,
431,94.160072,,,,,,
432,93.352646,,,,,,
433,86.238770,,,,,,
434,94.918266,,,,,,
435,96.168762,,,,,,
436,90.990196,,,,,,
437,89.069923,,,,,,
438,94.094658,,,,,,
439,91.148468,,,,,,
440,93.533928,,,,,,
441,95.474037,,,,,,
442,85.635056,,,,,,
443,96.431671,,,,,,
444,91.158714,,,,,,
445,95.617447,,,,,,
446,94.591461,,,,,,
447,94.263222,,,,,,
448,95.444969,,,,,,
449,93.686104,,,,,,
450,91.158798,,,,,,
451,95.683876,,,,,,
452,96.002380,,,,,,
453,96.739166,,,,,,
454,90.184685,,,,,,
455,91.907166,,,,,,
456,77.944763,,,,,,
457,93.862640,,,,,,
458,83.976852,,,,,,
459,85.495163,,,,,,
460,93.748306,,,,,,
461,91.749664,,,,,,
462,96.657120,,,,,,
463,89.310715,,,,,,
464,96.572723,,,,,,
465,94.978859,,,,,,
466,93.450546,,,,,,
467,92.651001,,,,,,
468,93.131737,,,,,,
469,93.863815,,,,,,
470,92.638275,,,,,,
471,93.642578,,,,,,
472,93.580414,,,,,,
473,94.199966,,,,,,
474,92.888344,,,,,,
475,88.158318,,,,,,
476,94.807251,,,,,,
477,92.416779,,,,,,
478,85.081299,,,,,,
479,97.116402,,,,,,
480,95.427139,,,,,,
481,96.920692,,,,,,
482,87.228149,,,,,,
483,93.912514,,,,,,
484,92.215569,,,,,,
485,85.647896,,,,,,
486,91.648766,,,,,,
487,93.191704,,,,,,
488,94.689018,,,,,,
489,93.993324,,,,,,
490,97.497948,,,,,,
491,93.700081,,,,,,
492,92.389687,,,,,,
493,94.530365,,,,,,
494,91.938789,,,,,,
495,92.934914,,,,,,
496,96.778976,,,,,,
497,92.184952,,,,,,
498,93.152412,,,,,,
499,91.212059,,,,,,
500,95.041817,,,,,,
501,96.810799,,,,,,
502,94.864250,,,,,,
503,95.285629,,,,,,
504,91.808060,,,,,,
505,92.957932,,,,,,
506,92.588348,,,,,,
507,95.447472,,,,,,
508,90.271965,,,,,,
509,96.380333,,,,,,
510,97.174690,,,,,,
511,92.062981,,,,,,
512,77.642426,,,,,,
513,92.871956,,,,,,
514,96.288742,,,,,,
515,93.367958,,,,,,
516,94.859413,,,,,,
517,95.964584,,,,,,
518,96.610306,,,,,,
519,93.478882,,,,,,
520,89.820328,,,,,,
521,95.130455,,,,,,
522,93.988174,,,,,,
523,94.059784,,,,,,
524,96.081230,,,,,,
525,94.746368,,,,,,
526,97.241707,,,,,,
527,95.030930,,,,,,
528,95.414856,,,,,,
529,95.765465,,,,,,
530,93.800056,,,,,,
531,97.525917,,,,,,
532,86.829605,,,,,,
533,95.906082,,,,,,
534,96.047485,,,,,,
535,78.448769,,,,,,
536,95.498444,,,,,,
537,91.864708,,,,,,
538,95.541435,,,,,,
539,96.222771,,,,,,
540,95.663361,,,,,,
541,96.489510,,,,,,
542,96.600258,,,,,,
543,96.630096,,,,,,
544,94.964096,,,,,,
545,92.955132,,,,,,
546,95.651443,,,,,,
547,94.281403,,,,,,
548,78.462891,,,,,,
549,95.311996,,,,,,
550,95.978729,,,,,,
551,95.223129,,,,,,
552,97.122810,,,,,,
553,96.346214,,,,,,
554,97.429741,,,,,,
555,94.740189,,,,,,
556,96.303841,,,,,,
557,77.303375,,,,,,
558,96.721619,,,,,,
559,95.581482,,,,,,
560,96.472740,,,,,,
561,95.407738,,,,,,
562,96.890144,,,,,,
563,96.265442,,,,,,
564,94.938545,,,,,,
565,95.610809,,,,,,
566,91.014641,,,,,,
567,96.189522,,,,,,
568,96.387138,,,,,,
569,95.633797,,,,,,
570,94.785568,,,,,,
571,95.566620,,,,,,
572,95.921097,,,,,,
573,76.839104,,,,,,
574,96.755272,,,,,,
575,95.408127,,,,,,
576,93.959282,,,,,,
577,96.609329,,,,,,
578,95.454636,,,,,,
579,95.032425,,,,,,
580,96.076187,,,,,,
581,94.614334,,,,,,
582,94.517601,,,,,,
583,94.479790,,,,,,
584,97.295822,,,,,,
585,95.834816,,,,,,
586,95.056770,,,,,,
587,96.237869,,,,,,
588,95.646835,,,,,,
589,95.461372,,,,,,
590,95.790642,,,,,,
591,95.867424,,,,,,
592,95.730927,,,,,,
593,87.453163,,,,,,
594,97.047180,,,,,,
595,97.509338,,,,,,
596,95.770424,,,,,,
597,95.274422,,,,,,
598,94.693260,,,,,,
600,,72.570000,0.175805,,,,
600,95.838135,,,,,,
601,95.557968,,,,,,
602,94.445686,,,,,,
603,95.305870,,,,,,
604,96.022804,,,,,,
605,96.232651,,,,,,
606,96.279251,,,,,,
607,96.540695,,,,,,
608,95.679840,,,,,,
609,96.395027,,,,,,
610,95.494904,,,,,,
611,94.216942,,,,,,
612,95.718391,,,,,,
613,96.951897,,,,,,
614,94.282402,,,,,,
615,77.091148,,,,,,
616,95.369583,,,,,,
617,94.208023,,,,,,
618,86.755424,,,,,,
619,94.295570,,,,,,
620,95.084503,,,,,,
621,95.856377,,,,,,
622,94.440010,,,,,,
623,85.654175,,,,,,
624,93.529182,,,,,,
625,96.599541,,,,,,
626,93.316101,,,,,,
627,96.824707,,,,,,
628,93.497116,,,,,,
629,96.281456,,,,,,
630,88.559814,,,,,,
631,96.947731,,,,,,
632,95.310310,,,,,,
633,94.533043,,,,,,
634,93.820381,,,,,,
635,96.401085,,,,,,
636,96.673950,,,,,,
637,96.739532,,,,,,
638,96.000389,,,,,,
639,96.992569,,,,,,
640,95.495209,,,,,,
641,95.383308,,,,,,
642,77.309174,,,,,,
643,96.883614,,,,,,
644,96.302368,,,,,,
645,78.160065,,,,,,
646,80.204048,,,,,,
647,97.447983,,,,,,
648,96.075432,,,,,,
649,96.370911,,,,,,
650,94.596191,,,,,,
651,97.058571,,,,,,
652,95.955894,,,,,,
653,97.164841,,,,,,
654,97.246979,,,,,,
655,95.041679,,,,,,
656,87.563614,,,,,,
657,94.035576,,,,,,
658,94.121613,,,,,,
659,94.356644,,,,,,
660,95.731331,,,,,,
661,93.530457,,,,,,
662,95.805122,,,,,,
663,96.845337,,,,,,
664,94.161575,,,,,,
665,97.295395,,,,,,
666,95.372917,,,,,,
667,96.742699,,,,,,
668,95.857071,,,,,,
669,96.125320,,,,,,
670,93.490349,,,,,,
671,96.049973,,,,,,
672,95.508842,,,,,,
673,97.366905,,,,,,
674,95.453156,,,,,,
675,96.640335,,,,,,
676,96.052376,,,,,,
677,95.893311,,,,,,
678,95.855766,,,,,,
679,96.206947,,,,,,
680,88.324585,,,,,,
681,78.764206,,,,,,
682,93.207748,,,,,,
683,96.353416,,,,,,
684,97.209892,,,,,,
685,92.411499,,,,,,
686,92.730980,,,,,,
687,96.465004,,,,,,
688,95.719986,,,,,,
689,93.906342,,,,,,
690,88.034485,,,,,,
691,96.903175,,,,,,
692,94.706512,,,,,,
693,96.870277,,,,,,
694,96.659813,,,,,,
695,94.442924,,,,,,
696,97.378075,,,,,,
697,96.731491,,,,,,
698,96.977165,,,,,,
699,88.097214,,,,,,
700,86.882431,,,,,,
701,94.455292,,,,,,
702,95.720337,,,,,,
703,97.446991,,,,,,
704,96.894035,,,,,,
705,95.728371,,,,,,
706,97.030617,,,,,,
707,96.251320,,,,,,
708,96.859138,,,,,,
709,96.918579,,,,,,
710,96.675583,,,,,,
711,95.485046,,,,,,
712,96.706772,,,,,,
713,88.475212,,,,,,
714,95.814606,,,,,,
715,88.064117,,,,,,
716,97.527107,,,,,,
717,97.089081,,,,,,
718,96.218201,,,,,,
719,94.442703,,,,,,
720,77.214935,,,,,,
721,94.911209,,,,,,
722,96.850723,,,,,,
723,96.038368,,,,,,
724,97.751526,,,,,,
725,96.548546,,,,,,
726,93.782188,,,,,,
727,96.275070,,,,,,
728,95.807182,,,,,,
729,88.927887,,,,,,
730,96.157288,,,,,,
731,97.755829,,,,,,
732,94.060860,,,,,,
733,96.404419,,,,,,
734,95.804085,,,,,,
735,95.397614,,,,,,
736,87.352737,,,,,,
737,96.527802,,,,,,
738,96.361954,,,,,,
739,96.035774,,,,,,
740,96.862297,,,,,,
741,92.092735,,,,,,
742,95.175201,,,,,,
743,94.112022,,,,,,
744,96.372818,,,,,,
745,78.248886,,,,,,
746,96.391769,,,,,,
747,96.921852,,,,,,
748,94.751961,,,,,,
749,94.937256,,,,,,
750,96.926712,,,,,,
751,95.406807,,,,,,
752,95.501640,,,,,,
753,93.827301,,,,,,
754,95.782204,,,,,,
755,96.658943,,,,,,
756,97.272835,,,,,,
757,94.968056,,,,,,
758,88.772148,,,,,,
759,96.725815,,,,,,
760,96.767876,,,,,,
761,97.644562,,,,,,
762,95.546135,,,,,,
763,95.737305,,,,,,
764,96.528801,,,,,,
765,95.332443,,,,,,
766,96.674416,,,,,,
767,92.251549,,,,,,
768,97.731087,,,,,,
769,92.824051,,,,,,
770,94.896233,,,,,,
771,95.220604,,,,,,
772,95.939888,,,,,,
773,97.720139,,,,,,
774,95.766579,,,,,,
775,95.030434,,,,,,
776,96.615921,,,,,,
777,93.436913,,,,,,
778,88.660873,,,,,,
779,96.951248,,,,,,
780,96.823174,,,,,,
781,96.484497,,,,,,
782,95.262703,,,,,,
783,96.499794,,,,,,
784,96.243835,,,,,,
785,96.102989,,,,,,
786,96.470810,,,,,,
787,95.230316,,,,,,
788,95.864479,,,,,,
789,95.988403,,,,,,
790,93.799767,,,,,,
791,96.207771,,,,,,
792,95.669487,,,,,,
793,88.305733,,,,,,
794,96.871559,,,,,,
795,95.465240,,,,,,
796,95.798820,,,,,,
797,97.299721,,,,,,
798,70.828178,,,,,,
800,,73.670000,0.146035,,,,
800,94.673080,,,,,,
801,95.262230,,,,,,
802,95.040855,,,,,,
803,94.270615,,,,,,
804,97.428543,,,,,,
805,96.447083,,,,,,
806,97.410011,,,,,,
807,96.510147,,,,,,
808,95.796707,,,,,,
809,95.434761,,,,,,
810,97.599113,,,,,,
811,96.583145,,,,,,
812,97.237717,,,,,,
813,96.379089,,,,,,
814,96.365768,,,,,,
815,97.951492,,,,,,
816,95.616776,,,,,,
817,94.832222,,,,,,
818,96.354393,,,,,,
819,97.899765,,,,,,
820,96.456726,,,,,,
821,97.044617,,,,,,
822,78.117058,,,,,,
823,96.666237,,,,,,
824,95.709427,,,,,,
825,97.523026,,,,,,
826,97.563377,,,,,,
827,95.953712,,,,,,
828,97.917343,,,,,,
829,94.055565,,,,,,
830,77.410240,,,,,,
831,96.766998,,,,,,
832,94.886360,,,,,,
833,96.915871,,,,,,
834,96.395134,,,,,,
835,88.289780,,,,,,
836,94.393204,,,,,,
837,96.983810,,,,,,
838,97.172478,,,,,,
839,93.769463,,,,,,
840,96.955269,,,,,,
841,75.751106,,,,,,
842,97.285355,,,,,,
843,96.349632,,,,,,
844,97.158966,,,,,,
845,96.217018,,,,,,
846,96.684135,,,,,,
847,96.177826,,,,,,
848,93.635452,,,,,,
849,96.280846,,,,,,
850,96.644554,,,,,,
851,97.113495,,,,,,
852,97.834335,,,,,,
853,95.114098,,,,,,
854,96.766006,,,,,,
855,95.775970,,,,,,
856,95.536880,,,,,,
857,96.144142,,,,,,
858,96.325478,,,,,,
859,95.129463,,,,,,
860,97.385605,,,,,,
861,95.275909,,,,,,
862,96.697998,,,,,,
863,94.876480,,,,,,
864,97.060829,,,,,,
865,96.809273,,,,,,
866,97.071220,,,,,,
867,97.002068,,,,,,
868,96.282455,,,,,,
869,95.486763,,,,,,
870,95.595070,,,,,,
871,95.643616,,,,,,
872,95.385483,,,,,,
873,86.995613,,,,,,
874,96.435631,,,,,,
875,88.190872,,,,,,
876,82.905113,,,,,,
877,96.329842,,,,,,
878,96.468819,,,,,,
879,95.845695,,,,,,
880,96.144150,,,,,,
881,93.864128,,,,,,
882,94.532188,,,,,,
883,97.298874,,,,,,
884,97.099243,,,,,,
885,95.577393,,,,,,
886,94.799026,,,,,,
887,94.682793,,,,,,
888,95.826172,,,,,,
889,87.386879,,,,,,
890,97.110489,,,,,,
891,95.961258,,,,,,
892,96.643776,,,,,,
893,96.400368,,,,,,
894,96.951164,,,,,,
895,96.950180,,,,,,
896,96.336075,,,,,,
897,96.927818,,,,,,
898,96.732033,,,,,,
899,93.797020,,,,,,
900,96.752899,,,,,,
901,97.639679,,,,,,
902,95.857941,,,,,,
903,97.749107,,,,,,
904,97.008904,,,,,,
905,96.919357,,,,,,
906,79.227859,,,,,,
907,96.274994,,,,,,
908,94.904121,,,,,,
909,87.141747,,,,,,
910,96.857323,,,,,,
911,95.798813,,,,,,
912,96.593262,,,,,,
913,97.462952,,,,,,
914,95.600838,,,,,,
915,96.526222,,,,,,
916,97.196426,,,,,,
917,94.526146,,,,,,
918,94.810158,,,,,,
919,96.567139,,,,,,
920,94.848122,,,,,,
921,96.598465,,,,,,
922,94.729691,,,,,,
923,97.232193,,,,,,
924,88.940918,,,,,,
925,81.820877,,,,,,
926,95.791443,,,,,,
927,94.376289,,,,,,
928,96.856903,,,,,,
929,97.011108,,,,,,
930,89.102364,,,,,,
931,96.088242,,,,,,
932,95.986427,,,,,,
933,96.206375,,,,,,
934,94.712219,,,,,,
935,97.234596,,,,,,
936,95.900948,,,,,,
937,96.652161,,,,,,
938,96.497231,,,,,,
939,96.374840,,,,,,
940,95.605370,,,,,,
941,96.534409,,,,,,
942,94.785133,,,,,,
943,97.622101,,,,,,
944,93.678551,,,,,,
945,96.717094,,,,,,
946,97.111610,,,,,,
947,97.738274,,,,,,
948,96.502831,,,,,,
949,96.175400,,,,,,
950,96.140511,,,,,,
951,96.432022,,,,,,
952,87.111900,,,,,,
953,96.094986,,,,,,
954,96.496902,,,,,,
955,97.460915,,,,,,
956,95.805847,,,,,,
957,96.337860,,,,,,
958,86.898399,,,,,,
959,96.406502,,,,,,
960,95.888260,,,,,,
961,95.071846,,,,,,
962,95.960533,,,,,,
963,95.747246,,,,,,
964,78.215027,,,,,,
965,95.646698,,,,,,
966,95.823181,,,,,,
967,96.408699,,,,,,
968,94.120735,,,,,,
969,95.838028,,,,,,
970,96.965996,,,,,,
971,97.227913,,,,,,
972,95.465714,,,,,,
973,97.039536,,,,,,
974,86.058121,,,,,,
975,97.280716,,,,,,
976,96.359642,,,,,,
977,95.892410,,,,,,
978,97.081535,,,,,,
979,95.784370,,,,,,
980,97.249809,,,,,,
981,97.293053,,,,,,
982,95.325287,,,,,,
983,96.670593,,,,,,
984,96.067093,,,,,,
985,97.810234,,,,,,
986,95.970573,,,,,,
987,96.838882,,,,,,
988,96.223083,,,,,,
989,95.028061,,,,,,
990,94.042007,,,,,,
991,96.661499,,,,,,
992,97.323090,,,,,,
993,96.274582,,,,,,
994,96.438339,,,,,,
995,96.929428,,,,,,
996,95.088806,,,,,,
997,87.735489,,,,,,
998,96.907875,,,,,,
1000,,73.630000,0.155131,,,,
1000,96.045654,,,,,,
1001,95.982056,,,,,,
1002,85.940773,,,,,,
1003,96.511177,,,,,,
1004,95.749901,,,,,,
1005,94.673363,,,,,,
1006,96.958603,,,,,,
1007,96.782059,,,,,,
1008,94.566170,,,,,,
1009,97.208710,,,,,,
1010,96.418343,,,,,,
1011,90.188042,,,,,,
1012,97.498634,,,,,,
1013,95.163330,,,,,,
1014,97.181122,,,,,,
1015,95.944740,,,,,,
1016,96.095421,,,,,,
1017,95.816292,,,,,,
1018,89.292725,,,,,,
1019,95.389908,,,,,,
1020,96.579468,,,,,,
1021,97.148445,,,,,,
1022,97.578308,,,,,,
1023,95.472527,,,,,,
1024,96.869507,,,,,,
1025,97.063179,,,,,,
1026,97.325409,,,,,,
1027,96.469681,,,,,,
1028,96.214607,,,,,,
1029,96.487389,,,,,,
1030,96.598969,,,,,,
1031,96.150238,,,,,,
1032,96.914696,,,,,,
1033,96.416595,,,,,,
1034,97.186302,,,,,,
1035,96.782043,,,,,,
1036,95.720215,,,,,,
1037,96.479858,,,,,,
1038,96.437233,,,,,,
1039,77.745255,,,,,,
1040,95.534912,,,,,,
1041,96.898941,,,,,,
1042,94.612617,,,,,,
1043,97.240501,,,,,,
1044,97.038277,,,,,,
1045,97.174431,,,,,,
1046,96.737328,,,,,,
1047,97.017006,,,,,,
1048,96.720528,,,,,,
1049,88.510872,,,,,,
1050,95.823822,,,,,,
1051,96.382736,,,,,,
1052,96.766670,,,,,,
1053,97.338348,,,,,,
1054,96.916023,,,,,,
1055,77.605469,,,,,,
1056,96.127151,,,,,,
1057,96.543518,,,,,,
1058,96.290253,,,,,,
1059,96.477386,,,,,,
1060,96.148148,,,,,,
1061,93.527191,,,,,,
1062,95.463737,,,,,,
1063,87.108574,,,,,,
1064,95.945267,,,,,,
1065,95.328201,,,,,,
1066,94.913834,,,,,,
1067,95.968056,,,,,,
1068,95.708282,,,,,,
1069,96.665588,,,,,,
1070,94.004433,,,,,,
1071,97.406181,,,,,,
1072,96.104439,,,,,,
1073,95.587257,,,,,,
1074,96.265350,,,,,,
1075,95.173126,,,,,,
1076,93.751480,,,,,,
1077,96.823723,,,,,,
1078,95.484619,,,,,,
1079,94.559563,,,,,,
1080,95.408699,,,,,,
1081,69.833496,,,,,,
1082,96.616531,,,,,,
1083,96.244179,,,,,,
1084,95.154282,,,,,,
1085,96.888115,,,,,,
1086,96.631210,,,,,,
1087,97.114128,,,,,,
1088,87.417809,,,,,,
1089,96.758621,,,,,,
1090,96.427025,,,,,,
1091,97.034889,,,,,,
1092,95.910820,,,,,,
1093,96.719414,,,,,,
1094,97.394318,,,,,,
1095,86.713493,,,,,,
1096,96.501923,,,,,,
1097,96.019089,,,,,,
1098,97.247353,,,,,,
1099,96.702286,,,,,,
1100,87.645187,,,,,,
1101,96.968933,,,,,,
1102,95.640350,,,,,,
1103,96.020370,,,,,,
1104,95.236847,,,,,,
1105,95.976913,,,,,,
1106,95.889458,,,,,,
1107,97.580429,,,,,,
1108,95.511841,,,,,,
1109,96.842667,,,,,,
1110,97.059578,,,,,,
1111,95.907257,,,,,,
1112,90.976570,,,,,,
1113,97.639038,,,,,,
1114,97.176163,,,,,,
1115,95.985374,,,,,,
1116,96.756760,,,,,,
1117,96.785942,,,,,,
1118,97.402802,,,,,,
1119,96.330452,,,,,,
1120,96.711731,,,,,,
1121,96.702141,,,,,,
1122,96.588951,,,,,,
1123,97.348709,,,,,,
1124,97.263580,,,,,,
1125,97.825638,,,,,,
1126,97.102722,,,,,,
1127,96.538101,,,,,,
1128,96.075500,,,,,,
1129,96.860359,,,,,,
1130,95.850304,,,,,,
1131,96.575905,,,,,,
1132,96.763855,,,,,,
1133,97.166847,,,,,,
1134,96.035683,,,,,,
1135,96.057228,,,,,,
1136,96.107887,,,,,,
1137,95.147171,,,,,,
1138,96.492805,,,,,,
1139,97.244049,,,,,,
1140,96.565689,,,,,,
1141,95.755409,,,,,,
1142,95.848831,,,,,,
1143,95.667656,,,,,,
1144,96.151825,,,,,,
1145,98.027771,,,,,,
1146,95.037323,,,,,,
1147,96.403564,,,,,,
1148,96.338814,,,,,,
1149,95.820877,,,,,,
1150,97.611725,,,,,,
1151,97.371536,,,,,,
1152,96.399628,,,,,,
1153,97.029060,,,,,,
1154,97.902351,,,,,,
1155,96.523712,,,,,,
1156,95.451187,,,,,,
1157,95.423195,,,,,,
1158,95.797974,,,,,,
1159,96.816635,,,,,,
1160,97.380478,,,,,,
1161,97.604706,,,,,,
1162,96.714554,,,,,,
1163,88.710907,,,,,,
1164,96.643204,,,,,,
1165,94.898880,,,,,,
1166,97.287186,,,,,,
1167,95.680588,,,,,,
1168,96.433067,,,,,,
1169,96.588913,,,,,,
1170,96.858925,,,,,,
1171,89.444031,,,,,,
1172,96.529526,,,,,,
1173,97.601570,,,,,,
1174,91.782440,,,,,,
1175,89.875610,,,,,,
1176,96.165543,,,,,,
1177,95.986053,,,,,,
1178,97.407486,,,,,,
1179,97.238510,,,,,,
1180,96.852615,,,,,,
1181,96.726662,,,,,,
1182,96.979134,,,,,,
1183,96.006393,,,,,,
1184,96.812820,,,,,,
1185,96.114609,,,,,,
1186,97.090332,,,,,,
1187,96.761002,,,,,,
1188,97.247620,,,,,,
1189,95.509903,,,,,,
1190,97.022751,,,,,,
1191,96.297867,,,,,,
1192,95.525192,,,,,,
1193,91.283112,,,,,,
1194,96.317635,,,,,,
1195,96.215103,,,,,,
1196,97.843559,,,,,,
1197,96.814140,,,,,,
1198,94.927879,,,,,,
1200,,73.950000,0.173304,,,,
1200,94.184731,,,,,,
1201,96.390503,,,,,,
1202,96.121407,,,,,,
1203,96.158630,,,,,,
1204,95.966995,,,,,,
1205,96.114540,,,,,,
1206,91.070290,,,,,,
1207,93.994812,,,,,,
1208,97.162498,,,,,,
1209,97.151833,,,,,,
1210,96.399162,,,,,,
1211,95.370941,,,,,,
1212,95.941177,,,,,,
1213,97.117722,,,,,,
1214,97.577438,,,,,,
1215,96.212341,,,,,,
1216,90.482971,,,,,,
1217,95.997986,,,,,,
1218,96.778526,,,,,,
1219,96.877388,,,,,,
1220,95.204178,,,,,,
1221,95.723663,,,,,,
1222,95.455643,,,,,,
1223,96.999268,,,,,,
1224,97.393311,,,,,,
1225,96.198433,,,,,,
1226,95.577782,,,,,,
1227,96.217598,,,,,,
1228,77.680870,,,,,,
1229,95.725014,,,,,,
1230,96.639465,,,,,,
1231,97.076599,,,,,,
1232,97.055771,,,,,,
1233,96.451447,,,,,,
1234,97.391815,,,,,,
1235,97.220573,,,,,,
1236,97.337410,,,,,,
1237,96.900406,,,,,,
1238,96.432961,,,,,,
1239,96.142593,,,,,,
1240,96.659729,,,,,,
1241,91.885712,,,,,,
1242,96.284645,,,,,,
1243,96.757164,,,,,,
1244,97.351784,,,,,,
1245,96.904594,,,,,,
1246,97.728256,,,,,,
1247,78.224327,,,,,,
1248,97.329758,,,,,,
1249,95.102684,,,,,,
1250,96.081970,,,,,,
1251,89.106140,,,,,,
1252,97.086098,,,,,,
1253,97.107765,,,,,,
1254,97.186722,,,,,,
1255,94.389206,,,,,,
1256,93.124374,,,,,,
1257,97.324165,,,,,,
1258,96.567917,,,,,,
1259,96.211739,,,,,,
1260,86.308929,,,,,,
1261,96.729103,,,,,,
1262,96.422920,,,,,,
1263,96.852562,,,,,,
1264,97.179230,,,,,,
1265,97.070122,,,,,,
1266,94.867447,,,,,,
1267,96.290726,,,,,,
1268,97.257889,,,,,,
1269,96.846733,,,,,,
1270,97.147903,,,,,,
1271,96.938965,,,,,,
1272,97.406662,,,,,,
1273,96.597412,,,,,,
1274,85.848831,,,,,,
1275,93.511337,,,,,,
1276,96.215652,,,,,,
1277,96.241768,,,,,,
1278,96.122246,,,,,,
1279,96.038750,,,,,,
1280,97.708641,,,,,,
1281,96.719994,,,,,,
1282,89.575966,,,,,,
1283,97.250488,,,,,,
1284,96.806641,,,,,,
1285,97.093353,,,,,,
1286,96.532211,,,,,,
1287,95.557915,,,,,,
1288,96.511826,,,,,,
1289,96.810928,,,,,,
1290,97.294632,,,,,,
1291,94.933044,,,,,,
1292,97.772949,,,,,,
1293,97.327530,,,,,,
1294,96.243690,,,,,,
1295,96.750809,,,,,,
1296,97.103592,,,,,,
1297,97.239418,,,,,,
1298,97.118530,,,,,,
1299,95.586899,,,,,,
1300,96.187233,,,,,,
1301,96.313164,,,,,,
1302,88.638100,,,,,,
1303,95.952782,,,,,,
1304,97.474205,,,,,,
1305,95.865807,,,,,,
1306,96.734627,,,,,,
1307,95.921005,,,,,,
1308,96.688896,,,,,,
1309,96.005630,,,,,,
1310,96.694206,,,,,,
1311,97.490959,,,,,,
1312,97.580009,,,,,,
1313,95.457298,,,,,,
1314,96.291023,,,,,,
1315,96.945168,,,,,,
1316,87.377838,,,,,,
1317,96.560608,,,,,,
1318,96.475510,,,,,,
1319,96.504517,,,,,,
1320,96.812798,,,,,,
1321,95.707291,,,,,,
1322,87.684303,,,,,,
1323,95.721817,,,,,,
1324,96.315346,,,,,,
1325,96.253815,,,,,,
1326,95.516197,,,,,,
1327,96.396957,,,,,,
1328,96.660141,,,,,,
1329,93.443970,,,,,,
1330,96.688522,,,,,,
1331,90.346710,,,,,,
1332,96.662224,,,,,,
1333,94.499794,,,,,,
1334,97.193718,,,,,,
1335,94.994202,,,,,,
1336,90.870529,,,,,,
1337,95.971840,,,,,,
1338,97.049065,,,,,,
1339,95.662491,,,,,,
1340,96.744194,,,,,,
1341,95.484039,,,,,,
1342,96.946213,,,,,,
1343,95.989014,,,,,,
1344,96.116837,,,,,,
1345,95.727211,,,,,,
1346,97.770111,,,,,,
1347,94.755798,,,,,,
1348,96.296066,,,,,,
1349,97.887543,,,,,,
1350,96.645241,,,,,,
1351,94.751801,,,,,,
1352,95.993263,,,,,,
1353,95.638947,,,,,,
1354,96.379250,,,,,,
1355,97.386581,,,,,,
1356,97.469498,,,,,,
1357,95.812721,,,,,,
1358,97.245827,,,,,,
1359,94.733818,,,,,,
1360,97.132751,,,,,,
1361,96.062889,,,,,,
1362,96.021652,,,,,,
1363,98.140427,,,,,,
1364,97.088226,,,,,,
1365,97.718803,,,,,,
1366,97.427582,,,,,,
1367,97.295456,,,,,,
1368,90.806534,,,,,,
1369,96.943390,,,,,,
1370,97.013687,,,,,,
1371,96.432487,,,,,,
1372,97.071373,,,,,,
1373,97.788971,,,,,,
1374,96.829781,,,,,,
1375,96.398712,,,,,,
1376,97.048172,,,,,,
1377,96.754852,,,,,,
1378,93.151138,,,,,,
1379,95.537918,,,,,,
1380,97.285683,,,,,,
1381,92.408997,,,,,,
1382,96.295616,,,,,,
1383,96.977768,,,,,,
1384,95.340172,,,,,,
1385,92.925156,,,,,,
1386,96.343224,,,,,,
1387,96.964310,,,,,,
1388,97.135391,,,,,,
1389,96.579857,,,,,,
1390,97.215668,,,,,,
1391,95.991096,,,,,,
1392,97.220757,,,,,,
1393,97.105949,,,,,,
1394,95.789886,,,,,,
1395,97.347916,,,,,,
1396,94.267876,,,,,,
1397,97.438179,,,,,,
1398,97.360634,,,,,,
1400,,74.860000,0.169360,,,,
1400,96.670662,,,,,,
1401,97.274445,,,,,,
1402,88.278687,,,,,,
1403,96.027191,,,,,,
1404,95.019493,,,,,,
1405,95.911598,,,,,,
1406,95.707268,,,,,,
1407,97.191765,,,,,,
1408,96.881157,,,,,,
1409,95.171204,,,,,,
1410,96.209755,,,,,,
1411,82.745239,,,,,,
1412,88.304810,,,,,,
1413,97.113083,,,,,,
1414,96.262329,,,,,,
1415,96.663269,,,,,,
1416,97.474892,,,,,,
1417,91.549385,,,,,,
1418,95.876762,,,,,,
1419,96.260155,,,,,,
1420,96.544258,,,,,,
1421,96.606216,,,,,,
1422,95.581100,,,,,,
1423,96.856064,,,,,,
1424,96.735611,,,,,,
1425,97.769775,,,,,,
1426,97.057564,,,,,,
1427,94.985962,,,,,,
1428,96.684395,,,,,,
1429,96.446373,,,,,,
1430,95.717224,,,,,,
1431,95.689362,,,,,,
1432,96.289902,,,,,,
1433,96.573654,,,,,,
1434,97.466393,,,,,,
1435,96.351913,,,,,,
1436,95.193932,,,,,,
1437,97.484886,,,,,,
1438,97.031998,,,,,,
1439,97.715721,,,,,,
1440,95.087120,,,,,,
1441,96.874893,,,,,,
1442,95.804504,,,,,,
1443,95.746033,,,,,,
1444,97.507072,,,,,,
1445,97.298615,,,,,,
1446,96.841461,,,,,,
1447,97.101730,,,,,,
1448,95.983284,,,,,,
1449,97.320923,,,,,,
1450,96.853531,,,,,,
1451,96.853615,,,,,,
1452,97.291451,,,,,,
1453,97.693245,,,,,,
1454,95.829636,,,,,,
1455,96.805885,,,,,,
1456,96.304527,,,,,,
1457,97.578552,,,,,,
1458,97.659225,,,,,,
1459,97.036613,,,,,,
1460,96.645035,,,,,,
1461,97.047150,,,,,,
1462,96.638527,,,,,,
1463,95.500328,,,,,,
1464,93.800423,,,,,,
1465,97.930794,,,,,,
1466,95.358467,,,,,,
1467,98.120110,,,,,,
1468,97.559883,,,,,,
1469,96.874672,,,,,,
1470,97.642853,,,,,,
1471,96.474670,,,,,,
1472,97.081734,,,,,,
1473,94.782906,,,,,,
1474,96.217438,,,,,,
1475,97.086205,,,,,,
1476,96.119743,,,,,,
1477,97.422935,,,,,,
1478,95.047272,,,,,,
1479,97.277588,,,,,,
1480,96.430977,,,,,,
1481,97.718536,,,,,,
1482,89.274124,,,,,,
1483,96.708023,,,,,,
1484,96.676804,,,,,,
1485,96.966339,,,,,,
1486,97.354279,,,,,,
1487,96.508057,,,,,,
1488,96.807709,,,,,,
1489,97.922386,,,,,,
1490,96.789909,,,,,,
1491,97.692223,,,,,,
1492,96.509140,,,,,,
1493,96.195168,,,,,,
1494,92.512169,,,,,,
1495,95.337502,,,,,,
1496,97.009193,,,,,,
1497,95.381294,,,,,,
1498,94.453720,,,,,,
1499,96.228111,,,,,,
1500,96.611931,,,,,,
1501,96.235931,,,,,,
1502,96.891899,,,,,,
1503,97.081902,,,,,,
1504,97.830376,,,,,,
1505,95.477455,,,,,,
1506,94.801178,,,,,,
1507,97.195068,,,,,,
1508,97.165337,,,,,,
1509,96.261848,,,,,,
1510,95.341545,,,,,,
1511,96.299744,,,,,,
1512,96.999496,,,,,,
1513,96.990334,,,,,,
1514,97.305977,,,,,,
1515,97.048691,,,,,,
1516,97.344101,,,,,,
1517,96.756294,,,,,,
1518,96.326645,,,,,,
1519,96.467224,,,,,,
1520,96.017273,,,,,,
1521,97.605453,,,,,,
1522,91.857193,,,,,,
1523,96.882843,,,,,,
1524,94.592445,,,,,,
1525,97.682098,,,,,,
1526,96.893242,,,,,,
1527,96.992409,,,,,,
1528,91.383835,,,,,,
1529,97.421150,,,,,,
1530,96.926262,,,,,,
1531,97.536575,,,,,,
1532,97.294518,,,,,,
1533,95.747063,,,,,,
1534,97.463730,,,,,,
1535,96.596443,,,,,,
1536,96.581276,,,,,,
1537,97.555626,,,,,,
1538,96.796638,,,,,,
1539,97.611969,,,,,,
1540,96.027359,,,,,,
1541,89.065331,,,,,,
1542,97.102806,,,,,,
1543,98.217995,,,,,,
1544,96.799347,,,,,,
1545,97.290535,,,,,,
1546,96.785057,,,,,,
1547,97.301491,,,,,,
1548,97.478554,,,,,,
1549,96.359299,,,,,,
1550,96.731071,,,,,,
1551,97.637878,,,,,,
1552,96.962082,,,,,,
1553,97.504562,,,,,,
1554,97.251961,,,,,,
1555,97.299049,,,,,,
1556,97.375397,,,,,,
1557,96.697357,,,,,,
1558,96.542145,,,,,,
1559,95.611435,,,,,,
1560,96.785454,,,,,,
1561,97.398666,,,,,,
1562,96.492699,,,,,,
1563,96.938744,,,,,,
1564,96.739151,,,,,,
1565,96.603630,,,,,,
1566,95.277512,,,,,,
1567,96.735458,,,,,,
1568,97.245148,,,,,,
1569,97.768570,,,,,,
1570,96.834389,,,,,,
1571,96.425179,,,,,,
1572,96.934769,,,,,,
1573,97.554146,,,,,,
1574,95.852516,,,,,,
1575,96.601349,,,,,,
1576,96.716301,,,,,,
1577,97.752983,,,,,,
1578,97.858780,,,,,,
1579,96.956955,,,,,,
1580,97.590416,,,,,,
1581,97.898468,,,,,,
1582,97.207047,,,,,,
1583,96.245224,,,,,,
1584,96.921242,,,,,,
1585,96.207542,,,,,,
1586,95.971008,,,,,,
1587,96.705162,,,,,,
1588,97.303795,,,,,,
1589,97.130760,,,,,,
1590,98.001472,,,,,,
1591,96.680321,,,,,,
1592,95.123497,,,,,,
1593,96.612724,,,,,,
1594,98.017952,,,,,,
1595,96.971039,,,,,,
1596,90.550941,,,,,,
1597,96.358513,,,,,,
1598,95.778069,,,,,,
1600,,75.690000,0.132574,,,,
1600,97.251465,,,,,,
1601,97.433556,,,,,,
1602,96.231537,,,,,,
1603,96.813805,,,,,,
1604,96.830948,,,,,,
1605,80.832031,,,,,,
1606,97.815224,,,,,,
1607,97.866364,,,,,,
1608,96.908363,,,,,,
1609,96.561699,,,,,,
1610,92.514206,,,,,,
1611,97.534592,,,,,,
1612,97.324532,,,,,,
1613,95.536049,,,,,,
1614,96.194603,,,,,,
1615,95.137062,,,,,,
1616,97.605408,,,,,,
1617,96.566284,,,,,,
1618,96.730408,,,,,,
1619,97.258995,,,,,,
1620,97.759209,,,,,,
1621,95.993584,,,,,,
1622,96.191864,,,,,,
1623,97.507195,,,,,,
1624,88.561340,,,,,,
1625,89.270775,,,,,,
1626,94.002731,,,,,,
1627,96.145691,,,,,,
1628,96.969582,,,,,,
1629,95.536690,,,,,,
1630,96.757622,,,,,,
1631,88.372887,,,,,,
1632,97.174812,,,,,,
1633,96.498177,,,,,,
1634,97.410950,,,,,,
1635,95.687874,,,,,,
1636,96.118233,,,,,,
1637,95.853355,,,,,,
1638,95.959412,,,,,,
1639,96.444885,,,,,,
1640,95.115425,,,,,,
1641,95.962120,,,,,,
1642,97.753807,,,,,,
1643,97.047974,,,,,,
1644,96.821259,,,,,,
1645,96.750259,,,,,,
1646,95.422119,,,,,,
1647,92.015198,,,,,,
1648,96.908508,,,,,,
1649,96.515984,,,,,,
1650,97.578331,,,,,,
1651,96.443123,,,,,,
1652,96.588287,,,,,,
1653,88.841270,,,,,,
1654,95.817856,,,,,,
1655,97.413017,,,,,,
1656,94.616089,,,,,,
1657,94.973831,,,,,,
1658,97.350807,,,,,,
1659,96.728775,,,,,,
1660,96.882301,,,,,,
1661,96.310806,,,,,,
1662,96.479492,,,,,,
1663,96.145554,,,,,,
1664,96.878586,,,,,,
1665,97.471313,,,,,,
1666,96.577835,,,,,,
1667,97.606628,,,,,,
1668,92.789986,,,,,,
1669,95.652649,,,,,,
1670,96.374367,,,,,,
1671,94.891281,,,,,,
1672,96.483101,,,,,,
1673,96.663673,,,,,,
1674,97.775627,,,,,,
1675,97.466972,,,,,,
1676,95.912521,,,,,,
1677,97.268753,,,,,,
1678,96.906166,,,,,,
1679,96.463036,,,,,,
1680,97.427391,,,,,,
1681,96.730873,,,,,,
1682,96.501350,,,,,,
1683,89.022858,,,,,,
1684,95.467957,,,,,,
1685,93.484367,,,,,,
1686,97.185623,,,,,,
1687,92.230537,,,,,,
1688,96.525398,,,,,,
1689,97.766869,,,,,,
1690,97.413124,,,,,,
1691,97.175781,,,,,,
1692,97.665672,,,,,,
1693,96.520363,,,,,,
1694,97.898384,,,,,,
1695,97.183128,,,,,,
1696,96.739876,,,,,,
1697,96.288536,,,,,,
1698,96.473862,,,,,,
1699,96.906395,,,,,,
1700,93.315956,,,,,,
1701,97.199608,,,,,,
1702,89.189659,,,,,,
1703,97.324081,,,,,,
1704,97.770493,,,,,,
1705,97.602272,,,,,,
1706,97.274422,,,,,,
1707,96.075829,,,,,,
1708,92.608536,,,,,,
1709,96.609451,,,,,,
1710,95.907288,,,,,,
1711,95.770164,,,,,,
1712,97.134880,,,,,,
1713,96.767921,,,,,,
1714,97.002464,,,,,,
1715,96.579735,,,,,,
1716,96.355560,,,,,,
1717,97.454330,,,,,,
1718,96.839539,,,,,,
1719,97.530190,,,,,,
1720,96.790390,,,,,,
1721,97.989716,,,,,,
1722,93.572426,,,,,,
1723,96.637283,,,,,,
1724,98.006065,,,,,,
1725,96.734550,,,,,,
1726,95.000122,,,,,,
1727,97.290932,,,,,,
1728,97.913673,,,,,,
1729,96.803612,,,,,,
1730,94.560394,,,,,,
1731,96.968323,,,,,,
1732,96.803467,,,,,,
1733,97.114311,,,,,,
1734,96.053482,,,,,,
1735,93.204422,,,,,,
1736,97.202209,,,,,,
1737,96.919998,,,,,,
1738,96.435715,,,,,,
1739,97.749329,,,,,,
1740,96.721123,,,,,,
1741,96.986588,,,,,,
1742,95.678032,,,,,,
1743,97.275688,,,,,,
1744,97.285896,,,,,,
1745,95.784149,,,,,,
1746,94.189049,,,,,,
1747,94.737495,,,,,,
1748,96.717545,,,,,,
1749,97.582359,,,,,,
1750,97.553047,,,,,,
1751,95.366737,,,,,,
1752,97.480118,,,,,,
1753,96.331322,,,,,,
1754,94.318619,,,,,,
1755,96.617500,,,,,,
1756,96.066345,,,,,,
1757,96.875076,,,,,,
1758,97.638977,,,,,,
1759,96.790184,,,,,,
1760,95.703293,,,,,,
1761,95.148651,,,,,,
1762,96.492516,,,,,,
1763,90.947983,,,,,,
1764,95.974106,,,,,,
1765,97.820259,,,,,,
1766,97.983704,,,,,,
1767,97.654716,,,,,,
1768,97.207016,,,,,,
1769,96.728371,,,,,,
1770,97.185989,,,,,,
1771,96.764717,,,,,,
1772,96.743523,,,,,,
1773,97.107674,,,,,,
1774,95.726967,,,,,,
1775,97.649345,,,,,,
1776,97.209534,,,,,,
1777,96.698807,,,,,,
1778,97.137596,,,,,,
1779,97.042809,,,,,,
1780,94.192581,,,,,,
1781,98.055176,,,,,,
1782,97.170799,,,,,,
1783,95.968819,,,,,,
1784,97.229309,,,,,,
1785,95.717163,,,,,,
1786,97.493820,,,,,,
1787,97.154121,,,,,,
1788,95.770851,,,,,,
1789,97.240425,,,,,,
1790,97.740433,,,,,,
1791,97.583771,,,,,,
1792,96.846703,,,,,,
1793,96.464447,,,,,,
1794,97.627586,,,,,,
1795,97.028870,,,,,,
1796,95.822861,,,,,,
1797,98.082886,,,,,,
1798,97.333267,,,,,,
1800,,73.890000,0.157414,,,,
1800,98.048706,,,,,,
1801,96.465950,,,,,,
1802,97.039322,,,,,,
1803,96.608780,,,,,,
1804,97.164345,,,,,,
1805,96.737312,,,,,,
1806,97.122131,,,,,,
1807,96.885506,,,,,,
1808,97.178192,,,,,,
1809,97.317314,,,,,,
1810,97.399536,,,,,,
1811,97.689606,,,,,,
1812,95.897713,,,,,,
1813,97.568748,,,,,,
1814,96.538055,,,,,,
1815,97.831993,,,,,,
1816,95.692360,,,,,,
1817,97.801094,,,,,,
1818,97.658630,,,,,,
1819,97.533554,,,,,,
1820,97.166656,,,,,,
1821,96.973007,,,,,,
1822,96.303185,,,,,,
1823,97.612015,,,,,,
1824,97.132828,,,,,,
1825,95.684151,,,,,,
1826,96.616203,,,,,,
1827,97.279579,,,,,,
1828,97.475082,,,,,,
1829,97.335464,,,,,,
1830,97.492409,,,,,,
1831,97.078445,,,,,,
1832,97.809402,,,,,,
1833,96.061867,,,,,,
1834,96.438652,,,,,,
1835,95.727295,,,,,,
1836,98.019669,,,,,,
1837,96.607529,,,,,,
1838,97.161095,,,,,,
1839,95.981125,,,,,,
1840,91.869904,,,,,,
1841,97.686424,,,,,,
1842,96.548447,,,,,,
1843,96.169960,,,,,,
1844,98.080269,,,,,,
1845,97.256721,,,,,,
1846,96.559700,,,,,,
1847,96.772339,,,,,,
1848,96.133636,,,,,,
1849,96.308754,,,,,,
1850,96.839088,,,,,,
1851,96.556633,,,,,,
1852,97.393188,,,,,,
1853,96.075447,,,,,,
1854,96.926971,,,,,,
1855,97.155167,,,,,,
1856,96.732559,,,,,,
1857,96.666573,,,,,,
1858,97.595360,,,,,,
1859,96.996033,,,,,,
1860,97.116943,,,,,,
1861,93.918930,,,,,,
1862,97.943611,,,,,,
1863,96.559990,,,,,,
1864,95.937561,,,,,,
1865,96.903442,,,,,,
1866,97.501755,,,,,,
1867,97.244759,,,,,,
1868,97.172844,,,,,,
1869,97.472115,,,,,,
1870,96.856102,,,,,,
1871,98.103821,,,,,,
1872,97.447250,,,,,,
1873,96.892151,,,,,,
1874,96.745972,,,,,,
1875,98.061996,,,,,,
1876,97.412651,,,,,,
1877,96.215149,,,,,,
1878,97.326088,,,,,,
1879,97.914246,,,,,,
1880,96.040573,,,,,,
1881,97.472008,,,,,,
1882,96.080170,,,,,,
1883,97.710526,,,,,,
1884,96.931702,,,,,,
1885,97.747009,,,,,,
1886,97.186447,,,,,,
1887,96.714615,,,,,,
1888,97.912834,,,,,,
1889,97.134613,,,,,,
1890,97.657913,,,,,,
1891,89.695641,,,,,,
1892,94.564552,,,,,,
1893,96.880554,,,,,,
1894,97.561073,,,,,,
1895,95.502197,,,,,,
1896,97.623283,,,,,,
1897,96.192245,,,,,,
1898,97.001190,,,,,,
1899,95.366241,,,,,,
1900,96.224983,,,,,,
1901,96.725082,,,,,,
1902,97.807884,,,,,,
1903,97.336029,,,,,,
1904,96.642708,,,,,,
1905,96.366394,,,,,,
1906,95.867012,,,,,,
1907,97.342186,,,,,,
1908,97.541069,,,,,,
1909,94.891571,,,,,,
1910,96.122925,,,,,,
1911,96.825485,,,,,,
1912,97.347580,,,,,,
1913,96.933197,,,,,,
1914,97.136307,,,,,,
1915,96.567299,,,,,,
1916,97.093323,,,,,,
1917,96.595177,,,,,,
1918,96.833603,,,,,,
1919,97.338562,,,,,,
1920,96.853966,,,,,,
1921,94.808739,,,,,,
1922,97.238068,,,,,,
1923,97.571320,,,,,,
1924,97.006340,,,,,,
1925,96.929176,,,,,,
1926,97.604591,,,,,,
1927,96.319283,,,,,,
1928,96.521591,,,,,,
1929,98.004089,,,,,,
1930,97.534126,,,,,,
1931,96.753044,,,,,,
1932,96.410538,,,,,,
1933,97.715042,,,,,,
1934,97.508018,,,,,,
1935,97.339058,,,,,,
1936,96.786102,,,,,,
1937,97.472076,,,,,,
1938,96.988884,,,,,,
1939,96.589600,,,,,,
1940,97.527557,,,,,,
1941,96.973839,,,,,,
1942,97.177452,,,,,,
1943,97.007454,,,,,,
1944,96.667198,,,,,,
1945,97.669502,,,,,,
1946,96.330887,,,,,,
1947,95.527939,,,,,,
1948,96.401146,,,,,,
1949,97.718880,,,,,,
1950,95.118820,,,,,,
1951,97.210289,,,,,,
1952,94.681259,,,,,,
1953,97.500961,,,,,,
1954,97.716827,,,,,,
1955,96.850296,,,,,,
1956,96.604126,,,,,,
1957,96.939323,,,,,,
1958,97.286705,,,,,,
1959,96.250328,,,,,,
1960,96.513794,,,,,,
1961,95.689270,,,,,,
1962,97.323166,,,,,,
1963,97.115921,,,,,,
1964,96.502533,,,,,,
1965,96.087509,,,,,,
1966,97.456474,,,,,,
1967,97.761024,,,,,,
1968,97.598274,,,,,,
1969,97.773689,,,,,,
1970,97.801735,,,,,,
1971,97.207863,,,,,,
1972,96.084274,,,,,,
1973,97.212685,,,,,,
1974,97.743919,,,,,,
1975,96.456161,,,,,,
1976,96.685898,,,,,,
1977,97.151093,,,,,,
1978,96.904999,,,,,,
1979,95.774055,,,,,,
1980,97.394554,,,,,,
1981,97.141739,,,,,,
1982,96.719849,,,,,,
1983,96.896690,,,,,,
1984,97.768578,,,,,,
1985,95.798004,,,,,,
1986,96.323212,,,,,,
1987,96.948227,,,,,,
1988,96.220596,,,,,,
1989,96.741844,,,,,,
1990,97.530876,,,,,,
1991,94.266357,,,,,,
1992,97.610497,,,,,,
1993,96.884148,,,,,,
1994,96.970566,,,,,,
1995,97.032806,,,,,,
1996,97.383492,,,,,,
1997,96.811028,,,,,,
1998,97.735512,,,,,,
2000,,76.030000,0.132278,,,,
2000,97.397575,,,,,,
2001,96.314903,,,,,,
2002,96.863152,,,,,,
2003,97.214317,,,,,,
2004,96.794456,,,,,,
2005,97.305000,,,,,,
2006,96.569923,,,,,,
2007,96.052254,,,,,,
2008,97.320137,,,,,,
2009,97.043045,,,,,,
2010,97.770737,,,,,,
2011,97.651054,,,,,,
2012,97.197227,,,,,,
2013,96.829201,,,,,,
2014,84.044144,,,,,,
2015,97.321182,,,,,,
2016,96.434731,,,,,,
2017,96.103378,,,,,,
2018,97.563194,,,,,,
2019,95.814217,,,,,,
2020,96.080238,,,,,,
2021,96.294914,,,,,,
2022,97.717590,,,,,,
2023,96.877914,,,,,,
2024,97.000969,,,,,,
2025,96.385109,,,,,,
2026,97.836388,,,,,,
2027,96.553261,,,,,,
2028,97.097893,,,,,,
2029,97.388100,,,,,,
2030,97.981911,,,,,,
2031,97.682281,,,,,,
2032,97.781166,,,,,,
2033,97.545197,,,,,,
2034,96.573341,,,,,,
2035,96.531998,,,,,,
2036,96.322662,,,,,,
2037,97.419380,,,,,,
2038,96.920418,,,,,,
2039,97.867104,,,,,,
2040,97.944359,,,,,,
2041,94.796608,,,,,,
2042,97.553322,,,,,,
2043,96.614212,,,,,,
2044,97.345627,,,,,,
2045,96.413544,,,,,,
2046,97.522278,,,,,,
2047,94.318581,,,,,,
2048,97.195107,,,,,,
2049,96.873589,,,,,,
2050,97.780800,,,,,,
2051,97.964508,,,,,,
2052,96.230858,,,,,,
2053,97.797226,,,,,,
2054,95.705353,,,,,,
2055,96.732719,,,,,,
2056,97.256561,,,,,,
2057,97.225616,,,,,,
2058,97.006950,,,,,,
2059,97.861794,,,,,,
2060,97.167976,,,,,,
2061,97.062874,,,,,,
2062,96.700851,,,,,,
2063,97.271149,,,,,,
2064,97.082481,,,,,,
2065,96.828888,,,,,,
2066,97.482948,,,,,,
2067,96.066978,,,,,,
2068,97.495773,,,,,,
2069,91.831917,,,,,,
2070,95.244240,,,,,,
2071,89.757927,,,,,,
2072,96.616440,,,,,,
2073,97.205353,,,,,,
2074,95.985588,,,,,,
2075,97.228806,,,,,,
2076,97.626389,,,,,,
2077,97.435760,,,,,,
2078,97.540642,,,,,,
2079,97.127083,,,,,,
2080,97.248024,,,,,,
2081,97.648102,,,,,,
2082,95.337738,,,,,,
2083,96.875175,,,,,,
2084,96.744980,,,,,,
2085,97.679199,,,,,,
2086,96.960449,,,,,,
2087,97.075539,,,,,,
2088,97.585640,,,,,,
2089,96.965561,,,,,,
2090,97.492538,,,,,,
2091,97.534195,,,,,,
2092,97.409355,,,,,,
2093,97.482727,,,,,,
2094,94.819473,,,,,,
2095,96.568077,,,,,,
2096,96.001373,,,,,,
2097,96.788116,,,,,,
2098,97.870033,,,,,,
2099,96.414246,,,,,,
2100,96.881889,,,,,,
2101,96.675842,,,,,,
2102,96.377090,,,,,,
2103,97.225639,,,,,,
2104,96.601608,,,,,,
2105,97.828659,,,,,,
2106,96.573883,,,,,,
2107,96.062035,,,,,,
2108,96.460175,,,,,,
2109,97.968201,,,,,,
2110,97.757088,,,,,,
2111,98.306183,,,,,,
2112,96.103561,,,,,,
2113,96.340958,,,,,,
2114,96.749550,,,,,,
2115,97.358490,,,,,,
2116,96.517685,,,,,,
2117,97.220444,,,,,,
2118,95.773834,,,,,,
2119,96.368416,,,,,,
2120,97.249161,,,,,,
2121,96.775261,,,,,,
2122,97.625633,,,,,,
2123,97.227989,,,,,,
2124,96.788147,,,,,,
2125,95.602386,,,,,,
2126,97.165665,,,,,,
2127,97.144325,,,,,,
2128,96.780342,,,,,,
2129,97.798309,,,,,,
2130,96.433739,,,,,,
2131,96.453445,,,,,,
2132,97.367844,,,,,,
2133,97.405800,,,,,,
2134,95.545113,,,,,,
2135,97.104469,,,,,,
2136,97.506462,,,,,,
2137,97.286461,,,,,,
2138,97.836578,,,,,,
2139,96.673515,,,,,,
2140,96.399872,,,,,,
2141,96.835258,,,,,,
2142,96.909378,,,,,,
2143,97.557388,,,,,,
2144,97.657043,,,,,,
2145,97.067017,,,,,,
2146,98.120918,,,,,,
2147,96.557510,,,,,,
2148,97.405769,,,,,,
2149,96.953651,,,,,,
2150,97.554230,,,,,,
2151,97.600922,,,,,,
2152,97.772636,,,,,,
2153,95.605080,,,,,,
2154,97.188438,,,,,,
2155,96.243088,,,,,,
2156,96.168404,,,,,,
2157,96.960838,,,,,,
2158,96.998024,,,,,,
2159,97.447037,,,,,,
2160,97.645386,,,,,,
2161,97.695168,,,,,,
2162,97.242790,,,,,,
2163,97.539612,,,,,,
2164,97.954941,,,,,,
2165,97.710434,,,,,,
2166,97.459114,,,,,,
2167,96.867897,,,,,,
2168,96.719688,,,,,,
2169,97.865028,,,,,,
2170,97.594765,,,,,,
2171,93.361755,,,,,,
2172,97.758904,,,,,,
2173,95.649445,,,,,,
2174,97.833504,,,,,,
2175,98.044968,,,,,,
2176,96.369698,,,,,,
2177,94.860054,,,,,,
2178,96.641075,,,,,,
2179,97.546318,,,,,,
2180,97.357338,,,,,,
2181,96.136932,,,,,,
2182,97.493126,,,,,,
2183,97.790115,,,,,,
2184,97.900780,,,,,,
2185,96.598419,,,,,,
2186,96.162819,,,,,,
2187,97.081650,,,,,,
2188,97.742271,,,,,,
2189,96.988586,,,,,,
2190,96.358170,,,,,,
2191,97.203499,,,,,,
2192,96.559998,,,,,,
2193,97.107887,,,,,,
2194,97.456787,,,,,,
2195,96.779556,,,,,,
2196,96.851814,,,,,,
2197,96.053520,,,,,,
2198,97.338165,,,,,,
2200,,75.640000,0.131422,,,,
2200,96.253609,,,,,,
2201,97.563950,,,,,,
2202,93.209389,,,,,,
2203,96.717735,,,,,,
2204,96.393463,,,,,,
2205,96.945763,,,,,,
2206,96.080223,,,,,,
2207,97.255478,,,,,,
2208,97.574081,,,,,,
2209,96.560730,,,,,,
2210,96.614243,,,,,,
2211,97.244484,,,,,,
2212,96.660408,,,,,,
2213,97.107529,,,,,,
2214,98.096947,,,,,,
2215,97.079208,,,,,,
2216,97.264870,,,,,,
2217,96.169067,,,,,,
2218,96.752754,,,,,,
2219,97.492065,,,,,,
2220,98.072708,,,,,,
2221,97.613922,,,,,,
2222,97.220398,,,,,,
2223,97.788239,,,,,,
2224,98.150085,,,,,,
2225,95.967216,,,,,,
2226,97.171936,,,,,,
2227,96.813873,,,,,,
2228,95.053329,,,,,,
2229,97.504234,,,,,,
2230,95.806908,,,,,,
2231,96.681190,,,,,,
2232,97.627724,,,,,,
2233,97.174973,,,,,,
2234,96.941307,,,,,,
2235,97.160248,,,,,,
2236,97.488625,,,,,,
2237,97.010986,,,,,,
2238,96.770020,,,,,,
2239,97.482918,,,,,,
2240,96.144699,,,,,,
2241,97.544197,,,,,,
2242,88.761475,,,,,,
2243,97.040070,,,,,,
2244,97.559151,,,,,,
2245,97.194656,,,,,,
2246,97.727036,,,,,,
2247,96.851303,,,,,,
2248,97.330429,,,,,,
2249,97.350044,,,,,,
2250,96.862282,,,,,,
2251,96.895248,,,,,,
2252,97.345581,,,,,,
2253,96.947495,,,,,,
2254,97.421921,,,,,,
2255,97.292679,,,,,,
2256,97.662918,,,,,,
2257,96.089264,,,,,,
2258,96.534210,,,,,,
2259,95.795410,,,,,,
2260,96.917923,,,,,,
2261,98.090950,,,,,,
2262,96.860367,,,,,,
2263,97.596626,,,,,,
2264,97.150169,,,,,,
2265,97.082558,,,,,,
2266,96.620377,,,,,,
2267,95.184158,,,,,,
2268,96.607346,,,,,,
2269,96.474968,,,,,,
2270,97.796280,,,,,,
2271,97.521629,,,,,,
2272,97.232101,,,,,,
2273,96.345581,,,,,,
2274,96.409332,,,,,,
2275,97.054672,,,,,,
2276,96.518387,,,,,,
2277,96.721550,,,,,,
2278,97.677071,,,,,,
2279,97.767570,,,,,,
2280,98.054848,,,,,,
2281,97.958595,,,,,,
2282,97.370865,,,,,,
2283,97.820824,,,,,,
2284,97.374512,,,,,,
2285,96.275879,,,,,,
2286,97.122429,,,,,,
2287,97.022865,,,,,,
2288,97.113342,,,,,,
2289,97.627190,,,,,,
2290,97.363617,,,,,,
2291,96.695381,,,,,,
2292,97.200966,,,,,,
2293,97.114960,,,,,,
2294,97.614525,,,,,,
2295,97.283524,,,,,,
2296,96.980049,,,,,,
2297,97.383949,,,,,,
2298,97.512108,,,,,,
2299,97.829681,,,,,,
2300,97.416901,,,,,,
2301,97.864082,,,,,,
2302,95.362625,,,,,,
2303,97.834023,,,,,,
2304,97.278511,,,,,,
2305,95.820305,,,,,,
2306,96.923126,,,,,,
2307,97.465240,,,,,,
2308,97.038864,,,,,,
2309,96.957047,,,,,,
2310,96.693253,,,,,,
2311,96.416336,,,,,,
2312,97.688972,,,,,,
2313,96.716995,,,,,,
2314,97.804123,,,,,,
2315,97.669350,,,,,,
2316,97.888222,,,,,,
2317,96.146233,,,,,,
2318,97.278473,,,,,,
2319,97.142387,,,,,,
2320,96.299042,,,,,,
2321,97.378899,,,,,,
2322,97.672096,,,,,,
2323,97.672203,,,,,,
2324,94.923370,,,,,,
2325,97.141106,,,,,,
2326,96.715157,,,,,,
2327,96.729462,,,,,,
2328,97.412880,,,,,,
2329,97.806656,,,,,,
2330,97.705605,,,,,,
2331,97.654518,,,,,,
2332,97.359665,,,,,,
2333,96.878502,,,,,,
2334,97.005684,,,,,,
2335,97.157219,,,,,,
2336,97.704994,,,,,,
2337,96.979546,,,,,,
2338,97.415077,,,,,,
2339,96.515327,,,,,,
2340,97.439468,,,,,,
2341,96.442818,,,,,,
2342,97.682442,,,,,,
2343,96.961533,,,,,,
2344,97.515640,,,,,,
2345,97.094925,,,,,,
2346,97.070381,,,,,,
2347,96.722359,,,,,,
2348,97.706223,,,,,,
2349,97.277550,,,,,,
2350,97.166191,,,,,,
2351,96.421249,,,,,,
2352,97.821877,,,,,,
2353,97.248474,,,,,,
2354,97.526649,,,,,,
2355,96.548958,,,,,,
2356,97.313873,,,,,,
2357,97.883141,,,,,,
2358,97.176323,,,,,,
2359,96.582542,,,,,,
2360,98.246559,,,,,,
2361,97.505859,,,,,,
2362,97.710175,,,,,,
2363,96.955635,,,,,,
2364,97.725426,,,,,,
2365,96.490700,,,,,,
2366,97.318222,,,,,,
2367,96.071884,,,,,,
2368,96.885597,,,,,,
2369,95.786949,,,,,,
2370,97.498672,,,,,,
2371,97.737434,,,,,,
2372,97.914680,,,,,,
2373,97.068886,,,,,,
2374,96.623199,,,,,,
2375,96.485268,,,,,,
2376,97.050194,,,,,,
2377,96.311737,,,,,,
2378,97.622635,,,,,,
2379,97.181396,,,,,,
2380,97.398705,,,,,,
2381,97.198883,,,,,,
2382,97.608704,,,,,,
2383,97.601067,,,,,,
2384,97.715446,,,,,,
2385,97.455627,,,,,,
2386,97.409882,,,,,,
2387,96.470024,,,,,,
2388,97.464691,,,,,,
2389,97.714935,,,,,,
2390,97.451889,,,,,,
2391,96.604820,,,,,,
2392,95.860970,,,,,,
2393,97.011627,,,,,,
2394,96.522163,,,,,,
2395,98.125443,,,,,,
2396,97.928391,,,,,,
2397,97.024185,,,,,,
2398,97.520744,,,,,,
2400,,75.310000,0.140426,,,,
2400,97.451271,,,,,,
2401,97.309059,,,,,,
2402,97.418198,,,,,,
2403,97.167915,,,,,,
2404,97.394394,,,,,,
2405,96.544975,,,,,,
2406,97.188766,,,,,,
2407,97.402748,,,,,,
2408,96.425644,,,,,,
2409,97.572067,,,,,,
2410,97.191132,,,,,,
2411,97.274734,,,,,,
2412,96.767136,,,,,,
2413,97.129158,,,,,,
2414,97.550316,,,,,,
2415,97.238075,,,,,,
2416,97.095329,,,,,,
2417,96.776321,,,,,,
2418,96.546478,,,,,,
2419,96.040672,,,,,,
2420,97.349525,,,,,,
2421,97.156204,,,,,,
2422,98.208656,,,,,,
2423,98.044800,,,,,,
2424,97.367912,,,,,,
2425,97.574394,,,,,,
2426,97.750687,,,,,,
2427,97.270416,,,,,,
2428,97.503204,,,,,,
2429,98.081413,,,,,,
2430,96.853165,,,,,,
2431,97.100464,,,,,,
2432,95.586861,,,,,,
2433,96.287315,,,,,,
2434,97.312103,,,,,,
2435,97.484558,,,,,,
2436,97.807114,,,,,,
2437,97.633896,,,,,,
2438,96.991119,,,,,,
2439,97.221581,,,,,,
2440,96.789375,,,,,,
2441,96.345818,,,,,,
2442,96.909363,,,,,,
2443,97.032730,,,,,,
2444,96.663551,,,,,,
2445,96.891563,,,,,,
2446,97.386772,,,,,,
2447,97.105385,,,,,,
2448,97.073753,,,,,,
2449,96.111343,,,,,,
2450,96.994141,,,,,,
2451,96.909035,,,,,,
2452,96.814651,,,,,,
2453,96.659424,,,,,,
2454,97.237923,,,,,,
2455,96.599785,,,,,,
2456,97.237274,,,,,,
2457,97.029854,,,,,,
2458,97.328369,,,,,,
2459,96.656189,,,,,,
2460,97.618637,,,,,,
2461,97.318176,,,,,,
2462,96.359413,,,,,,
2463,97.537872,,,,,,
2464,97.297440,,,,,,
2465,96.736328,,,,,,
2466,97.396774,,,,,,
2467,96.621445,,,,,,
2468,97.154572,,,,,,
2469,96.819283,,,,,,
2470,97.348656,,,,,,
2471,96.020332,,,,,,
2472,97.100296,,,,,,
2473,97.883095,,,,,,
2474,97.750389,,,,,,
2475,96.800362,,,,,,
2476,96.033386,,,,,,
2477,96.828110,,,,,,
2478,98.162102,,,,,,
2479,96.289780,,,,,,
2480,97.562119,,,,,,
2481,96.647743,,,,,,
2482,98.052887,,,,,,
2483,97.512054,,,,,,
2484,97.433784,,,,,,
2485,96.242065,,,,,,
2486,96.797096,,,,,,
2487,97.616554,,,,,,
2488,96.846703,,,,,,
2489,97.592140,,,,,,
2490,97.254349,,,,,,
2491,96.898811,,,,,,
2492,97.758141,,,,,,
2493,97.772575,,,,,,
2494,97.035004,,,,,,
2495,97.936493,,,,,,
2496,97.906647,,,,,,
2497,97.819427,,,,,,
2498,96.338547,,,,,,
2499,97.197067,,,,,,
2500,96.933075,,,,,,
2501,98.104256,,,,,,
2502,97.721161,,,,,,
2503,96.261711,,,,,,
2504,96.835777,,,,,,
2505,98.110069,,,,,,
2506,97.857155,,,,,,
2507,97.356552,,,,,,
2508,97.597153,,,,,,
2509,96.853897,,,,,,
2510,96.719177,,,,,,
2511,97.443039,,,,,,
2512,98.267128,,,,,,
2513,97.198448,,,,,,
2514,97.960747,,,,,,
2515,97.375473,,,,,,
2516,97.139130,,,,,,
2517,96.608307,,,,,,
2518,97.366348,,,,,,
2519,97.949165,,,,,,
2520,97.896469,,,,,,
2521,97.450554,,,,,,
2522,98.113037,,,,,,
2523,97.330933,,,,,,
2524,97.394363,,,,,,
2525,98.007126,,,,,,
2526,97.649475,,,,,,
2527,96.908562,,,,,,
2528,97.546928,,,,,,
2529,97.080696,,,,,,
2530,97.693939,,,,,,
2531,97.312836,,,,,,
2532,97.792969,,,,,,
2533,97.317207,,,,,,
2534,96.936752,,,,,,
2535,97.352432,,,,,,
2536,96.773659,,,,,,
2537,96.588531,,,,,,
2538,96.739487,,,,,,
2539,97.022850,,,,,,
2540,97.662727,,,,,,
2541,97.253159,,,,,,
2542,98.026413,,,,,,
2543,97.018723,,,,,,
2544,96.769402,,,,,,
2545,97.355614,,,,,,
2546,97.149422,,,,,,
2547,97.356903,,,,,,
2548,96.725266,,,,,,
2549,97.093597,,,,,,
2550,97.561325,,,,,,
2551,97.479385,,,,,,
2552,97.292427,,,,,,
2553,96.456505,,,,,,
2554,96.653206,,,,,,
2555,97.972061,,,,,,
2556,97.920822,,,,,,
2557,98.218491,,,,,,
2558,97.189354,,,,,,
2559,97.290260,,,,,,
2560,96.486908,,,,,,
2561,97.809120,,,,,,
2562,97.026039,,,,,,
2563,97.967056,,,,,,
2564,97.673912,,,,,,
2565,97.139648,,,,,,
2566,97.660721,,,,,,
2567,97.855293,,,,,,
2568,96.410088,,,,,,
2569,98.227470,,,,,,
2570,97.022781,,,,,,
2571,96.851219,,,,,,
2572,95.965576,,,,,,
2573,97.088287,,,,,,
2574,97.545067,,,,,,
2575,96.987755,,,,,,
2576,98.235176,,,,,,
2577,96.755493,,,,,,
2578,97.989761,,,,,,
2579,97.884354,,,,,,
2580,96.490349,,,,,,
2581,97.309402,,,,,,
2582,96.163651,,,,,,
2583,97.741959,,,,,,
2584,96.091179,,,,,,
2585,97.301826,,,,,,
2586,96.680832,,,,,,
2587,96.809669,,,,,,
2588,97.829506,,,,,,
2589,96.534966,,,,,,
2590,97.669594,,,,,,
2591,95.388275,,,,,,
2592,96.848152,,,,,,
2593,97.818382,,,,,,
2594,97.443130,,,,,,
2595,97.794540,,,,,,
2596,96.967735,,,,,,
2597,96.389610,,,,,,
2598,97.007744,,,,,,
2600,,77.340000,0.129203,,,,
2600,97.311127,,,,,,
2601,97.244888,,,,,,
2602,98.153458,,,,,,
2603,97.586601,,,,,,
2604,96.344170,,,,,,
2605,97.565804,,,,,,
2606,97.470284,,,,,,
2607,96.778648,,,,,,
2608,98.002846,,,,,,
2609,97.184410,,,,,,
2610,98.383736,,,,,,
2611,97.648193,,,,,,
2612,97.826180,,,,,,
2613,96.635071,,,,,,
2614,97.440453,,,,,,
2615,96.679047,,,,,,
2616,97.445015,,,,,,
2617,98.256607,,,,,,
2618,97.151367,,,,,,
2619,96.424171,,,,,,
2620,96.957024,,,,,,
2621,98.065414,,,,,,
2622,97.365540,,,,,,
2623,97.388702,,,,,,
2624,98.017532,,,,,,
2625,96.901489,,,,,,
2626,97.544548,,,,,,
2627,97.705460,,,,,,
2628,95.375595,,,,,,
2629,97.835014,,,,,,
2630,97.144020,,,,,,
2631,96.202583,,,,,,
2632,98.414139,,,,,,
2633,96.913208,,,,,,
2634,97.697304,,,,,,
2635,97.322731,,,,,,
2636,96.485909,,,,,,
2637,97.599113,,,,,,
2638,97.456398,,,,,,
2639,97.867371,,,,,,
2640,97.914726,,,,,,
2641,97.545158,,,,,,
2642,97.141037,,,,,,
2643,97.167282,,,,,,
2644,97.390076,,,,,,
2645,96.892593,,,,,,
2646,96.325378,,,,,,
2647,98.018356,,,,,,
2648,97.093506,,,,,,
2649,97.573372,,,,,,
2650,97.517105,,,,,,
2651,96.223129,,,,,,
2652,96.440857,,,,,,
2653,97.135048,,,,,,
2654,97.933815,,,,,,
2655,98.003525,,,,,,
2656,96.319672,,,,,,
2657,96.282990,,,,,,
2658,96.677475,,,,,,
2659,96.979286,,,,,,
2660,96.516510,,,,,,
2661,96.619629,,,,,,
2662,96.537689,,,,,,
2663,97.181519,,,,,,
2664,97.901314,,,,,,
2665,97.991989,,,,,,
2666,98.431908,,,,,,
2667,97.724564,,,,,,
2668,97.169151,,,,,,
2669,95.879906,,,,,,
2670,97.009872,,,,,,
2671,98.009918,,,,,,
2672,97.479919,,,,,,
2673,97.210022,,,,,,
2674,96.666672,,,,,,
2675,97.685265,,,,,,
2676,96.618385,,,,,,
2677,97.306541,,,,,,
2678,97.566536,,,,,,
2679,97.298058,,,,,,
2680,97.640854,,,,,,
2681,96.967339,,,,,,
2682,97.179619,,,,,,
2683,98.250160,,,,,,
2684,97.608307,,,,,,
2685,97.158249,,,,,,
2686,96.690819,,,,,,
2687,96.898537,,,,,,
2688,97.341743,,,,,,
2689,97.245010,,,,,,
2690,97.805267,,,,,,
2691,97.417572,,,,,,
2692,97.167061,,,,,,
2693,98.089813,,,,,,
2694,97.679283,,,,,,
2695,97.230392,,,,,,
2696,97.440811,,,,,,
2697,97.971855,,,,,,
2698,96.814804,,,,,,
2699,97.563477,,,,,,
2700,97.271591,,,,,,
2701,97.507401,,,,,,
2702,97.314941,,,,,,
2703,97.128105,,,,,,
2704,96.249298,,,,,,
2705,96.925003,,,,,,
2706,97.709404,,,,,,
2707,97.037491,,,,,,
2708,95.943092,,,,,,
2709,96.874741,,,,,,
2710,97.064880,,,,,,
2711,98.207420,,,,,,
2712,97.879066,,,,,,
2713,96.366837,,,,,,
2714,97.804207,,,,,,
2715,97.551125,,,,,,
2716,97.096596,,,,,,
2717,97.701134,,,,,,
2718,96.223091,,,,,,
2719,97.609825,,,,,,
2720,97.375404,,,,,,
2721,97.525146,,,,,,
2722,97.569656,,,,,,
2723,97.270370,,,,,,
2724,95.230293,,,,,,
2725,97.256905,,,,,,
2726,97.223518,,,,,,
2727,96.954109,,,,,,
2728,97.616699,,,,,,
2729,96.477287,,,,,,
2730,97.677734,,,,,,
2731,98.391014,,,,,,
2732,97.587006,,,,,,
2733,97.042946,,,,,,
2734,97.434494,,,,,,
2735,97.988182,,,,,,
2736,96.208267,,,,,,
2737,96.757797,,,,,,
2738,97.558357,,,,,,
2739,97.654930,,,,,,
2740,97.157661,,,,,,
2741,96.402588,,,,,,
2742,97.508110,,,,,,
2743,97.814445,,,,,,
2744,97.074814,,,,,,
2745,97.463036,,,,,,
2746,97.967247,,,,,,
2747,97.164154,,,,,,
2748,97.732147,,,,,,
2749,97.663406,,,,,,
2750,97.789619,,,,,,
2751,97.160637,,,,,,
2752,97.810196,,,,,,
2753,97.352570,,,,,,
2754,97.686661,,,,,,
2755,98.134125,,,,,,
2756,97.580460,,,,,,
2757,97.477997,,,,,,
2758,97.713348,,,,,,
2759,96.256432,,,,,,
2760,97.962669,,,,,,
2761,96.555878,,,,,,
2762,96.488792,,,,,,
2763,98.099854,,,,,,
2764,96.042854,,,,,,
2765,97.427261,,,,,,
2766,97.601204,,,,,,
2767,98.221542,,,,,,
2768,98.062531,,,,,,
2769,97.479851,,,,,,
2770,98.050758,,,,,,
2771,95.563034,,,,,,
2772,97.269096,,,,,,
2773,97.645828,,,,,,
2774,97.172760,,,,,,
2775,96.369621,,,,,,
2776,97.701477,,,,,,
2777,98.214943,,,,,,
2778,97.532372,,,,,,
2779,98.431114,,,,,,
2780,97.447868,,,,,,
2781,96.520348,,,,,,
2782,97.552116,,,,,,
2783,97.059128,,,,,,
2784,96.507103,,,,,,
2785,97.743408,,,,,,
2786,97.431679,,,,,,
2787,98.011208,,,,,,
2788,96.999382,,,,,,
2789,97.641556,,,,,,
2790,96.994682,,,,,,
2791,96.218422,,,,,,
2792,96.464035,,,,,,
2793,97.182877,,,,,,
2794,97.434608,,,,,,
2795,97.340157,,,,,,
2796,97.016655,,,,,,
2797,97.978905,,,,,,
2798,97.066086,,,,,,
2800,,76.260000,0.124761,,,,
2800,97.389534,,,,,,
2801,97.081818,,,,,,
2802,97.318321,,,,,,
2803,97.571556,,,,,,
2804,97.243935,,,,,,
2805,97.181351,,,,,,
2806,97.683502,,,,,,
2807,97.828346,,,,,,
2808,97.273125,,,,,,
2809,97.842674,,,,,,
2810,97.104401,,,,,,
2811,96.323944,,,,,,
2812,96.217773,,,,,,
2813,96.038826,,,,,,
2814,96.715424,,,,,,
2815,96.808823,,,,,,
2816,97.111259,,,,,,
2817,97.924995,,,,,,
2818,96.684433,,,,,,
2819,97.383675,,,,,,
2820,97.366005,,,,,,
2821,97.501259,,,,,,
2822,96.963745,,,,,,
2823,97.519524,,,,,,
2824,97.226318,,,,,,
2825,97.250854,,,,,,
2826,97.551025,,,,,,
2827,97.472382,,,,,,
2828,96.799423,,,,,,
2829,97.612854,,,,,,
2830,96.972809,,,,,,
2831,96.702995,,,,,,
2832,97.984283,,,,,,
2833,96.965576,,,,,,
2834,97.341660,,,,,,
2835,97.474571,,,,,,
2836,97.166977,,,,,,
2837,97.702438,,,,,,
2838,98.116966,,,,,,
2839,97.635048,,,,,,
2840,97.761215,,,,,,
2841,97.019402,,,,,,
2842,97.195755,,,,,,
2843,98.223305,,,,,,
2844,98.178459,,,,,,
2845,97.720108,,,,,,
2846,97.214714,,,,,,
2847,97.236954,,,,,,
2848,97.107201,,,,,,
2849,97.988945,,,,,,
2850,97.365318,,,,,,
2851,97.819748,,,,,,
2852,97.365967,,,,,,
2853,98.010391,,,,,,
2854,97.734352,,,,,,
2855,96.580276,,,,,,
2856,97.388176,,,,,,
2857,97.836380,,,,,,
2858,96.367500,,,,,,
2859,97.938927,,,,,,
2860,97.169701,,,,,,
2861,97.491974,,,,,,
2862,96.471970,,,,,,
2863,96.967155,,,,,,
2864,97.364914,,,,,,
2865,98.058990,,,,,,
2866,98.352783,,,,,,
2867,97.354797,,,,,,
2868,97.072258,,,,,,
2869,97.105530,,,,,,
2870,97.217163,,,,,,
2871,97.724449,,,,,,
2872,97.484505,,,,,,
2873,96.979988,,,,,,
2874,97.412674,,,,,,
2875,97.395805,,,,,,
2876,97.802422,,,,,,
2877,97.434822,,,,,,
2878,98.062492,,,,,,
2879,98.429703,,,,,,
2880,97.063309,,,,,,
2881,97.714378,,,,,,
2882,97.435440,,,,,,
2883,97.282829,,,,,,
2884,97.598053,,,,,,
2885,97.444931,,,,,,
2886,96.724556,,,,,,
2887,97.126396,,,,,,
2888,98.216919,,,,,,
2889,97.269394,,,,,,
2890,96.621628,,,,,,
2891,97.658066,,,,,,
2892,97.428963,,,,,,
2893,97.658417,,,,,,
2894,98.223358,,,,,,
2895,97.734039,,,,,,
2896,97.443207,,,,,,
2897,96.989090,,,,,,
2898,97.068993,,,,,,
2899,98.246674,,,,,,
2900,97.424828,,,,,,
2901,97.496872,,,,,,
2902,97.845474,,,,,,
2903,97.174767,,,,,,
2904,95.989441,,,,,,
2905,97.179321,,,,,,
2906,97.477768,,,,,,
2907,97.253464,,,,,,
2908,96.033081,,,,,,
2909,98.234703,,,,,,
2910,98.027580,,,,,,
2911,97.549706,,,,,,
2912,97.486115,,,,,,
2913,97.842873,,,,,,
2914,97.393005,,,,,,
2915,96.334335,,,,,,
2916,97.546227,,,,,,
2917,97.216263,,,,,,
2918,97.207222,,,,,,
2919,98.002495,,,,,,
2920,97.560829,,,,,,
2921,97.918327,,,,,,
2922,96.322395,,,,,,
2923,97.739403,,,,,,
2924,97.875053,,,,,,
2925,97.185715,,,,,,
2926,97.011208,,,,,,
2927,95.750008,,,,,,
2928,97.647652,,,,,,
2929,97.771042,,,,,,
2930,96.778763,,,,,,
2931,97.847755,,,,,,
2932,97.692688,,,,,,
2933,96.444069,,,,,,
2934,96.769684,,,,,,
2935,97.194397,,,,,,
2936,97.718979,,,,,,
2937,96.261360,,,,,,
2938,98.250801,,,,,,
2939,98.268982,,,,,,
2940,97.775955,,,,,,
2941,97.465958,,,,,,
2942,97.418343,,,,,,
2943,97.484734,,,,,,
2944,98.050774,,,,,,
2945,98.359367,,,,,,
2946,97.434647,,,,,,
2947,97.662628,,,,,,
2948,97.441109,,,,,,
2949,96.667618,,,,,,
2950,97.242897,,,,,,
2951,97.870918,,,,,,
2952,96.754784,,,,,,
2953,97.903931,,,,,,
2954,97.142365,,,,,,
2955,97.286758,,,,,,
2956,96.364204,,,,,,
2957,97.778564,,,,,,
2958,97.190445,,,,,,
2959,97.157410,,,,,,
2960,97.938698,,,,,,
2961,98.121040,,,,,,
2962,97.981438,,,,,,
2963,97.970284,,,,,,
2964,96.379730,,,,,,
2965,97.437675,,,,,,
2966,97.870972,,,,,,
2967,97.449081,,,,,,
2968,97.684387,,,,,,
2969,96.541306,,,,,,
2970,97.328773,,,,,,
2971,97.014236,,,,,,
2972,97.502525,,,,,,
2973,97.063438,,,,,,
2974,97.195488,,,,,,
2975,97.253235,,,,,,
2976,97.065216,,,,,,
2977,97.359200,,,,,,
2978,97.981674,,,,,,
2979,97.599716,,,,,,
2980,97.945862,,,,,,
2981,96.964317,,,,,,
2982,96.916550,,,,,,
2983,97.820587,,,,,,
2984,97.501030,,,,,,
2985,97.436203,,,,,,
2986,97.512299,,,,,,
2987,97.688828,,,,,,
2988,98.047783,,,,,,
2989,97.464111,,,,,,
2990,98.013535,,,,,,
2991,96.535126,,,,,,
2992,97.664513,,,,,,
2993,97.413437,,,,,,
2994,97.507469,,,,,,
2995,97.177475,,,,,,
2996,97.503006,,,,,,
2997,96.903572,,,,,,
2998,97.773247,,,,,,
3000,,76.920000,0.123608,,,,
3000,97.189636,,,,,,
3001,97.257484,,,,,,
3002,97.436317,,,,,,
3003,95.505272,,,,,,
3004,96.968796,,,,,,
3005,97.840256,,,,,,
3006,96.907913,,,,,,
3007,97.827263,,,,,,
3008,97.382797,,,,,,
3009,97.845436,,,,,,
3010,96.619469,,,,,,
3011,97.487038,,,,,,
3012,97.060341,,,,,,
3013,98.415718,,,,,,
3014,96.736969,,,,,,
3015,97.809921,,,,,,
3016,96.824295,,,,,,
3017,98.079773,,,,,,
3018,97.356270,,,,,,
3019,97.453979,,,,,,
3020,97.847458,,,,,,
3021,96.821449,,,,,,
3022,97.934280,,,,,,
3023,97.473373,,,,,,
3024,96.925636,,,,,,
3025,97.466370,,,,,,
3026,97.779312,,,,,,
3027,97.639320,,,,,,
3028,96.540817,,,,,,
3029,97.386421,,,,,,
3030,97.372948,,,,,,
3031,97.934929,,,,,,
3032,96.077957,,,,,,
3033,97.903976,,,,,,
3034,97.357178,,,,,,
3035,98.050880,,,,,,
3036,97.529282,,,,,,
3037,96.547081,,,,,,
3038,97.018959,,,,,,
3039,97.407120,,,,,,
3040,97.854218,,,,,,
3041,98.341354,,,,,,
3042,96.800987,,,,,,
3043,96.960091,,,,,,
3044,97.234947,,,,,,
3045,96.482628,,,,,,
3046,98.142387,,,,,,
3047,97.671562,,,,,,
3048,97.980080,,,,,,
3049,97.640617,,,,,,
3050,97.502464,,,,,,
3051,97.644852,,,,,,
3052,97.123810,,,,,,
3053,98.154617,,,,,,
3054,98.129486,,,,,,
3055,97.137932,,,,,,
3056,97.504311,,,,,,
3057,97.807838,,,,,,
3058,97.328140,,,,,,
3059,96.875954,,,,,,
3060,96.896027,,,,,,
3061,97.900299,,,,,,
3062,95.412102,,,,,,
3063,98.324524,,,,,,
3064,98.122467,,,,,,
3065,97.518974,,,,,,
3066,97.307152,,,,,,
3067,98.024979,,,,,,
3068,97.674973,,,,,,
3069,97.866684,,,,,,
3070,96.991501,,,,,,
3071,97.066948,,,,,,
3072,96.835907,,,,,,
3073,97.253609,,,,,,
3074,97.365402,,,,,,
3075,92.271912,,,,,,
3076,96.629082,,,,,,
3077,97.190186,,,,,,
3078,96.949120,,,,,,
3079,97.840210,,,,,,
3080,97.356743,,,,,,
3081,98.206017,,,,,,
3082,96.256233,,,,,,
3083,97.822655,,,,,,
3084,97.018356,,,,,,
3085,97.453056,,,,,,
3086,98.125725,,,,,,
3087,97.843307,,,,,,
3088,98.290024,,,,,,
3089,96.973778,,,,,,
3090,97.642090,,,,,,
3091,96.547005,,,,,,
3092,98.167900,,,,,,
3093,96.577660,,,,,,
3094,98.017616,,,,,,
3095,98.250282,,,,,,
3096,98.143433,,,,,,
3097,96.918198,,,,,,
3098,97.634789,,,,,,
3099,98.396545,,,,,,
3100,97.189285,,,,,,
3101,97.648247,,,,,,
3102,97.062050,,,,,,
3103,96.539963,,,,,,
3104,97.801399,,,,,,
3105,96.764252,,,,,,
3106,96.413208,,,,,,
3107,96.117279,,,,,,
3108,91.452431,,,,,,
3109,97.462814,,,,,,
3110,97.692459,,,,,,
3111,97.511307,,,,,,
3112,97.451332,,,,,,
3113,97.416031,,,,,,
3114,98.107422,,,,,,
3115,96.890350,,,,,,
3116,97.674278,,,,,,
3117,97.488113,,,,,,
3118,97.968712,,,,,,
3119,97.169510,,,,,,
3120,97.656845,,,,,,
3121,96.706902,,,,,,
3122,97.072197,,,,,,
3123,97.386047,,,,,,
3124,97.753960,,,,,,
3125,96.751236,,,,,,
3126,96.768188,,,,,,
3127,90.255524,,,,,,
3128,96.987747,,,,,,
3129,97.125473,,,,,,
3130,97.697212,,,,,,
3131,96.815392,,,,,,
3132,97.687012,,,,,,
3133,97.827751,,,,,,
3134,96.654259,,,,,,
3135,97.071861,,,,,,
3136,97.170013,,,,,,
3137,97.060738,,,,,,
3138,97.728661,,,,,,
3139,96.288536,,,,,,
3140,96.859123,,,,,,
3141,97.107430,,,,,,
3142,97.214920,,,,,,
3143,96.892365,,,,,,
3144,97.529404,,,,,,
3145,97.536911,,,,,,
3146,97.362030,,,,,,
3147,96.846779,,,,,,
3148,97.305359,,,,,,
3149,98.036697,,,,,,
3150,97.477600,,,,,,
3151,97.440392,,,,,,
3152,98.331398,,,,,,
3153,96.909142,,,,,,
3154,97.465363,,,,,,
3155,97.782928,,,,,,
3156,95.973976,,,,,,
3157,97.202682,,,,,,
3158,96.867188,,,,,,
3159,98.286789,,,,,,
3160,96.190910,,,,,,
3161,97.498184,,,,,,
3162,97.588661,,,,,,
3163,98.345985,,,,,,
3164,96.744499,,,,,,
3165,97.280556,,,,,,
3166,97.766281,,,,,,
3167,97.553627,,,,,,
3168,97.043221,,,,,,
3169,98.182266,,,,,,
3170,96.445312,,,,,,
3171,97.804886,,,,,,
3172,98.134399,,,,,,
3173,97.555626,,,,,,
3174,97.993286,,,,,,
3175,96.943085,,,,,,
3176,97.950363,,,,,,
3177,97.064247,,,,,,
3178,97.051758,,,,,,
3179,97.456314,,,,,,
3180,97.117485,,,,,,
3181,97.329491,,,,,,
3182,96.696053,,,,,,
3183,98.117104,,,,,,
3184,97.490021,,,,,,
3185,97.625961,,,,,,
3186,98.006760,,,,,,
3187,98.301041,,,,,,
3188,97.405121,,,,,,
3189,97.367935,,,,,,
3190,96.461784,,,,,,
3191,97.138191,,,,,,
3192,96.832169,,,,,,
3193,96.677094,,,,,,
3194,95.860435,,,,,,
3195,97.886612,,,,,,
3196,97.172295,,,,,,
3197,97.330788,,,,,,
3198,97.356445,,,,,,
3200,,77.000000,0.131478,,,,
3200,97.600052,,,,,,
3201,97.442192,,,,,,
3202,91.349098,,,,,,
3203,96.941910,,,,,,
3204,98.172264,,,,,,
3205,97.695251,,,,,,
3206,96.828156,,,,,,
3207,96.881920,,,,,,
3208,95.710373,,,,,,
3209,97.206108,,,,,,
3210,97.132622,,,,,,
3211,97.782455,,,,,,
3212,97.412270,,,,,,
3213,96.374733,,,,,,
3214,96.033379,,,,,,
3215,96.615486,,,,,,
3216,92.789841,,,,,,
3217,96.961380,,,,,,
3218,97.481758,,,,,,
3219,97.717316,,,,,,
3220,97.685104,,,,,,
3221,98.134247,,,,,,
3222,97.338707,,,,,,
3223,96.724358,,,,,,
3224,97.253578,,,,,,
3225,97.360817,,,,,,
3226,96.811867,,,,,,
3227,97.700439,,,,,,
3228,96.855988,,,,,,
3229,97.251389,,,,,,
3230,97.370010,,,,,,
3231,96.797272,,,,,,
3232,97.567139,,,,,,
3233,98.169807,,,,,,
3234,96.812271,,,,,,
3235,96.974724,,,,,,
3236,97.876343,,,,,,
3237,97.724442,,,,,,
3238,91.085197,,,,,,
3239,97.517982,,,,,,
3240,96.839134,,,,,,
3241,97.230255,,,,,,
3242,97.342056,,,,,,
3243,97.801010,,,,,,
3244,95.765587,,,,,,
3245,96.124573,,,,,,
3246,96.566635,,,,,,
3247,96.382294,,,,,,
3248,97.541061,,,,,,
3249,97.509804,,,,,,
3250,96.999100,,,,,,
3251,97.540970,,,,,,
3252,96.357262,,,,,,
3253,97.802925,,,,,,
3254,96.991966,,,,,,
3255,97.845779,,,,,,
3256,97.031242,,,,,,
3257,97.372238,,,,,,
3258,96.688858,,,,,,
3259,97.284859,,,,,,
3260,96.493858,,,,,,
3261,97.250404,,,,,,
3262,96.786583,,,,,,
3263,97.779854,,,,,,
3264,97.398003,,,,,,
3265,96.756104,,,,,,
3266,96.045105,,,,,,
3267,97.500854,,,,,,
3268,98.078003,,,,,,
3269,97.177071,,,,,,
3270,97.705513,,,,,,
3271,97.092773,,,,,,
3272,97.339119,,,,,,
3273,97.241570,,,,,,
3274,97.483398,,,,,,
3275,97.849205,,,,,,
3276,97.037338,,,,,,
3277,98.182579,,,,,,
3278,97.850769,,,,,,
3279,97.528023,,,,,,
3280,96.489159,,,,,,
3281,97.034958,,,,,,
3282,97.008133,,,,,,
3283,96.460625,,,,,,
3284,97.342972,,,,,,
3285,97.198792,,,,,,
3286,97.216217,,,,,,
3287,97.157661,,,,,,
3288,97.745193,,,,,,
3289,97.495361,,,,,,
3290,97.389297,,,,,,
3291,97.972549,,,,,,
3292,97.234306,,,,,,
3293,96.398376,,,,,,
3294,97.971413,,,,,,
3295,97.176094,,,,,,
3296,98.255280,,,,,,
3297,97.483276,,,,,,
3298,96.749664,,,,,,
3299,97.667603,,,,,,
3300,97.695465,,,,,,
3301,97.130486,,,,,,
3302,98.086548,,,,,,
3303,97.359612,,,,,,
3304,97.671570,,,,,,
3305,97.393875,,,,,,
3306,97.346504,,,,,,
3307,97.771523,,,,,,
3308,96.701538,,,,,,
3309,96.203407,,,,,,
3310,97.196678,,,,,,
3311,97.017464,,,,,,
3312,97.562202,,,,,,
3313,97.569237,,,,,,
3314,97.633736,,,,,,
3315,97.740372,,,,,,
3316,97.449745,,,,,,
3317,97.913826,,,,,,
3318,98.206779,,,,,,
3319,97.974464,,,,,,
3320,97.064461,,,,,,
3321,97.180061,,,,,,
3322,97.158478,,,,,,
3323,96.391182,,,,,,
3324,97.499786,,,,,,
3325,96.612076,,,,,,
3326,97.130684,,,,,,
3327,97.884392,,,,,,
3328,97.608673,,,,,,
3329,97.210052,,,,,,
3330,97.853233,,,,,,
3331,96.980400,,,,,,
3332,96.502853,,,,,,
3333,97.102737,,,,,,
3334,97.673904,,,,,,
3335,96.793098,,,,,,
3336,97.271347,,,,,,
3337,96.940033,,,,,,
3338,96.772095,,,,,,
3339,97.397881,,,,,,
3340,97.758316,,,,,,
3341,97.108055,,,,,,
3342,97.121719,,,,,,
3343,97.598892,,,,,,
3344,98.166260,,,,,,
3345,97.568390,,,,,,
3346,96.920403,,,,,,
3347,97.119225,,,,,,
3348,95.896545,,,,,,
3349,97.753426,,,,,,
3350,96.890404,,,,,,
3351,98.190094,,,,,,
3352,97.892654,,,,,,
3353,97.124146,,,,,,
3354,97.761497,,,,,,
3355,97.120010,,,,,,
3356,97.390762,,,,,,
3357,97.815353,,,,,,
3358,97.027878,,,,,,
3359,97.296577,,,,,,
3360,97.935501,,,,,,
3361,98.313683,,,,,,
3362,97.348404,,,,,,
3363,97.883438,,,,,,
3364,96.816147,,,,,,
3365,97.662453,,,,,,
3366,97.730652,,,,,,
3367,97.801765,,,,,,
3368,98.431656,,,,,,
3369,97.138580,,,,,,
3370,96.779404,,,,,,
3371,98.353638,,,,,,
3372,97.687157,,,,,,
3373,97.840752,,,,,,
3374,97.424484,,,,,,
3375,98.341850,,,,,,
3376,97.561295,,,,,,
3377,98.031723,,,,,,
3378,97.719368,,,,,,
3379,95.722099,,,,,,
3380,98.056175,,,,,,
3381,97.680893,,,,,,
3382,97.485664,,,,,,
3383,97.989281,,,,,,
3384,96.946129,,,,,,
3385,97.284523,,,,,,
3386,97.903030,,,,,,
3387,98.521980,,,,,,
3388,95.733528,,,,,,
3389,97.212135,,,,,,
3390,96.688065,,,,,,
3391,96.714218,,,,,,
3392,97.752975,,,,,,
3393,97.066788,,,,,,
3394,97.837273,,,,,,
3395,97.415245,,,,,,
3396,95.796082,,,,,,
3397,97.773735,,,,,,
3398,96.979126,,,,,,
3400,,76.650000,0.127482,,,,
3400,98.122780,,,,,,
3401,97.381126,,,,,,
3402,96.072525,,,,,,
3403,97.543320,,,,,,
3404,97.514488,,,,,,
3405,97.848412,,,,,,
3406,97.650002,,,,,,
3407,97.318336,,,,,,
3408,97.244957,,,,,,
3409,97.411285,,,,,,
3410,97.428482,,,,,,
3411,96.992294,,,,,,
3412,97.568535,,,,,,
3413,97.249115,,,,,,
3414,97.871826,,,,,,
3415,95.255424,,,,,,
3416,95.716972,,,,,,
3417,95.758072,,,,,,
3418,96.874031,,,,,,
3419,97.883934,,,,,,
3420,97.879509,,,,,,
3421,97.553261,,,,,,
3422,97.453995,,,,,,
3423,97.706482,,,,,,
3424,96.785324,,,,,,
3425,96.870865,,,,,,
3426,94.225166,,,,,,
3427,97.936241,,,,,,
3428,97.091255,,,,,,
3429,97.839081,,,,,,
3430,97.128136,,,,,,
3431,97.577477,,,,,,
3432,96.869797,,,,,,
3433,96.911049,,,,,,
3434,98.064377,,,,,,
3435,97.849998,,,,,,
3436,96.804512,,,,,,
3437,97.865288,,,,,,
3438,97.320168,,,,,,
3439,97.014587,,,,,,
3440,96.967743,,,,,,
3441,97.947914,,,,,,
3442,97.095566,,,,,,
3443,97.022972,,,,,,
3444,97.570618,,,,,,
3445,97.425087,,,,,,
3446,96.676201,,,,,,
3447,97.222488,,,,,,
3448,97.499939,,,,,,
3449,97.900787,,,,,,
3450,96.812347,,,,,,
3451,96.206970,,,,,,
3452,98.312523,,,,,,
3453,98.053596,,,,,,
3454,97.466667,,,,,,
3455,98.001602,,,,,,
3456,97.729332,,,,,,
3457,96.406143,,,,,,
3458,97.144257,,,,,,
3459,97.677666,,,,,,
3460,97.471092,,,,,,
3461,97.387856,,,,,,
3462,97.829163,,,,,,
3463,92.422562,,,,,,
3464,96.665047,,,,,,
3465,97.247528,,,,,,
3466,98.172173,,,,,,
3467,97.502899,,,,,,
3468,96.334366,,,,,,
3469,96.997276,,,,,,
3470,97.000443,,,,,,
3471,97.699059,,,,,,
3472,97.544044,,,,,,
3473,96.822182,,,,,,
3474,97.999550,,,,,,
3475,97.812721,,,,,,
3476,96.683022,,,,,,
3477,96.646553,,,,,,
3478,97.589798,,,,,,
3479,97.450790,,,,,,
3480,95.783554,,,,,,
3481,97.685295,,,,,,
3482,97.438248,,,,,,
3483,98.013649,,,,,,
3484,98.265755,,,,,,
3485,96.755402,,,,,,
3486,96.708542,,,,,,
3487,97.259438,,,,,,
3488,96.723877,,,,,,
3489,97.763535,,,,,,
3490,96.404121,,,,,,
3491,97.706757,,,,,,
3492,98.044739,,,,,,
3493,97.578125,,,,,,
3494,96.046600,,,,,,
3495,95.988594,,,,,,
3496,97.443878,,,,,,
3497,97.628708,,,,,,
3498,96.895515,,,,,,
3499,97.519875,,,,,,
3500,96.010986,,,,,,
3501,98.125336,,,,,,
3502,97.690033,,,,,,
3503,97.630135,,,,,,
3504,97.001984,,,,,,
3505,97.642342,,,,,,
3506,97.439972,,,,,,
3507,97.588394,,,,,,
3508,97.245064,,,,,,
3509,97.711952,,,,,,
3510,97.818336,,,,,,
3511,97.204208,,,,,,
3512,96.902748,,,,,,
3513,97.837715,,,,,,
3514,98.103615,,,,,,
3515,97.871742,,,,,,
3516,97.243858,,,,,,
3517,97.727272,,,,,,
3518,97.440048,,,,,,
3519,97.143364,,,,,,
3520,97.077637,,,,,,
3521,97.135323,,,,,,
3522,97.363403,,,,,,
3523,96.992180,,,,,,
3524,97.134590,,,,,,
3525,97.755142,,,,,,
3526,98.047943,,,,,,
3527,97.043007,,,,,,
3528,97.488525,,,,,,
3529,97.388336,,,,,,
3530,97.721848,,,,,,
3531,98.078285,,,,,,
3532,96.575706,,,,,,
3533,97.869514,,,,,,
3534,96.885666,,,,,,
3535,98.224190,,,,,,
3536,97.879822,,,,,,
3537,98.327873,,,,,,
3538,97.798874,,,,,,
3539,96.643936,,,,,,
3540,97.676819,,,,,,
3541,97.986443,,,,,,
3542,96.532738,,,,,,
3543,97.363792,,,,,,
3544,97.854874,,,,,,
3545,98.111191,,,,,,
3546,97.377495,,,,,,
3547,97.432930,,,,,,
3548,97.656807,,,,,,
3549,97.645599,,,,,,
3550,97.050308,,,,,,
3551,97.345070,,,,,,
3552,96.887131,,,,,,
3553,97.572502,,,,,,
3554,95.883621,,,,,,
3555,97.424843,,,,,,
3556,97.759636,,,,,,
3557,97.122559,,,,,,
3558,97.627907,,,,,,
3559,98.232635,,,,,,
3560,97.809647,,,,,,
3561,97.424080,,,,,,
3562,98.299583,,,,,,
3563,97.106148,,,,,,
3564,97.178116,,,,,,
3565,98.313354,,,,,,
3566,98.315536,,,,,,
3567,97.974068,,,,,,
3568,97.773949,,,,,,
3569,97.994118,,,,,,
3570,97.287773,,,,,,
3571,96.232552,,,,,,
3572,97.072708,,,,,,
3573,97.573036,,,,,,
3574,97.554214,,,,,,
3575,97.784462,,,,,,
3576,97.079445,,,,,,
3577,97.908073,,,,,,
3578,98.474098,,,,,,
3579,97.608231,,,,,,
3580,97.765236,,,,,,
3581,98.141136,,,,,,
3582,97.212234,,,,,,
3583,97.458160,,,,,,
3584,96.204338,,,,,,
3585,97.580124,,,,,,
3586,96.070663,,,,,,
3587,97.986496,,,,,,
3588,96.799706,,,,,,
3589,96.987061,,,,,,
3590,97.658089,,,,,,
3591,97.546989,,,,,,
3592,98.246033,,,,,,
3593,97.458397,,,,,,
3594,97.564217,,,,,,
3595,97.353676,,,,,,
3596,97.208145,,,,,,
3597,97.228561,,,,,,
3598,97.195564,,,,,,
3600,,77.490000,0.131054,,,,
3600,97.145081,,,,,,
3601,97.247971,,,,,,
3602,97.499062,,,,,,
3603,97.708534,,,,,,
3604,97.987373,,,,,,
3605,97.479218,,,,,,
3606,96.852058,,,,,,
3607,97.558342,,,,,,
3608,96.993309,,,,,,
3609,97.289673,,,,,,
3610,97.650726,,,,,,
3611,97.754700,,,,,,
3612,97.773987,,,,,,
3613,97.438782,,,,,,
3614,97.496422,,,,,,
3615,91.749329,,,,,,
3616,97.368202,,,,,,
3617,97.228714,,,,,,
3618,97.176682,,,,,,
3619,97.188797,,,,,,
3620,97.864761,,,,,,
3621,97.491791,,,,,,
3622,97.477356,,,,,,
3623,97.367729,,,,,,
3624,95.917747,,,,,,
3625,97.937904,,,,,,
3626,97.279434,,,,,,
3627,97.171440,,,,,,
3628,97.923462,,,,,,
3629,97.374359,,,,,,
3630,97.668655,,,,,,
3631,97.062660,,,,,,
3632,98.041649,,,,,,
3633,97.438026,,,,,,
3634,97.880806,,,,,,
3635,96.642441,,,,,,
3636,97.468750,,,,,,
3637,98.121246,,,,,,
3638,97.143242,,,,,,
3639,96.493263,,,,,,
3640,98.208679,,,,,,
3641,97.784386,,,,,,
3642,96.657181,,,,,,
3643,97.350456,,,,,,
3644,97.968933,,,,,,
3645,96.859680,,,,,,
3646,97.134834,,,,,,
3647,97.247986,,,,,,
3648,98.285751,,,,,,
3649,98.319351,,,,,,
3650,96.101234,,,,,,
3651,96.449242,,,,,,
3652,97.063560,,,,,,
3653,97.534393,,,,,,
3654,97.212738,,,,,,
3655,97.863190,,,,,,
3656,97.464684,,,,,,
3657,97.256706,,,,,,
3658,96.498032,,,,,,
3659,98.471489,,,,,,
3660,96.191742,,,,,,
3661,97.145988,,,,,,
3662,97.482597,,,,,,
3663,98.187592,,,,,,
3664,98.103165,,,,,,
3665,98.023041,,,,,,
3666,98.004051,,,,,,
3667,97.506409,,,,,,
3668,97.256989,,,,,,
3669,97.430199,,,,,,
3670,97.425491,,,,,,
3671,97.807076,,,,,,
3672,97.538628,,,,,,
3673,97.601784,,,,,,
3674,98.067459,,,,,,
3675,95.532486,,,,,,
3676,97.031570,,,,,,
3677,96.554176,,,,,,
3678,97.550323,,,,,,
3679,97.698929,,,,,,
3680,96.107910,,,,,,
3681,96.830353,,,,,,
3682,97.497925,,,,,,
3683,97.929512,,,,,,
3684,97.854012,,,,,,
3685,97.874054,,,,,,
3686,98.075233,,,,,,
3687,97.710159,,,,,,
3688,97.795242,,,,,,
3689,98.190102,,,,,,
3690,97.896454,,,,,,
3691,96.655304,,,,,,
3692,97.308342,,,,,,
3693,96.284462,,,,,,
3694,97.902725,,,,,,
3695,97.248459,,,,,,
3696,97.742615,,,,,,
3697,96.887909,,,,,,
3698,97.569885,,,,,,
3699,97.376892,,,,,,
3700,97.115578,,,,,,
3701,98.054581,,,,,,
3702,97.859787,,,,,,
3703,98.079979,,,,,,
3704,98.097488,,,,,,
3705,97.873161,,,,,,
3706,97.279526,,,,,,
3707,97.677246,,,,,,
3708,98.147247,,,,,,
3709,97.435677,,,,,,
3710,98.059784,,,,,,
3711,97.924416,,,,,,
3712,97.470596,,,,,,
3713,97.263359,,,,,,
3714,96.995438,,,,,,
3715,96.418205,,,,,,
3716,97.569061,,,,,,
3717,97.912354,,,,,,
3718,97.529121,,,,,,
3719,97.004601,,,,,,
3720,97.106964,,,,,,
3721,97.058044,,,,,,
3722,97.859093,,,,,,
3723,97.673538,,,,,,
3724,96.796318,,,,,,
3725,97.645782,,,,,,
3726,98.038414,,,,,,
3727,97.108109,,,,,,
3728,98.069130,,,,,,
3729,97.771492,,,,,,
3730,97.821602,,,,,,
3731,98.041878,,,,,,
3732,96.349632,,,,,,
3733,97.537636,,,,,,
3734,97.469574,,,,,,
3735,97.431107,,,,,,
3736,97.690659,,,,,,
3737,97.300217,,,,,,
3738,97.291222,,,,,,
3739,97.437149,,,,,,
3740,97.538925,,,,,,
3741,98.066444,,,,,,
3742,97.125175,,,,,,
3743,98.196754,,,,,,
3744,97.158386,,,,,,
3745,97.300690,,,,,,
3746,97.831444,,,,,,
3747,97.683716,,,,,,
3748,98.423607,,,,,,
3749,97.284492,,,,,,
3750,97.871849,,,,,,
3751,95.974472,,,,,,
3752,98.348640,,,,,,
3753,98.295563,,,,,,
3754,97.484276,,,,,,
3755,97.511787,,,,,,
3756,96.305336,,,,,,
3757,97.581734,,,,,,
3758,97.176109,,,,,,
3759,97.828316,,,,,,
3760,96.350906,,,,,,
3761,97.938400,,,,,,
3762,98.343849,,,,,,
3763,97.820480,,,,,,
3764,97.482216,,,,,,
3765,97.800072,,,,,,
3766,97.321190,,,,,,
3767,96.684616,,,,,,
3768,97.253159,,,,,,
3769,98.072182,,,,,,
3770,97.636551,,,,,,
3771,97.592072,,,,,,
3772,97.089783,,,,,,
3773,96.979164,,,,,,
3774,98.088455,,,,,,
3775,97.459335,,,,,,
3776,97.656914,,,,,,
3777,97.718628,,,,,,
3778,97.282356,,,,,,
3779,98.005997,,,,,,
3780,97.031693,,,,,,
3781,97.185036,,,,,,
3782,98.272758,,,,,,
3783,97.351837,,,,,,
3784,98.195633,,,,,,
3785,97.097847,,,,,,
3786,95.830063,,,,,,
3787,97.109718,,,,,,
3788,97.321182,,,,,,
3789,97.141205,,,,,,
3790,98.140579,,,,,,
3791,97.975494,,,,,,
3792,96.867920,,,,,,
3793,97.445465,,,,,,
3794,97.370491,,,,,,
3795,98.107353,,,,,,
3796,97.757980,,,,,,
3797,97.141762,,,,,,
3798,97.948166,,,,,,
3800,,78.050000,0.124111,,,,
3800,97.123695,,,,,,
3801,97.790131,,,,,,
3802,96.804878,,,,,,
3803,98.037796,,,,,,
3804,97.621559,,,,,,
3805,97.843666,,,,,,
3806,97.472733,,,,,,
3807,96.776573,,,,,,
3808,98.224014,,,,,,
3809,97.186096,,,,,,
3810,97.718002,,,,,,
3811,98.039421,,,,,,
3812,97.324089,,,,,,
3813,97.803062,,,,,,
3814,98.160446,,,,,,
3815,97.444107,,,,,,
3816,97.230484,,,,,,
3817,97.298050,,,,,,
3818,97.947014,,,,,,
3819,98.067322,,,,,,
3820,96.875870,,,,,,
3821,98.116142,,,,,,
3822,97.851326,,,,,,
3823,97.721909,,,,,,
3824,96.674019,,,,,,
3825,97.595711,,,,,,
3826,97.575142,,,,,,
3827,97.639801,,,,,,
3828,96.820625,,,,,,
3829,97.909088,,,,,,
3830,97.224419,,,,,,
3831,98.064751,,,,,,
3832,97.452637,,,,,,
3833,97.764450,,,,,,
3834,97.773453,,,,,,
3835,97.514175,,,,,,
3836,98.130615,,,,,,
3837,97.309952,,,,,,
3838,97.403389,,,,,,
3839,97.660667,,,,,,
3840,98.385269,,,,,,
3841,97.618271,,,,,,
3842,96.954674,,,,,,
3843,97.985542,,,,,,
3844,98.022125,,,,,,
3845,96.491600,,,,,,
3846,97.694336,,,,,,
3847,97.214134,,,,,,
3848,97.646416,,,,,,
3849,96.952316,,,,,,
3850,97.816917,,,,,,
3851,97.442986,,,,,,
3852,96.958046,,,,,,
3853,92.482338,,,,,,
3854,96.373665,,,,,,
3855,97.971779,,,,,,
3856,98.640465,,,,,,
3857,95.682236,,,,,,
3858,97.920013,,,,,,
3859,97.704292,,,,,,
3860,97.423225,,,,,,
3861,97.449951,,,,,,
3862,97.651665,,,,,,
3863,97.323296,,,,,,
3864,98.255844,,,,,,
3865,96.610138,,,,,,
3866,97.745316,,,,,,
3867,96.467270,,,,,,
3868,97.346710,,,,,,
3869,97.472290,,,,,,
3870,97.113396,,,,,,
3871,98.118942,,,,,,
3872,97.039429,,,,,,
3873,97.576027,,,,,,
3874,97.317589,,,,,,
3875,94.822014,,,,,,
3876,98.302521,,,,,,
3877,97.038788,,,,,,
3878,97.367615,,,,,,
3879,97.315544,,,,,,
3880,97.106750,,,,,,
3881,98.059830,,,,,,
3882,97.851936,,,,,,
3883,96.894859,,,,,,
3884,97.319359,,,,,,
3885,96.912613,,,,,,
3886,97.548729,,,,,,
3887,98.624603,,,,,,
3888,97.044525,,,,,,
3889,97.093147,,,,,,
3890,97.741974,,,,,,
3891,98.016525,,,,,,
3892,98.023888,,,,,,
3893,97.613060,,,,,,
3894,97.738960,,,,,,
3895,98.287804,,,,,,
3896,97.367752,,,,,,
3897,97.382530,,,,,,
3898,97.725098,,,,,,
3899,97.469803,,,,,,
3900,97.609138,,,,,,
3901,97.658752,,,,,,
3902,97.355042,,,,,,
3903,97.510330,,,,,,
3904,97.943558,,,,,,
3905,97.310410,,,,,,
3906,97.064117,,,,,,
3907,96.974136,,,,,,
3908,97.363968,,,,,,
3909,97.222717,,,,,,
3910,97.850670,,,,,,
3911,97.587425,,,,,,
3912,98.315887,,,,,,
3913,97.614845,,,,,,
3914,97.495842,,,,,,
3915,97.296677,,,,,,
3916,97.893692,,,,,,
3917,98.050865,,,,,,
3918,97.830879,,,,,,
3919,97.812714,,,,,,
3920,97.971687,,,,,,
3921,98.033463,,,,,,
3922,97.313438,,,,,,
3923,97.469353,,,,,,
3924,97.434746,,,,,,
3925,97.671684,,,,,,
3926,96.854271,,,,,,
3927,97.415642,,,,,,
3928,97.548409,,,,,,
3929,97.037109,,,,,,
3930,96.495560,,,,,,
3931,97.948296,,,,,,
3932,98.329926,,,,,,
3933,96.901230,,,,,,
3934,97.653961,,,,,,
3935,97.503654,,,,,,
3936,97.189850,,,,,,
3937,96.954308,,,,,,
3938,97.757202,,,,,,
3939,97.356827,,,,,,
3940,97.500145,,,,,,
3941,97.979362,,,,,,
3942,98.027550,,,,,,
3943,97.156021,,,,,,
3944,98.082108,,,,,,
3945,97.366364,,,,,,
3946,97.046463,,,,,,
3947,97.290878,,,,,,
3948,97.613426,,,,,,
3949,89.075081,,,,,,
3950,97.642769,,,,,,
3951,97.526161,,,,,,
3952,97.205223,,,,,,
3953,97.834099,,,,,,
3954,97.150101,,,,,,
3955,97.273033,,,,,,
3956,97.068588,,,,,,
3957,97.875717,,,,,,
3958,98.576180,,,,,,
3959,96.856766,,,,,,
3960,97.500626,,,,,,
3961,96.980766,,,,,,
3962,97.537521,,,,,,
3963,97.758720,,,,,,
3964,97.854172,,,,,,
3965,96.332359,,,,,,
3966,97.640656,,,,,,
3967,97.255173,,,,,,
3968,96.535797,,,,,,
3969,97.785988,,,,,,
3970,97.640190,,,,,,
3971,97.913033,,,,,,
3972,97.772957,,,,,,
3973,97.803818,,,,,,
3974,96.952911,,,,,,
3975,97.560028,,,,,,
3976,97.418564,,,,,,
3977,97.629913,,,,,,
3978,97.660378,,,,,,
3979,98.007149,,,,,,
3980,97.822365,,,,,,
3981,97.536461,,,,,,
3982,96.991310,,,,,,
3983,97.756836,,,,,,
3984,97.533508,,,,,,
3985,97.516891,,,,,,
3986,98.260559,,,,,,
3987,97.365288,,,,,,
3988,97.744705,,,,,,
3989,97.805527,,,,,,
3990,97.458313,,,,,,
3991,96.824669,,,,,,
3992,97.516121,,,,,,
3993,98.018600,,,,,,
3994,97.496483,,,,,,
3995,97.612869,,,,,,
3996,97.831070,,,,,,
3997,97.411491,,,,,,
3998,96.617050,,,,,,
4000,,76.100000,0.126022,,,,
4000,96.456238,,,,,,
4001,96.922729,,,,,,
4002,95.868126,,,,,,
4003,97.190819,,,,,,
4004,97.680069,,,,,,
4005,96.288300,,,,,,
4006,97.619850,,,,,,
4007,97.077721,,,,,,
4008,97.670029,,,,,,
4009,97.620949,,,,,,
4010,97.088234,,,,,,
4011,97.783012,,,,,,
4012,96.463638,,,,,,
4013,97.469589,,,,,,
4014,98.277351,,,,,,
4015,97.187630,,,,,,
4016,97.596138,,,,,,
4017,97.475891,,,,,,
4018,97.468071,,,,,,
4019,97.568039,,,,,,
4020,97.902336,,,,,,
4021,97.934471,,,,,,
4022,96.740303,,,,,,
4023,96.407867,,,,,,
4024,97.672440,,,,,,
4025,97.391197,,,,,,
4026,98.039505,,,,,,
4027,96.922897,,,,,,
4028,97.473358,,,,,,
4029,97.434341,,,,,,
4030,97.420403,,,,,,
4031,97.072937,,,,,,
4032,98.530670,,,,,,
4033,97.044853,,,,,,
4034,97.178360,,,,,,
4035,96.606865,,,,,,
4036,97.893585,,,,,,
4037,98.280670,,,,,,
4038,97.791344,,,,,,
4039,98.036606,,,,,,
4040,98.124283,,,,,,
4041,97.096855,,,,,,
4042,97.964081,,,,,,
4043,97.366028,,,,,,
4044,97.000824,,,,,,
4045,98.100128,,,,,,
4046,97.782959,,,,,,
4047,97.293488,,,,,,
4048,97.278107,,,,,,
4049,98.363487,,,,,,
4050,97.035675,,,,,,
4051,97.211830,,,,,,
4052,97.789833,,,,,,
4053,97.163193,,,,,,
4054,97.560509,,,,,,
4055,97.278229,,,,,,
4056,97.398590,,,,,,
4057,98.279778,,,,,,
4058,98.187584,,,,,,
4059,98.243965,,,,,,
4060,98.168442,,,,,,
4061,97.719704,,,,,,
4062,97.795692,,,,,,
4063,97.808739,,,,,,
4064,97.542130,,,,,,
4065,97.359520,,,,,,
4066,96.420456,,,,,,
4067,97.557991,,,,,,
4068,97.757980,,,,,,
4069,98.042374,,,,,,
4070,97.953629,,,,,,
4071,97.918747,,,,,,
4072,98.318672,,,,,,
4073,97.368317,,,,,,
4074,96.445847,,,,,,
4075,98.282700,,,,,,
4076,97.363365,,,,,,
4077,97.905205,,,,,,
4078,97.325668,,,,,,
4079,97.371078,,,,,,
4080,97.602554,,,,,,
4081,97.993561,,,,,,
4082,97.823013,,,,,,
4083,97.752228,,,,,,
4084,98.351135,,,,,,
4085,97.562531,,,,,,
4086,97.181152,,,,,,
4087,97.691193,,,,,,
4088,97.604179,,,,,,
4089,97.098175,,,,,,
4090,97.592064,,,,,,
4091,97.321777,,,,,,
4092,97.792091,,,,,,
4093,96.905182,,,,,,
4094,96.783691,,,,,,
4095,97.814995,,,,,,
4096,96.886032,,,,,,
4097,96.905701,,,,,,
4098,97.556496,,,,,,
4099,98.565849,,,,,,
4100,97.509666,,,,,,
4101,97.663254,,,,,,
4102,98.102623,,,,,,
4103,97.861313,,,,,,
4104,97.715691,,,,,,
4105,97.131561,,,,,,
4106,96.948311,,,,,,
4107,97.702942,,,,,,
4108,98.230309,,,,,,
4109,96.820953,,,,,,
4110,97.547188,,,,,,
4111,97.665047,,,,,,
4112,97.920792,,,,,,
4113,96.540100,,,,,,
4114,97.041496,,,,,,
4115,97.867729,,,,,,
4116,97.633614,,,,,,
4117,96.725639,,,,,,
4118,98.243584,,,,,,
4119,97.281021,,,,,,
4120,96.972397,,,,,,
4121,97.897194,,,,,,
4122,97.910423,,,,,,
4123,97.581955,,,,,,
4124,97.878799,,,,,,
4125,97.034805,,,,,,
4126,96.712059,,,,,,
4127,98.365044,,,,,,
4128,97.924934,,,,,,
4129,98.207809,,,,,,
4130,96.292534,,,,,,
4131,96.431709,,,,,,
4132,98.028465,,,,,,
4133,97.730446,,,,,,
4134,97.609238,,,,,,
4135,98.180969,,,,,,
4136,97.928734,,,,,,
4137,97.634399,,,,,,
4138,97.918152,,,,,,
4139,97.755112,,,,,,
4140,87.185791,,,,,,
4141,97.259857,,,,,,
4142,97.666679,,,,,,
4143,97.711906,,,,,,
4144,97.843819,,,,,,
4145,97.362862,,,,,,
4146,97.863602,,,,,,
4147,97.874031,,,,,,
4148,97.934555,,,,,,
4149,97.011925,,,,,,
4150,98.247597,,,,,,
4151,97.179924,,,,,,
4152,97.041206,,,,,,
4153,96.703094,,,,,,
4154,97.670364,,,,,,
4155,97.426346,,,,,,
4156,98.453194,,,,,,
4157,97.578186,,,,,,
4158,96.919830,,,,,,
4159,98.011398,,,,,,
4160,97.459000,,,,,,
4161,85.574013,,,,,,
4162,96.500328,,,,,,
4163,97.589340,,,,,,
4164,98.249847,,,,,,
4165,97.310570,,,,,,
4166,97.063484,,,,,,
4167,97.173042,,,,,,
4168,97.748642,,,,,,
4169,97.933571,,,,,,
4170,97.947380,,,,,,
4171,98.060242,,,,,,
4172,97.337196,,,,,,
4173,96.434341,,,,,,
4174,97.547058,,,,,,
4175,97.718422,,,,,,
4176,97.451675,,,,,,
4177,97.943130,,,,,,
4178,97.753548,,,,,,
4179,97.492775,,,,,,
4180,97.460602,,,,,,
4181,97.450775,,,,,,
4182,97.259377,,,,,,
4183,97.850525,,,,,,
4184,97.755302,,,,,,
4185,96.988205,,,,,,
4186,97.386658,,,,,,
4187,96.642342,,,,,,
4188,97.304222,,,,,,
4189,96.710228,,,,,,
4190,97.305626,,,,,,
4191,97.539757,,,,,,
4192,97.490532,,,,,,
4193,93.524651,,,,,,
4194,97.998940,,,,,,
4195,96.833694,,,,,,
4196,98.206184,,,,,,
4197,97.160164,,,,,,
4198,97.887611,,,,,,
4200,,76.020000,0.133328,,,,
4200,98.219353,,,,,,
4201,98.215950,,,,,,
4202,97.484093,,,,,,
4203,97.701271,,,,,,
4204,96.522148,,,,,,
4205,97.685715,,,,,,
4206,97.689499,,,,,,
4207,97.656418,,,,,,
4208,96.778488,,,,,,
4209,97.974579,,,,,,
4210,96.999840,,,,,,
4211,97.283226,,,,,,
4212,97.317589,,,,,,
4213,97.922935,,,,,,
4214,97.968666,,,,,,
4215,96.955574,,,,,,
4216,97.219154,,,,,,
4217,97.692024,,,,,,
4218,97.494171,,,,,,
4219,98.036179,,,,,,
4220,96.848854,,,,,,
4221,98.097343,,,,,,
4222,97.987000,,,,,,
4223,97.299126,,,,,,
4224,97.559975,,,,,,
4225,97.453033,,,,,,
4226,96.521881,,,,,,
4227,96.950470,,,,,,
4228,97.703827,,,,,,
4229,96.917946,,,,,,
4230,97.063988,,,,,,
4231,97.532516,,,,,,
4232,97.372223,,,,,,
4233,97.161453,,,,,,
4234,97.230560,,,,,,
4235,97.223808,,,,,,
4236,97.304764,,,,,,
4237,97.606895,,,,,,
4238,97.084740,,,,,,
4239,96.542480,,,,,,
4240,97.101143,,,,,,
4241,98.305687,,,,,,
4242,97.179306,,,,,,
4243,96.813995,,,,,,
4244,97.943619,,,,,,
4245,96.576248,,,,,,
4246,97.720856,,,,,,
4247,97.448402,,,,,,
4248,96.411041,,,,,,
4249,97.816406,,,,,,
4250,97.877296,,,,,,
4251,97.549644,,,,,,
4252,97.304375,,,,,,
4253,97.470139,,,,,,
4254,97.263367,,,,,,
4255,96.647484,,,,,,
4256,97.026817,,,,,,
4257,97.898521,,,,,,
4258,97.074661,,,,,,
4259,97.339508,,,,,,
4260,97.055244,,,,,,
4261,97.834435,,,,,,
4262,97.749222,,,,,,
4263,97.592667,,,,,,
4264,97.812035,,,,,,
4265,97.823578,,,,,,
4266,97.649498,,,,,,
4267,97.499062,,,,,,
4268,98.257149,,,,,,
4269,96.258705,,,,,,
4270,96.895851,,,,,,
4271,97.429504,,,,,,
4272,96.631607,,,,,,
4273,97.262985,,,,,,
4274,96.940811,,,,,,
4275,97.449684,,,,,,
4276,98.402214,,,,,,
4277,97.699646,,,,,,
4278,97.690376,,,,,,
4279,97.622009,,,,,,
4280,96.131264,,,,,,
4281,97.276901,,,,,,
4282,96.961136,,,,,,
4283,97.705132,,,,,,
4284,97.287727,,,,,,
4285,97.543770,,,,,,
4286,97.821983,,,,,,
4287,97.834610,,,,,,
4288,97.384254,,,,,,
4289,97.319054,,,,,,
4290,97.465607,,,,,,
4291,98.228577,,,,,,
4292,97.519501,,,,,,
4293,95.870216,,,,,,
4294,97.538513,,,,,,
4295,98.020393,,,,,,
4296,97.203720,,,,,,
4297,97.639099,,,,,,
4298,97.888130,,,,,,
4299,96.664406,,,,,,
4300,98.324783,,,,,,
4301,98.194809,,,,,,
4302,98.070618,,,,,,
4303,98.563530,,,,,,
4304,97.797356,,,,,,
4305,97.900108,,,,,,
4306,98.240067,,,,,,
4307,98.197739,,,,,,
4308,97.310051,,,,,,
4309,97.691063,,,,,,
4310,97.188843,,,,,,
4311,98.288483,,,,,,
4312,97.374214,,,,,,
4313,98.233299,,,,,,
4314,97.346527,,,,,,
4315,96.465607,,,,,,
4316,97.573273,,,,,,
4317,97.329613,,,,,,
4318,96.978905,,,,,,
4319,96.929298,,,,,,
4320,97.790771,,,,,,
4321,97.917038,,,,,,
4322,96.928833,,,,,,
4323,98.062698,,,,,,
4324,98.254539,,,,,,
4325,97.987022,,,,,,
4326,97.523834,,,,,,
4327,98.045212,,,,,,
4328,97.781418,,,,,,
4329,97.594513,,,,,,
4330,98.101311,,,,,,
4331,97.207367,,,,,,
4332,98.290817,,,,,,
4333,97.762413,,,,,,
4334,97.176193,,,,,,
4335,97.837219,,,,,,
4336,97.380150,,,,,,
4337,97.977356,,,,,,
4338,97.151817,,,,,,
4339,97.975861,,,,,,
4340,98.017509,,,,,,
4341,97.569817,,,,,,
4342,97.625206,,,,,,
4343,97.153297,,,,,,
4344,98.396698,,,,,,
4345,98.342567,,,,,,
4346,97.349167,,,,,,
4347,98.111763,,,,,,
4348,97.064850,,,,,,
4349,98.407356,,,,,,
4350,97.372734,,,,,,
4351,98.170067,,,,,,
4352,97.298523,,,,,,
4353,98.212097,,,,,,
4354,97.509964,,,,,,
4355,97.638527,,,,,,
4356,97.053017,,,,,,
4357,97.194061,,,,,,
4358,97.384834,,,,,,
4359,97.429123,,,,,,
4360,97.287804,,,,,,
4361,96.812256,,,,,,
4362,97.898201,,,,,,
4363,97.552872,,,,,,
4364,97.850220,,,,,,
4365,97.896385,,,,,,
4366,97.825142,,,,,,
4367,97.334305,,,,,,
4368,96.301071,,,,,,
4369,98.164497,,,,,,
4370,97.282722,,,,,,
4371,98.114357,,,,,,
4372,97.067284,,,,,,
4373,97.660995,,,,,,
4374,97.446922,,,,,,
4375,96.975159,,,,,,
4376,97.879059,,,,,,
4377,97.748726,,,,,,
4378,97.654419,,,,,,
4379,96.931351,,,,,,
4380,98.122307,,,,,,
4381,97.481712,,,,,,
4382,98.205040,,,,,,
4383,97.436348,,,,,,
4384,97.709091,,,,,,
4385,97.290939,,,,,,
4386,97.463196,,,,,,
4387,97.541557,,,,,,
4388,97.688614,,,,,,
4389,98.038116,,,,,,
4390,97.689087,,,,,,
4391,97.932693,,,,,,
4392,97.237686,,,,,,
4393,97.566933,,,,,,
4394,98.029381,,,,,,
4395,97.262627,,,,,,
4396,97.581268,,,,,,
4397,98.132965,,,,,,
4398,97.447876,,,,,,
4400,,77.530000,0.127626,,,,
4400,97.939545,,,,,,
4401,98.638283,,,,,,
4402,97.699776,,,,,,
4403,97.534813,,,,,,
4404,97.451515,,,,,,
4405,97.167618,,,,,,
4406,96.513435,,,,,,
4407,97.961342,,,,,,
4408,97.810173,,,,,,
4409,97.688293,,,,,,
4410,98.513046,,,,,,
4411,97.510139,,,,,,
4412,96.979553,,,,,,
4413,97.555183,,,,,,
4414,96.782547,,,,,,
4415,98.184578,,,,,,
4416,97.669594,,,,,,
4417,98.192909,,,,,,
4418,97.492043,,,,,,
4419,96.754936,,,,,,
4420,97.114525,,,,,,
4421,98.285645,,,,,,
4422,97.931351,,,,,,
4423,97.372040,,,,,,
4424,97.369453,,,,,,
4425,98.435104,,,,,,
4426,96.836327,,,,,,
4427,97.653923,,,,,,
4428,97.394485,,,,,,
4429,97.628647,,,,,,
4430,97.575279,,,,,,
4431,97.842728,,,,,,
4432,98.312943,,,,,,
4433,97.734634,,,,,,
4434,97.086853,,,,,,
4435,97.937080,,,,,,
4436,98.366570,,,,,,
4437,98.175148,,,,,,
4438,97.552002,,,,,,
4439,97.847816,,,,,,
4440,97.750305,,,,,,
4441,97.803436,,,,,,
4442,98.505745,,,,,,
4443,97.505402,,,,,,
4444,98.203873,,,,,,
4445,97.912415,,,,,,
4446,97.591995,,,,,,
4447,97.469910,,,,,,
4448,97.105148,,,,,,
4449,98.272194,,,,,,
4450,98.136627,,,,,,
4451,97.127182,,,,,,
4452,97.485008,,,,,,
4453,97.396935,,,,,,
4454,97.769539,,,,,,
4455,97.229156,,,,,,
4456,97.896103,,,,,,
4457,97.974106,,,,,,
4458,97.958549,,,,,,
4459,96.242180,,,,,,
4460,97.809898,,,,,,
4461,96.664589,,,,,,
4462,97.763992,,,,,,
4463,97.729057,,,,,,
4464,98.035721,,,,,,
4465,97.732742,,,,,,
4466,97.750313,,,,,,
4467,98.149940,,,,,,
4468,97.514473,,,,,,
4469,97.344406,,,,,,
4470,97.357048,,,,,,
4471,97.532448,,,,,,
4472,97.810242,,,,,,
4473,97.448837,,,,,,
4474,98.016052,,,,,,
4475,97.225632,,,,,,
4476,98.044327,,,,,,
4477,96.442520,,,,,,
4478,97.686470,,,,,,
4479,97.734917,,,,,,
4480,97.965645,,,,,,
4481,96.777283,,,,,,
4482,97.467438,,,,,,
4483,97.579926,,,,,,
4484,98.526825,,,,,,
4485,97.865776,,,,,,
4486,96.979439,,,,,,
4487,96.246910,,,,,,
4488,97.924492,,,,,,
4489,98.038101,,,,,,
4490,98.445679,,,,,,
4491,98.391403,,,,,,
4492,97.238724,,,,,,
4493,98.129234,,,,,,
4494,96.038841,,,,,,
4495,97.924171,,,,,,
4496,97.371292,,,,,,
4497,98.183311,,,,,,
4498,97.424370,,,,,,
4499,98.291870,,,,,,
4500,97.731010,,,,,,
4501,97.188484,,,,,,
4502,97.909317,,,,,,
4503,97.582779,,,,,,
4504,98.254272,,,,,,
4505,98.064995,,,,,,
4506,97.501389,,,,,,
4507,97.942909,,,,,,
4508,97.685852,,,,,,
4509,98.329132,,,,,,
4510,97.400002,,,,,,
4511,98.130272,,,,,,
4512,97.415428,,,,,,
4513,97.991035,,,,,,
4514,97.694527,,,,,,
4515,97.992783,,,,,,
4516,97.067398,,,,,,
4517,97.202690,,,,,,
4518,96.744904,,,,,,
4519,97.193794,,,,,,
4520,96.788307,,,,,,
4521,98.251724,,,,,,
4522,97.580238,,,,,,
4523,96.990738,,,,,,
4524,97.964844,,,,,,
4525,97.776352,,,,,,
4526,97.400360,,,,,,
4527,97.427483,,,,,,
4528,97.698357,,,,,,
4529,97.666718,,,,,,
4530,96.990501,,,,,,
4531,97.544655,,,,,,
4532,97.948479,,,,,,
4533,97.682426,,,,,,
4534,98.287033,,,,,,
4535,97.004944,,,,,,
4536,96.248131,,,,,,
4537,98.061867,,,,,,
4538,98.113235,,,,,,
4539,98.101212,,,,,,
4540,97.669273,,,,,,
4541,96.658569,,,,,,
4542,97.713493,,,,,,
4543,97.825600,,,,,,
4544,97.520554,,,,,,
4545,98.129486,,,,,,
4546,97.765343,,,,,,
4547,96.875549,,,,,,
4548,97.533562,,,,,,
4549,97.630432,,,,,,
4550,97.060944,,,,,,
4551,97.754288,,,,,,
4552,97.244057,,,,,,
4553,97.218903,,,,,,
4554,97.283577,,,,,,
4555,98.211182,,,,,,
4556,97.701675,,,,,,
4557,97.376015,,,,,,
4558,97.644630,,,,,,
4559,97.226501,,,,,,
4560,97.904617,,,,,,
4561,97.319351,,,,,,
4562,98.109474,,,,,,
4563,98.329094,,,,,,
4564,97.548958,,,,,,
4565,97.609688,,,,,,
4566,97.544785,,,,,,
4567,97.694992,,,,,,
4568,97.379440,,,,,,
4569,98.269005,,,,,,
4570,97.853485,,,,,,
4571,97.810570,,,,,,
4572,97.707405,,,,,,
4573,98.035759,,,,,,
4574,97.617058,,,,,,
4575,98.525681,,,,,,
4576,97.403885,,,,,,
4577,97.801376,,,,,,
4578,97.512657,,,,,,
4579,98.539635,,,,,,
4580,98.241066,,,,,,
4581,97.055931,,,,,,
4582,97.967697,,,,,,
4583,98.090012,,,,,,
4584,97.533546,,,,,,
4585,97.564140,,,,,,
4586,98.508141,,,,,,
4587,96.992065,,,,,,
4588,97.326454,,,,,,
4589,97.420258,,,,,,
4590,98.169212,,,,,,
4591,96.755981,,,,,,
4592,97.656761,,,,,,
4593,98.466476,,,,,,
4594,97.553658,,,,,,
4595,97.537521,,,,,,
4596,97.725151,,,,,,
4597,97.317833,,,,,,
4598,98.226395,,,,,,
4600,,76.440000,0.124035,,,,
4600,97.699287,,,,,,
4601,97.765991,,,,,,
4602,97.749550,,,,,,
4603,90.061523,,,,,,
4604,96.954010,,,,,,
4605,97.907524,,,,,,
4606,98.078606,,,,,,
4607,98.203194,,,,,,
4608,98.628220,,,,,,
4609,97.943489,,,,,,
4610,97.768257,,,,,,
4611,97.537521,,,,,,
4612,96.965630,,,,,,
4613,95.300819,,,,,,
4614,97.809013,,,,,,
4615,97.844147,,,,,,
4616,96.978645,,,,,,
4617,97.311546,,,,,,
4618,97.050613,,,,,,
4619,93.561028,,,,,,
4620,98.452042,,,,,,
4621,98.015121,,,,,,
4622,96.800858,,,,,,
4623,97.530167,,,,,,
4624,95.985992,,,,,,
4625,97.796783,,,,,,
4626,98.231636,,,,,,
4627,97.274521,,,,,,
4628,97.637856,,,,,,
4629,97.430138,,,,,,
4630,98.263023,,,,,,
4631,96.653999,,,,,,
4632,97.448624,,,,,,
4633,98.122704,,,,,,
4634,97.700264,,,,,,
4635,97.666222,,,,,,
4636,96.977402,,,,,,
4637,97.776299,,,,,,
4638,98.630936,,,,,,
4639,98.014801,,,,,,
4640,97.109734,,,,,,
4641,97.047340,,,,,,
4642,98.021904,,,,,,
4643,97.723503,,,,,,
4644,97.685539,,,,,,
4645,97.347260,,,,,,
4646,97.231133,,,,,,
4647,90.586006,,,,,,
4648,97.727150,,,,,,
4649,96.741631,,,,,,
4650,98.091118,,,,,,
4651,97.445030,,,,,,
4652,94.098755,,,,,,
4653,98.137535,,,,,,
4654,97.933411,,,,,,
4655,96.876434,,,,,,
4656,97.400696,,,,,,
4657,98.193260,,,,,,
4658,97.200043,,,,,,
4659,97.760551,,,,,,
4660,96.592949,,,,,,
4661,97.428619,,,,,,
4662,97.365540,,,,,,
4663,97.859734,,,,,,
4664,96.984947,,,,,,
4665,97.840782,,,,,,
4666,97.765709,,,,,,
4667,96.015656,,,,,,
4668,97.612740,,,,,,
4669,97.924355,,,,,,
4670,97.090973,,,,,,
4671,97.039497,,,,,,
4672,98.292519,,,,,,
4673,97.620468,,,,,,
4674,94.373749,,,,,,
4675,96.559952,,,,,,
4676,97.706795,,,,,,
4677,98.239746,,,,,,
4678,97.219109,,,,,,
4679,96.764839,,,,,,
4680,97.400215,,,,,,
4681,97.303177,,,,,,
4682,98.035461,,,,,,
4683,98.559044,,,,,,
4684,96.855812,,,,,,
4685,98.012009,,,,,,
4686,98.111000,,,,,,
4687,96.791733,,,,,,
4688,98.288185,,,,,,
4689,96.993057,,,,,,
4690,97.083282,,,,,,
4691,97.873146,,,,,,
4692,97.656807,,,,,,
4693,97.297729,,,,,,
4694,97.049210,,,,,,
4695,96.812927,,,,,,
4696,97.737572,,,,,,
4697,97.793571,,,,,,
4698,98.210220,,,,,,
4699,96.931511,,,,,,
4700,97.686142,,,,,,
4701,97.041046,,,,,,
4702,96.729935,,,,,,
4703,97.408516,,,,,,
4704,98.292763,,,,,,
4705,96.379005,,,,,,
4706,98.209091,,,,,,
4707,97.852760,,,,,,
4708,97.197876,,,,,,
4709,97.929611,,,,,,
4710,97.184296,,,,,,
4711,97.640419,,,,,,
4712,98.418381,,,,,,
4713,96.648804,,,,,,
4714,97.333733,,,,,,
4715,97.351387,,,,,,
4716,97.289665,,,,,,
4717,98.025414,,,,,,
4718,96.864365,,,,,,
4719,97.110283,,,,,,
4720,97.098053,,,,,,
4721,97.268089,,,,,,
4722,98.046234,,,,,,
4723,97.521912,,,,,,
4724,97.529022,,,,,,
4725,98.012947,,,,,,
4726,98.240150,,,,,,
4727,97.499619,,,,,,
4728,98.135399,,,,,,
4729,96.545662,,,,,,
4730,97.818901,,,,,,
4731,97.807686,,,,,,
4732,97.831314,,,,,,
4733,97.374237,,,,,,
4734,97.797836,,,,,,
4735,98.260170,,,,,,
4736,96.872299,,,,,,
4737,97.752594,,,,,,
4738,98.168266,,,,,,
4739,97.178467,,,,,,
4740,97.257401,,,,,,
4741,96.449898,,,,,,
4742,96.826660,,,,,,
4743,97.185364,,,,,,
4744,96.694954,,,,,,
4745,98.258568,,,,,,
4746,97.230606,,,,,,
4747,97.739349,,,,,,
4748,97.531052,,,,,,
4749,97.769089,,,,,,
4750,97.814697,,,,,,
4751,98.178375,,,,,,
4752,97.989456,,,,,,
4753,97.521477,,,,,,
4754,97.793884,,,,,,
4755,98.211502,,,,,,
4756,97.641373,,,,,,
4757,96.263626,,,,,,
4758,97.890381,,,,,,
4759,97.745430,,,,,,
4760,97.530174,,,,,,
4761,98.060471,,,,,,
4762,96.996651,,,,,,
4763,97.776306,,,,,,
4764,97.490761,,,,,,
4765,96.807884,,,,,,
4766,97.508492,,,,,,
4767,98.728653,,,,,,
4768,97.249146,,,,,,
4769,97.645599,,,,,,
4770,96.803192,,,,,,
4771,97.069916,,,,,,
4772,97.975037,,,,,,
4773,98.307510,,,,,,
4774,96.222595,,,,,,
4775,97.488930,,,,,,
4776,97.404015,,,,,,
4777,97.352882,,,,,,
4778,97.274727,,,,,,
4779,97.842194,,,,,,
4780,97.939850,,,,,,
4781,96.919800,,,,,,
4782,97.275215,,,,,,
4783,97.695900,,,,,,
4784,97.233315,,,,,,
4785,97.145454,,,,,,
4786,98.214806,,,,,,
4787,97.868484,,,,,,
4788,97.097748,,,,,,
4789,97.146461,,,,,,
4790,98.320900,,,,,,
4791,96.413689,,,,,,
4792,97.817085,,,,,,
4793,98.238373,,,,,,
4794,97.336418,,,,,,
4795,97.248550,,,,,,
4796,97.984222,,,,,,
4797,97.494209,,,,,,
4798,97.435646,,,,,,
4800,,77.830000,0.147889,,,,
4800,97.925468,,,,,,
4801,98.604576,,,,,,
4802,97.770538,,,,,,
4803,97.441750,,,,,,
4804,98.000381,,,,,,
4805,97.820084,,,,,,
4806,97.952812,,,,,,
4807,97.769791,,,,,,
4808,97.017067,,,,,,
4809,96.472847,,,,,,
4810,98.172874,,,,,,
4811,97.353058,,,,,,
4812,98.149910,,,,,,
4813,98.468002,,,,,,
4814,97.897743,,,,,,
4815,97.924599,,,,,,
4816,97.560616,,,,,,
4817,97.465347,,,,,,
4818,97.384033,,,,,,
4819,97.553238,,,,,,
4820,97.516273,,,,,,
4821,97.880363,,,,,,
4822,98.457230,,,,,,
4823,97.963181,,,,,,
4824,97.573723,,,,,,
4825,98.110695,,,,,,
4826,98.274536,,,,,,
4827,97.756416,,,,,,
4828,97.336052,,,,,,
4829,98.249435,,,,,,
4830,98.692413,,,,,,
4831,97.329727,,,,,,
4832,97.071594,,,,,,
4833,97.509193,,,,,,
4834,97.126823,,,,,,
4835,97.896072,,,,,,
4836,97.876122,,,,,,
4837,98.008675,,,,,,
4838,97.804962,,,,,,
4839,97.942924,,,,,,
4840,98.336266,,,,,,
4841,97.323517,,,,,,
4842,97.448326,,,,,,
4843,97.420815,,,,,,
4844,98.232552,,,,,,
4845,97.734657,,,,,,
4846,98.120415,,,,,,
4847,97.078735,,,,,,
4848,97.797707,,,,,,
4849,97.563614,,,,,,
4850,96.987091,,,,,,
4851,97.349380,,,,,,
4852,98.307991,,,,,,
4853,98.340965,,,,,,
4854,98.024239,,,,,,
4855,98.064804,,,,,,
4856,96.377777,,,,,,
4857,97.938377,,,,,,
4858,97.885361,,,,,,
4859,97.256317,,,,,,
4860,97.948181,,,,,,
4861,96.860916,,,,,,
4862,97.935188,,,,,,
4863,98.022446,,,,,,
4864,97.231987,,,,,,
4865,97.430382,,,,,,
4866,97.840370,,,,,,
4867,96.624779,,,,,,
4868,97.958351,,,,,,
4869,97.762062,,,,,,
4870,98.062073,,,,,,
4871,97.801079,,,,,,
4872,97.670860,,,,,,
4873,97.900803,,,,,,
4874,97.748596,,,,,,
4875,97.888832,,,,,,
4876,97.548187,,,,,,
4877,97.923737,,,,,,
4878,97.337456,,,,,,
4879,96.567772,,,,,,
4880,97.417915,,,,,,
4881,97.962303,,,,,,
4882,98.269836,,,,,,
4883,98.148438,,,,,,
4884,98.340263,,,,,,
4885,97.671761,,,,,,
4886,97.863998,,,,,,
4887,97.125992,,,,,,
4888,98.040665,,,,,,
4889,98.186989,,,,,,
4890,97.704269,,,,,,
4891,97.996819,,,,,,
4892,97.738029,,,,,,
4893,97.665337,,,,,,
4894,98.370903,,,,,,
4895,97.786682,,,,,,
4896,97.872543,,,,,,
4897,97.925156,,,,,,
4898,97.553978,,,,,,
4899,97.963058,,,,,,
4900,98.020065,,,,,,
4901,98.397301,,,,,,
4902,98.233734,,,,,,
4903,98.152390,,,,,,
4904,97.304001,,,,,,
4905,97.653816,,,,,,
4906,98.156509,,,,,,
4907,96.575523,,,,,,
4908,97.628281,,,,,,
4909,96.947502,,,,,,
4910,96.951759,,,,,,
4911,96.786148,,,,,,
4912,97.666359,,,,,,
4913,97.568054,,,,,,
4914,97.126732,,,,,,
4915,97.504501,,,,,,
4916,97.864120,,,,,,
4917,98.099731,,,,,,
4918,98.060417,,,,,,
4919,97.768913,,,,,,
4920,98.179916,,,,,,
4921,97.760117,,,,,,
4922,98.185837,,,,,,
4923,97.360748,,,,,,
4924,97.621857,,,,,,
4925,97.308060,,,,,,
4926,98.485970,,,,,,
4927,97.954086,,,,,,
4928,97.106689,,,,,,
4929,97.486893,,,,,,
4930,98.068924,,,,,,
4931,97.619469,,,,,,
4932,98.470619,,,,,,
4933,97.944679,,,,,,
4934,98.487747,,,,,,
4935,97.423744,,,,,,
4936,96.993767,,,,,,
4937,97.968910,,,,,,
4938,98.234764,,,,,,
4939,98.532135,,,,,,
4940,97.793701,,,,,,
4941,97.660507,,,,,,
4942,97.792252,,,,,,
4943,97.941666,,,,,,
4944,97.509727,,,,,,
4945,96.924965,,,,,,
4946,97.614426,,,,,,
4947,97.708710,,,,,,
4948,98.085632,,,,,,
4949,98.144348,,,,,,
4950,97.429039,,,,,,
4951,98.140579,,,,,,
4952,97.452255,,,,,,
4953,97.963478,,,,,,
4954,98.309837,,,,,,
4955,98.015816,,,,,,
4956,97.573845,,,,,,
4957,97.022934,,,,,,
4958,96.896927,,,,,,
4959,98.239944,,,,,,
4960,97.869339,,,,,,
4961,97.833351,,,,,,
4962,97.643120,,,,,,
4963,97.304718,,,,,,
4964,97.501244,,,,,,
4965,97.187363,,,,,,
4966,97.411240,,,,,,
4967,97.682106,,,,,,
4968,97.939865,,,,,,
4969,97.498322,,,,,,
4970,98.450897,,,,,,
4971,97.846085,,,,,,
4972,97.492973,,,,,,
4973,97.803406,,,,,,
4974,97.610298,,,,,,
4975,97.746529,,,,,,
4976,98.598579,,,,,,
4977,98.042755,,,,,,
4978,97.683723,,,,,,
4979,97.416153,,,,,,
4980,97.658203,,,,,,
4981,97.460526,,,,,,
4982,98.233208,,,,,,
4983,96.883301,,,,,,
4984,98.207375,,,,,,
4985,97.685410,,,,,,
4986,97.866234,,,,,,
4987,97.921165,,,,,,
4988,98.116501,,,,,,
4989,97.479912,,,,,,
4990,98.160912,,,,,,
4991,98.077553,,,,,,
4992,98.178772,,,,,,
4993,97.968544,,,,,,
4994,96.446732,,,,,,
4995,97.575874,,,,,,
4996,97.630806,,,,,,
4997,98.056702,,,,,,
4998,97.365891,,,,,,
5000,,77.200000,0.121319,,,,
5000,98.155884,,,,,,
5001,97.928017,,,,,,
5002,96.901108,,,,,,
5003,97.970062,,,,,,
5004,97.905861,,,,,,
5005,96.486191,,,,,,
5006,97.398148,,,,,,
5007,98.038376,,,,,,
5008,97.925041,,,,,,
5009,96.858955,,,,,,
5010,98.193207,,,,,,
5011,97.804131,,,,,,
5012,97.691727,,,,,,
5013,98.306938,,,,,,
5014,97.315002,,,,,,
5015,97.759628,,,,,,
5016,98.448982,,,,,,
5017,97.410126,,,,,,
5018,97.024582,,,,,,
5019,97.813316,,,,,,
5020,98.121300,,,,,,
5021,97.781303,,,,,,
5022,97.911354,,,,,,
5023,98.377426,,,,,,
5024,97.415794,,,,,,
5025,97.786484,,,,,,
5026,97.999420,,,,,,
5027,97.525330,,,,,,
5028,97.774055,,,,,,
5029,97.853142,,,,,,
5030,97.263412,,,,,,
5031,97.135155,,,,,,
5032,97.368515,,,,,,
5033,97.978683,,,,,,
5034,96.487564,,,,,,
5035,96.845177,,,,,,
5036,97.163490,,,,,,
5037,97.656403,,,,,,
5038,97.882774,,,,,,
5039,97.813324,,,,,,
5040,97.840446,,,,,,
5041,98.010529,,,,,,
5042,97.971214,,,,,,
5043,96.902969,,,,,,
5044,98.422096,,,,,,
5045,97.183006,,,,,,
5046,96.821999,,,,,,
5047,97.783806,,,,,,
5048,97.560158,,,,,,
5049,97.743462,,,,,,
5050,97.520027,,,,,,
5051,97.228317,,,,,,
5052,98.274422,,,,,,
5053,98.244171,,,,,,
5054,97.546516,,,,,,
5055,98.076073,,,,,,
5056,97.528076,,,,,,
5057,98.112022,,,,,,
5058,97.842476,,,,,,
5059,97.596695,,,,,,
5060,97.438225,,,,,,
5061,97.592125,,,,,,
5062,96.758598,,,,,,
5063,98.112541,,,,,,
5064,98.230095,,,,,,
5065,98.094238,,,,,,
5066,97.844299,,,,,,
5067,97.957443,,,,,,
5068,97.898315,,,,,,
5069,97.945541,,,,,,
5070,98.305901,,,,,,
5071,96.839378,,,,,,
5072,97.590302,,,,,,
5073,97.425568,,,,,,
5074,97.157356,,,,,,
5075,97.362503,,,,,,
5076,97.408974,,,,,,
5077,97.361397,,,,,,
5078,97.540367,,,,,,
5079,97.387352,,,,,,
5080,98.272278,,,,,,
5081,97.904060,,,,,,
5082,97.354980,,,,,,
5083,98.439499,,,,,,
5084,97.848457,,,,,,
5085,96.699081,,,,,,
5086,98.355888,,,,,,
5087,97.828178,,,,,,
5088,97.936012,,,,,,
5089,96.930412,,,,,,
5090,97.993340,,,,,,
5091,97.651634,,,,,,
5092,97.769615,,,,,,
5093,98.008293,,,,,,
5094,98.225693,,,,,,
5095,98.162781,,,,,,
5096,97.723587,,,,,,
5097,98.175621,,,,,,
5098,97.487137,,,,,,
5099,98.479454,,,,,,
5100,97.519783,,,,,,
5101,98.013809,,,,,,
5102,97.760406,,,,,,
5103,97.533768,,,,,,
5104,97.995476,,,,,,
5105,97.850548,,,,,,
5106,97.796638,,,,,,
5107,97.484871,,,,,,
5108,97.454018,,,,,,
5109,97.747658,,,,,,
5110,97.275940,,,,,,
5111,98.221848,,,,,,
5112,97.618973,,,,,,
5113,97.866669,,,,,,
5114,97.281273,,,,,,
5115,98.433784,,,,,,
5116,97.607124,,,,,,
5117,97.925949,,,,,,
5118,98.379280,,,,,,
5119,97.816475,,,,,,
5120,98.278770,,,,,,
5121,97.439125,,,,,,
5122,97.735336,,,,,,
5123,97.896004,,,,,,
5124,96.928711,,,,,,
5125,98.758461,,,,,,
5126,97.647316,,,,,,
5127,97.835999,,,,,,
5128,97.111145,,,,,,
5129,98.312904,,,,,,
5130,97.271622,,,,,,
5131,96.821396,,,,,,
5132,97.707863,,,,,,
5133,98.054680,,,,,,
5134,97.381859,,,,,,
5135,97.761101,,,,,,
5136,97.501991,,,,,,
5137,97.430626,,,,,,
5138,98.652138,,,,,,
5139,97.883949,,,,,,
5140,97.541756,,,,,,
5141,98.258286,,,,,,
5142,97.656029,,,,,,
5143,97.364616,,,,,,
5144,98.129303,,,,,,
5145,97.363991,,,,,,
5146,98.351227,,,,,,
5147,98.320129,,,,,,
5148,98.571045,,,,,,
5149,98.270844,,,,,,
5150,97.783218,,,,,,
5151,97.099556,,,,,,
5152,98.401993,,,,,,
5153,98.042580,,,,,,
5154,98.052147,,,,,,
5155,98.190041,,,,,,
5156,97.990662,,,,,,
5157,97.139709,,,,,,
5158,98.048561,,,,,,
5159,97.922234,,,,,,
5160,97.221252,,,,,,
5161,98.042244,,,,,,
5162,97.820305,,,,,,
5163,97.388863,,,,,,
5164,97.997955,,,,,,
5165,96.847527,,,,,,
5166,97.789917,,,,,,
5167,98.214455,,,,,,
5168,97.407440,,,,,,
5169,97.425644,,,,,,
5170,98.060738,,,,,,
5171,97.572052,,,,,,
5172,97.182602,,,,,,
5173,97.993622,,,,,,
5174,97.153625,,,,,,
5175,98.213608,,,,,,
5176,98.538292,,,,,,
5177,97.794075,,,,,,
5178,98.166801,,,,,,
5179,97.437927,,,,,,
5180,97.671097,,,,,,
5181,97.976074,,,,,,
5182,97.248711,,,,,,
5183,98.172951,,,,,,
5184,97.543793,,,,,,
5185,97.319511,,,,,,
5186,97.927528,,,,,,
5187,98.007568,,,,,,
5188,98.500465,,,,,,
5189,97.655235,,,,,,
5190,97.080833,,,,,,
5191,97.279137,,,,,,
5192,97.699883,,,,,,
5193,97.533348,,,,,,
5194,97.672638,,,,,,
5195,97.806847,,,,,,
5196,97.825363,,,,,,
5197,98.409134,,,,,,
5198,97.893440,,,,,,
5200,,77.600000,0.135937,,,,
5200,97.788666,,,,,,
5201,98.243103,,,,,,
5202,97.881836,,,,,,
5203,97.918755,,,,,,
5204,97.815430,,,,,,
5205,97.335526,,,,,,
5206,97.192886,,,,,,
5207,98.244942,,,,,,
5208,97.512520,,,,,,
5209,97.752968,,,,,,
5210,98.212296,,,,,,
5211,98.385834,,,,,,
5212,97.501518,,,,,,
5213,97.584419,,,,,,
5214,97.673851,,,,,,
5215,97.194717,,,,,,
5216,97.465012,,,,,,
5217,98.438019,,,,,,
5218,98.188789,,,,,,
5219,97.877266,,,,,,
5220,97.726707,,,,,,
5221,98.458672,,,,,,
5222,98.028946,,,,,,
5223,97.509583,,,,,,
5224,97.185448,,,,,,
5225,98.097992,,,,,,
5226,98.503212,,,,,,
5227,98.221939,,,,,,
5228,97.130219,,,,,,
5229,98.093811,,,,,,
5230,97.978447,,,,,,
5231,97.003136,,,,,,
5232,97.429947,,,,,,
5233,98.665741,,,,,,
5234,98.182434,,,,,,
5235,97.257141,,,,,,
5236,97.218475,,,,,,
5237,97.158745,,,,,,
5238,98.178864,,,,,,
5239,97.856895,,,,,,
5240,97.016525,,,,,,
5241,97.609169,,,,,,
5242,98.176727,,,,,,
5243,96.596703,,,,,,
5244,97.821342,,,,,,
5245,98.086693,,,,,,
5246,97.896454,,,,,,
5247,98.155884,,,,,,
5248,98.436913,,,,,,
5249,97.715469,,,,,,
5250,97.600266,,,,,,
5251,97.535416,,,,,,
5252,97.919846,,,,,,
5253,97.980598,,,,,,
5254,98.207024,,,,,,
5255,98.262161,,,,,,
5256,98.178535,,,,,,
5257,98.206367,,,,,,
5258,96.660095,,,,,,
5259,98.431694,,,,,,
5260,98.152885,,,,,,
5261,97.970726,,,,,,
5262,97.958305,,,,,,
5263,97.458481,,,,,,
5264,97.323662,,,,,,
5265,98.073097,,,,,,
5266,98.130302,,,,,,
5267,97.098244,,,,,,
5268,96.785019,,,,,,
5269,97.359756,,,,,,
5270,98.109673,,,,,,
5271,97.574005,,,,,,
5272,96.633453,,,,,,
5273,97.680153,,,,,,
5274,98.240105,,,,,,
5275,97.453819,,,,,,
5276,97.354637,,,,,,
5277,97.226700,,,,,,
5278,96.255455,,,,,,
5279,98.475845,,,,,,
5280,97.150703,,,,,,
5281,98.172974,,,,,,
5282,97.035324,,,,,,
5283,96.159027,,,,,,
5284,98.147728,,,,,,
5285,97.909119,,,,,,
5286,98.520241,,,,,,
5287,97.617554,,,,,,
5288,97.664833,,,,,,
5289,98.339897,,,,,,
5290,97.496452,,,,,,
5291,97.389297,,,,,,
5292,98.100418,,,,,,
5293,98.176910,,,,,,
5294,97.790375,,,,,,
5295,98.004814,,,,,,
5296,98.038940,,,,,,
5297,98.120399,,,,,,
5298,98.537582,,,,,,
5299,97.474014,,,,,,
5300,97.660233,,,,,,
5301,98.523949,,,,,,
5302,97.584549,,,,,,
5303,98.269844,,,,,,
5304,98.167953,,,,,,
5305,97.412102,,,,,,
5306,97.137581,,,,,,
5307,98.284607,,,,,,
5308,98.187813,,,,,,
5309,97.891998,,,,,,
5310,98.309021,,,,,,
5311,97.857292,,,,,,
5312,97.974831,,,,,,
5313,98.628448,,,,,,
5314,98.463821,,,,,,
5315,96.804558,,,,,,
5316,98.252220,,,,,,
5317,98.385696,,,,,,
5318,97.660515,,,,,,
5319,96.889511,,,,,,
5320,97.851440,,,,,,
5321,97.978531,,,,,,
5322,97.589821,,,,,,
5323,97.429100,,,,,,
5324,98.538887,,,,,,
5325,97.949448,,,,,,
5326,97.300430,,,,,,
5327,97.953026,,,,,,
5328,98.190041,,,,,,
5329,98.198242,,,,,,
5330,98.010689,,,,,,
5331,98.234779,,,,,,
5332,97.570808,,,,,,
5333,96.923576,,,,,,
5334,97.912399,,,,,,
5335,98.106506,,,,,,
5336,96.939926,,,,,,
5337,98.266960,,,,,,
5338,97.998276,,,,,,
5339,97.410194,,,,,,
5340,97.535759,,,,,,
5341,97.630791,,,,,,
5342,98.158379,,,,,,
5343,98.251823,,,,,,
5344,96.735146,,,,,,
5345,97.865952,,,,,,
5346,97.618095,,,,,,
5347,98.454872,,,,,,
5348,98.194382,,,,,,
5349,98.041710,,,,,,
5350,97.173264,,,,,,
5351,97.995438,,,,,,
5352,97.797897,,,,,,
5353,97.402504,,,,,,
5354,97.367828,,,,,,
5355,98.007957,,,,,,
5356,97.634590,,,,,,
5357,98.272240,,,,,,
5358,97.576263,,,,,,
5359,96.863632,,,,,,
5360,97.520370,,,,,,
5361,98.405777,,,,,,
5362,97.966774,,,,,,
5363,96.962402,,,,,,
5364,98.008492,,,,,,
5365,97.820786,,,,,,
5366,97.485519,,,,,,
5367,97.443970,,,,,,
5368,97.943565,,,,,,
5369,97.739265,,,,,,
5370,98.115463,,,,,,
5371,98.350945,,,,,,
5372,97.047752,,,,,,
5373,97.429070,,,,,,
5374,98.131332,,,,,,
5375,97.726433,,,,,,
5376,98.163048,,,,,,
5377,97.499390,,,,,,
5378,96.826218,,,,,,
5379,98.067055,,,,,,
5380,97.646255,,,,,,
5381,98.207970,,,,,,
5382,98.351707,,,,,,
5383,97.934120,,,,,,
5384,98.200378,,,,,,
5385,98.066681,,,,,,
5386,97.848587,,,,,,
5387,98.141083,,,,,,
5388,98.179016,,,,,,
5389,97.825150,,,,,,
5390,97.963539,,,,,,
5391,98.389839,,,,,,
5392,97.938301,,,,,,
5393,97.857658,,,,,,
5394,97.450645,,,,,,
5395,97.623665,,,,,,
5396,98.404800,,,,,,
5397,97.157822,,,,,,
5398,98.077171,,,,,,
5400,,77.630000,0.128060,,,,
5400,97.879272,,,,,,
5401,97.446762,,,,,,
5402,97.654427,,,,,,
5403,97.917015,,,,,,
5404,96.658859,,,,,,
5405,98.072395,,,,,,
5406,97.749992,,,,,,
5407,98.139984,,,,,,
5408,98.143105,,,,,,
5409,98.001129,,,,,,
5410,97.644798,,,,,,
5411,97.664093,,,,,,
5412,98.366875,,,,,,
5413,97.792252,,,,,,
5414,98.402702,,,,,,
5415,97.001923,,,,,,
5416,92.525269,,,,,,
5417,97.343246,,,,,,
5418,98.083351,,,,,,
5419,97.528305,,,,,,
5420,98.511490,,,,,,
5421,97.199303,,,,,,
5422,97.692047,,,,,,
5423,97.160393,,,,,,
5424,96.738922,,,,,,
5425,96.921417,,,,,,
5426,98.017624,,,,,,
5427,97.655869,,,,,,
5428,98.850838,,,,,,
5429,97.941589,,,,,,
5430,98.556816,,,,,,
5431,97.390541,,,,,,
5432,98.200531,,,,,,
5433,98.295258,,,,,,
5434,98.025894,,,,,,
5435,97.899368,,,,,,
5436,98.130638,,,,,,
5437,97.362862,,,,,,
5438,96.785873,,,,,,
5439,97.694397,,,,,,
5440,97.865486,,,,,,
5441,98.039238,,,,,,
5442,97.756927,,,,,,
5443,96.721458,,,,,,
5444,96.904892,,,,,,
5445,97.398727,,,,,,
5446,97.342133,,,,,,
5447,98.372742,,,,,,
5448,97.131050,,,,,,
5449,97.469551,,,,,,
5450,96.999763,,,,,,
5451,97.724884,,,,,,
5452,97.446815,,,,,,
5453,97.728577,,,,,,
5454,98.114189,,,,,,
5455,92.226608,,,,,,
5456,97.787033,,,,,,
5457,96.706299,,,,,,
5458,97.903557,,,,,,
5459,96.501236,,,,,,
5460,97.656754,,,,,,
5461,97.363014,,,,,,
5462,97.261383,,,,,,
5463,97.357529,,,,,,
5464,97.293594,,,,,,
5465,97.929451,,,,,,
5466,97.477295,,,,,,
5467,97.836922,,,,,,
5468,97.702354,,,,,,
5469,97.913948,,,,,,
5470,97.979607,,,,,,
5471,97.665009,,,,,,
5472,97.920700,,,,,,
5473,98.288895,,,,,,
5474,96.743240,,,,,,
5475,97.827888,,,,,,
5476,98.230270,,,,,,
5477,97.754257,,,,,,
5478,96.541153,,,,,,
5479,97.754349,,,,,,
5480,98.082718,,,,,,
5481,96.894661,,,,,,
5482,97.540977,,,,,,
5483,97.647934,,,,,,
5484,97.738152,,,,,,
5485,98.293823,,,,,,
5486,97.829704,,,,,,
5487,98.124809,,,,,,
5488,97.739632,,,,,,
5489,98.442352,,,,,,
5490,97.233459,,,,,,
5491,97.070908,,,,,,
5492,97.256172,,,,,,
5493,97.366676,,,,,,
5494,98.426682,,,,,,
5495,97.513229,,,,,,
5496,96.798851,,,,,,
5497,96.946579,,,,,,
5498,98.461777,,,,,,
5499,98.045311,,,,,,
5500,98.207642,,,,,,
5501,96.683228,,,,,,
5502,97.971024,,,,,,
5503,97.821556,,,,,,
5504,98.250107,,,,,,
5505,97.628983,,,,,,
5506,97.631905,,,,,,
5507,97.941261,,,,,,
5508,97.418373,,,,,,
5509,98.389610,,,,,,
5510,98.137062,,,,,,
5511,97.512627,,,,,,
5512,98.168343,,,,,,
5513,97.688889,,,,,,
5514,98.027679,,,,,,
5515,97.689247,,,,,,
5516,97.841469,,,,,,
5517,97.694260,,,,,,
5518,97.507317,,,,,,
5519,98.158920,,,,,,
5520,96.775734,,,,,,
5521,98.226593,,,,,,
5522,97.554085,,,,,,
5523,96.250359,,,,,,
5524,98.442474,,,,,,
5525,97.269188,,,,,,
5526,98.129463,,,,,,
5527,96.763107,,,,,,
5528,96.716637,,,,,,
5529,98.381485,,,,,,
5530,97.921791,,,,,,
5531,98.208786,,,,,,
5532,97.532005,,,,,,
5533,98.177246,,,,,,
5534,98.343880,,,,,,
5535,98.509239,,,,,,
5536,97.903397,,,,,,
5537,97.418808,,,,,,
5538,96.820305,,,,,,
5539,97.683807,,,,,,
5540,98.247765,,,,,,
5541,97.687172,,,,,,
5542,96.276924,,,,,,
5543,97.485657,,,,,,
5544,97.417915,,,,,,
5545,97.242989,,,,,,
5546,98.307732,,,,,,
5547,98.231728,,,,,,
5548,98.164627,,,,,,
5549,97.795784,,,,,,
5550,97.416824,,,,,,
5551,98.187218,,,,,,
5552,97.966949,,,,,,
5553,97.303467,,,,,,
5554,98.439316,,,,,,
5555,97.589630,,,,,,
5556,97.750847,,,,,,
5557,97.791237,,,,,,
5558,98.268379,,,,,,
5559,97.465683,,,,,,
5560,96.430351,,,,,,
5561,98.177933,,,,,,
5562,97.138725,,,,,,
5563,97.599327,,,,,,
5564,98.211166,,,,,,
5565,81.854103,,,,,,
5566,97.982681,,,,,,
5567,98.304680,,,,,,
5568,97.839828,,,,,,
5569,96.636902,,,,,,
5570,97.852180,,,,,,
5571,96.678360,,,,,,
5572,97.723534,,,,,,
5573,98.528702,,,,,,
5574,96.927513,,,,,,
5575,98.278923,,,,,,
5576,97.687798,,,,,,
5577,97.830826,,,,,,
5578,98.046410,,,,,,
5579,98.199081,,,,,,
5580,97.507629,,,,,,
5581,98.543640,,,,,,
5582,98.564713,,,,,,
5583,97.560005,,,,,,
5584,98.239944,,,,,,
5585,98.038460,,,,,,
5586,97.947914,,,,,,
5587,97.103882,,,,,,
5588,97.292908,,,,,,
5589,98.398994,,,,,,
5590,97.705757,,,,,,
5591,96.358086,,,,,,
5592,97.219345,,,,,,
5593,97.791199,,,,,,
5594,97.214081,,,,,,
5595,98.033272,,,,,,
5596,98.082664,,,,,,
5597,97.887329,,,,,,
5598,98.186607,,,,,,
5600,,77.540000,0.123722,,,,
5600,97.751190,,,,,,
5601,97.935799,,,,,,
5602,97.992447,,,,,,
5603,97.703468,,,,,,
5604,97.356323,,,,,,
5605,98.213318,,,,,,
5606,97.753937,,,,,,
5607,97.674690,,,,,,
5608,96.222549,,,,,,
5609,97.547600,,,,,,
5610,97.988503,,,,,,
5611,97.249214,,,,,,
5612,98.046661,,,,,,
5613,97.643898,,,,,,
5614,98.102753,,,,,,
5615,97.659454,,,,,,
5616,97.443596,,,,,,
5617,98.177155,,,,,,
5618,97.522675,,,,,,
5619,97.571350,,,,,,
5620,97.924995,,,,,,
5621,97.996414,,,,,,
5622,98.181549,,,,,,
5623,97.763519,,,,,,
5624,97.667725,,,,,,
5625,97.815994,,,,,,
5626,97.471664,,,,,,
5627,98.033722,,,,,,
5628,97.516174,,,,,,
5629,97.426453,,,,,,
5630,97.773460,,,,,,
5631,98.516472,,,,,,
5632,98.102547,,,,,,
5633,97.750984,,,,,,
5634,98.040771,,,,,,
5635,98.143364,,,,,,
5636,97.205894,,,,,,
5637,98.078087,,,,,,
5638,97.365265,,,,,,
5639,97.656792,,,,,,
5640,97.713333,,,,,,
5641,97.309677,,,,,,
5642,96.448776,,,,,,
5643,97.011475,,,,,,
5644,97.325798,,,,,,
5645,97.113136,,,,,,
5646,97.619614,,,,,,
5647,97.334282,,,,,,
5648,98.032990,,,,,,
5649,97.600403,,,,,,
5650,98.072556,,,,,,
5651,97.630966,,,,,,
5652,97.743431,,,,,,
5653,98.017250,,,,,,
5654,98.211212,,,,,,
5655,97.479919,,,,,,
5656,98.183777,,,,,,
5657,97.426903,,,,,,
5658,97.534889,,,,,,
5659,96.849747,,,,,,
5660,97.586899,,,,,,
5661,97.385750,,,,,,
5662,97.502388,,,,,,
5663,97.604279,,,,,,
5664,98.052444,,,,,,
5665,97.690025,,,,,,
5666,98.154305,,,,,,
5667,97.726601,,,,,,
5668,98.364807,,,,,,
5669,97.437386,,,,,,
5670,97.184372,,,,,,
5671,97.313622,,,,,,
5672,98.336945,,,,,,
5673,98.370003,,,,,,
5674,97.787239,,,,,,
5675,97.853813,,,,,,
5676,97.844086,,,,,,
5677,98.523422,,,,,,
5678,97.785835,,,,,,
5679,97.541252,,,,,,
5680,97.939056,,,,,,
5681,97.128120,,,,,,
5682,98.368027,,,,,,
5683,97.672539,,,,,,
5684,98.080070,,,,,,
5685,98.202553,,,,,,
5686,97.869835,,,,,,
5687,98.336288,,,,,,
5688,98.050934,,,,,,
5689,96.908684,,,,,,
5690,97.827415,,,,,,
5691,98.323639,,,,,,
5692,98.554443,,,,,,
5693,97.661728,,,,,,
5694,98.301292,,,,,,
5695,97.608437,,,,,,
5696,98.319412,,,,,,
5697,98.248650,,,,,,
5698,98.029221,,,,,,
5699,96.801872,,,,,,
5700,98.232864,,,,,,
5701,98.012901,,,,,,
5702,98.392593,,,,,,
5703,98.258072,,,,,,
5704,98.152596,,,,,,
5705,98.107880,,,,,,
5706,97.646156,,,,,,
5707,97.802544,,,,,,
5708,96.941162,,,,,,
5709,98.244492,,,,,,
5710,98.239868,,,,,,
5711,98.232788,,,,,,
5712,97.015556,,,,,,
5713,98.034653,,,,,,
5714,98.594170,,,,,,
5715,97.830299,,,,,,
5716,98.002525,,,,,,
5717,97.668617,,,,,,
5718,97.688019,,,,,,
5719,97.432579,,,,,,
5720,97.505859,,,,,,
5721,97.873360,,,,,,
5722,98.012703,,,,,,
5723,98.113297,,,,,,
5724,98.090416,,,,,,
5725,98.075706,,,,,,
5726,97.449341,,,,,,
5727,98.277580,,,,,,
5728,97.837486,,,,,,
5729,98.081268,,,,,,
5730,98.061035,,,,,,
5731,97.948242,,,,,,
5732,97.802864,,,,,,
5733,97.533836,,,,,,
5734,97.494217,,,,,,
5735,98.416084,,,,,,
5736,97.704086,,,,,,
5737,97.458847,,,,,,
5738,98.090805,,,,,,
5739,98.114006,,,,,,
5740,97.770805,,,,,,
5741,98.175980,,,,,,
5742,98.296150,,,,,,
5743,98.061562,,,,,,
5744,98.372887,,,,,,
5745,97.832230,,,,,,
5746,97.810020,,,,,,
5747,97.854614,,,,,,
5748,97.455666,,,,,,
5749,98.100670,,,,,,
5750,97.540779,,,,,,
5751,98.308372,,,,,,
5752,97.753448,,,,,,
5753,98.259567,,,,,,
5754,98.235954,,,,,,
5755,97.930817,,,,,,
5756,98.500504,,,,,,
5757,97.219582,,,,,,
5758,97.595917,,,,,,
5759,98.367088,,,,,,
5760,97.654411,,,,,,
5761,97.554504,,,,,,
5762,96.749474,,,,,,
5763,97.783730,,,,,,
5764,98.207756,,,,,,
5765,98.373413,,,,,,
5766,98.031532,,,,,,
5767,97.601662,,,,,,
5768,97.023872,,,,,,
5769,97.929924,,,,,,
5770,98.217148,,,,,,
5771,98.393135,,,,,,
5772,96.991714,,,,,,
5773,98.231102,,,,,,
5774,97.633026,,,,,,
5775,97.868431,,,,,,
5776,97.765343,,,,,,
5777,98.449097,,,,,,
5778,98.181488,,,,,,
5779,98.068100,,,,,,
5780,97.913597,,,,,,
5781,97.907852,,,,,,
5782,97.997879,,,,,,
5783,98.042496,,,,,,
5784,98.177887,,,,,,
5785,98.408417,,,,,,
5786,97.572807,,,,,,
5787,97.611275,,,,,,
5788,97.649673,,,,,,
5789,98.220512,,,,,,
5790,96.555214,,,,,,
5791,97.989525,,,,,,
5792,98.492081,,,,,,
5793,97.921204,,,,,,
5794,97.300560,,,,,,
5795,97.740532,,,,,,
5796,97.969513,,,,,,
5797,97.829109,,,,,,
5798,97.270531,,,,,,
5800,,77.520000,0.123297,,,,
5800,98.143547,,,,,,
5801,98.007828,,,,,,
5802,98.141754,,,,,,
5803,97.598457,,,,,,
5804,98.226723,,,,,,
5805,98.007874,,,,,,
5806,98.210373,,,,,,
5807,98.439270,,,,,,
5808,98.675690,,,,,,
5809,97.540337,,,,,,
5810,97.417618,,,,,,
5811,97.470947,,,,,,
5812,97.449425,,,,,,
5813,97.050377,,,,,,
5814,97.309998,,,,,,
5815,98.487907,,,,,,
5816,98.120888,,,,,,
5817,98.149750,,,,,,
5818,98.010300,,,,,,
5819,97.647789,,,,,,
5820,98.022049,,,,,,
5821,98.230972,,,,,,
5822,98.410301,,,,,,
5823,98.061256,,,,,,
5824,97.908302,,,,,,
5825,97.828171,,,,,,
5826,97.394638,,,,,,
5827,97.399918,,,,,,
5828,97.735519,,,,,,
5829,97.713593,,,,,,
5830,98.327591,,,,,,
5831,97.394295,,,,,,
5832,97.924126,,,,,,
5833,97.481041,,,,,,
5834,97.158501,,,,,,
5835,97.433899,,,,,,
5836,96.974838,,,,,,
5837,97.158974,,,,,,
5838,97.933655,,,,,,
5839,97.532936,,,,,,
5840,97.821259,,,,,,
5841,97.661461,,,,,,
5842,96.454475,,,,,,
5843,98.070374,,,,,,
5844,98.130287,,,,,,
5845,98.297928,,,,,,
5846,98.265984,,,,,,
5847,98.135429,,,,,,
5848,97.807747,,,,,,
5849,97.569626,,,,,,
5850,97.040329,,,,,,
5851,98.320671,,,,,,
5852,97.599190,,,,,,
5853,98.320740,,,,,,
5854,97.687393,,,,,,
5855,97.794373,,,,,,
5856,98.455734,,,,,,
5857,98.215294,,,,,,
5858,96.863884,,,,,,
5859,97.482613,,,,,,
5860,96.574265,,,,,,
5861,97.610435,,,,,,
5862,97.792549,,,,,,
5863,97.771393,,,,,,
5864,98.520157,,,,,,
5865,98.058289,,,,,,
5866,97.959099,,,,,,
5867,98.105011,,,,,,
5868,98.599152,,,,,,
5869,97.489273,,,,,,
5870,97.475334,,,,,,
5871,98.050339,,,,,,
5872,97.263054,,,,,,
5873,98.202873,,,,,,
5874,97.569466,,,,,,
5875,97.988937,,,,,,
5876,98.111176,,,,,,
5877,97.681061,,,,,,
5878,97.931252,,,,,,
5879,98.160095,,,,,,
5880,97.629456,,,,,,
5881,98.274780,,,,,,
5882,98.031906,,,,,,
5883,98.062614,,,,,,
5884,97.815086,,,,,,
5885,97.563477,,,,,,
5886,98.333282,,,,,,
5887,97.794579,,,,,,
5888,97.995880,,,,,,
5889,97.962540,,,,,,
5890,97.938728,,,,,,
5891,98.010208,,,,,,
5892,97.983871,,,,,,
5893,97.678696,,,,,,
5894,98.326225,,,,,,
5895,98.130234,,,,,,
5896,98.232536,,,,,,
5897,97.720238,,,,,,
5898,97.500862,,,,,,
5899,97.946388,,,,,,
5900,98.525368,,,,,,
5901,97.128319,,,,,,
5902,97.869141,,,,,,
5903,98.452919,,,,,,
5904,97.714821,,,,,,
5905,97.402351,,,,,,
5906,98.076942,,,,,,
5907,96.579689,,,,,,
5908,98.407288,,,,,,
5909,97.719917,,,,,,
5910,97.499046,,,,,,
5911,96.868958,,,,,,
5912,97.857780,,,,,,
5913,98.247879,,,,,,
5914,98.507195,,,,,,
5915,98.286545,,,,,,
5916,97.004921,,,,,,
5917,97.961266,,,,,,
5918,97.618431,,,,,,
5919,97.725098,,,,,,
5920,98.044228,,,,,,
5921,97.218071,,,,,,
5922,98.147087,,,,,,
5923,98.232513,,,,,,
5924,97.233620,,,,,,
5925,97.841034,,,,,,
5926,97.511894,,,,,,
5927,98.186188,,,,,,
5928,98.252060,,,,,,
5929,98.042435,,,,,,
5930,98.379295,,,,,,
5931,98.312210,,,,,,
5932,98.252136,,,,,,
5933,98.242233,,,,,,
5934,97.261597,,,,,,
5935,97.875305,,,,,,
5936,98.518250,,,,,,
5937,97.718941,,,,,,
5938,97.447578,,,,,,
5939,97.564598,,,,,,
5940,97.263512,,,,,,
5941,96.791321,,,,,,
5942,98.074966,,,,,,
5943,97.990288,,,,,,
5944,97.712036,,,,,,
5945,97.758995,,,,,,
5946,97.167259,,,,,,
5947,97.877632,,,,,,
5948,96.449432,,,,,,
5949,97.281540,,,,,,
5950,97.589676,,,,,,
5951,97.308495,,,,,,
5952,98.486000,,,,,,
5953,98.036316,,,,,,
5954,97.923111,,,,,,
5955,97.991493,,,,,,
5956,97.585091,,,,,,
5957,98.283478,,,,,,
5958,98.140686,,,,,,
5959,97.904877,,,,,,
5960,98.254570,,,,,,
5961,98.155746,,,,,,
5962,97.966125,,,,,,
5963,98.358643,,,,,,
5964,97.365082,,,,,,
5965,97.006828,,,,,,
5966,98.139519,,,,,,
5967,97.764473,,,,,,
5968,97.279800,,,,,,
5969,98.765831,,,,,,
5970,98.274643,,,,,,
5971,97.849403,,,,,,
5972,98.103622,,,,,,
5973,98.285355,,,,,,
5974,97.835762,,,,,,
5975,98.489395,,,,,,
5976,98.049591,,,,,,
5977,98.147064,,,,,,
5978,98.028877,,,,,,
5979,98.430916,,,,,,
5980,97.673103,,,,,,
5981,98.020554,,,,,,
5982,97.098907,,,,,,
5983,98.000671,,,,,,
5984,97.680687,,,,,,
5985,97.387253,,,,,,
5986,98.031342,,,,,,
5987,97.773903,,,,,,
5988,96.572166,,,,,,
5989,97.959167,,,,,,
5990,98.245102,,,,,,
5991,97.225960,,,,,,
5992,96.937897,,,,,,
5993,98.353539,,,,,,
5994,97.875900,,,,,,
5995,97.548630,,,,,,
5996,98.292442,,,,,,
5997,98.253586,,,,,,
5998,97.282127,,,,,,
6000,,77.540000,0.119532,,,,
6000,97.421051,,,,,,
6001,97.533974,,,,,,
6002,98.063087,,,,,,
6003,97.356491,,,,,,
6004,97.789337,,,,,,
6005,97.635216,,,,,,
6006,97.722855,,,,,,
6007,97.825241,,,,,,
6008,98.050888,,,,,,
6009,97.784416,,,,,,
6010,97.921822,,,,,,
6011,97.561256,,,,,,
6012,97.567924,,,,,,
6013,98.414619,,,,,,
6014,98.299736,,,,,,
6015,98.623672,,,,,,
6016,97.592110,,,,,,
6017,97.843201,,,,,,
6018,97.903366,,,,,,
6019,98.490395,,,,,,
6020,97.830505,,,,,,
6021,98.414787,,,,,,
6022,98.349098,,,,,,
6023,98.164101,,,,,,
6024,97.082428,,,,,,
6025,98.011772,,,,,,
6026,98.423401,,,,,,
6027,98.475853,,,,,,
6028,97.635155,,,,,,
6029,98.140152,,,,,,
6030,97.639931,,,,,,
6031,97.955742,,,,,,
6032,97.923309,,,,,,
6033,97.339615,,,,,,
6034,97.388802,,,,,,
6035,97.663101,,,,,,
6036,97.526299,,,,,,
6037,98.109428,,,,,,
6038,97.629944,,,,,,
6039,97.781433,,,,,,
6040,97.916664,,,,,,
6041,98.252983,,,,,,
6042,97.998375,,,,,,
6043,98.149658,,,,,,
6044,97.224495,,,,,,
6045,97.787025,,,,,,
6046,97.431084,,,,,,
6047,98.436485,,,,,,
6048,97.874252,,,,,,
6049,98.390854,,,,,,
6050,96.895897,,,,,,
6051,96.609688,,,,,,
6052,97.744652,,,,,,
6053,97.889336,,,,,,
6054,98.202774,,,,,,
6055,97.433327,,,,,,
6056,98.083168,,,,,,
6057,97.767967,,,,,,
6058,97.386345,,,,,,
6059,98.419075,,,,,,
6060,96.845230,,,,,,
6061,97.367523,,,,,,
6062,97.799278,,,,,,
6063,98.438545,,,,,,
6064,97.484436,,,,,,
6065,97.651764,,,,,,
6066,97.824303,,,,,,
6067,98.164490,,,,,,
6068,97.157455,,,,,,
6069,97.595757,,,,,,
6070,98.437614,,,,,,
6071,98.387680,,,,,,
6072,97.783501,,,,,,
6073,98.535873,,,,,,
6074,98.043732,,,,,,
6075,98.055672,,,,,,
6076,97.049461,,,,,,
6077,98.146072,,,,,,
6078,98.013321,,,,,,
6079,98.587997,,,,,,
6080,98.217384,,,,,,
6081,96.888420,,,,,,
6082,98.144569,,,,,,
6083,97.561775,,,,,,
6084,97.945953,,,,,,
6085,98.455162,,,,,,
6086,97.869598,,,,,,
6087,97.524994,,,,,,
6088,98.079514,,,,,,
6089,98.616539,,,,,,
6090,98.357658,,,,,,
6091,97.822960,,,,,,
6092,97.340889,,,,,,
6093,97.312256,,,,,,
6094,97.115158,,,,,,
6095,98.128891,,,,,,
6096,98.260864,,,,,,
6097,98.119164,,,,,,
6098,98.559166,,,,,,
6099,97.522270,,,,,,
6100,97.735573,,,,,,
6101,96.814484,,,,,,
6102,97.378181,,,,,,
6103,98.081406,,,,,,
6104,97.779343,,,,,,
6105,97.813583,,,,,,
6106,97.687523,,,,,,
6107,98.189842,,,,,,
6108,98.095238,,,,,,
6109,98.265579,,,,,,
6110,97.798271,,,,,,
6111,97.904839,,,,,,
6112,97.843834,,,,,,
6113,97.932968,,,,,,
6114,98.269981,,,,,,
6115,98.128372,,,,,,
6116,97.019073,,,,,,
6117,97.792480,,,,,,
6118,98.036797,,,,,,
6119,98.349152,,,,,,
6120,97.621780,,,,,,
6121,98.035248,,,,,,
6122,98.243469,,,,,,
6123,97.925941,,,,,,
6124,97.999397,,,,,,
6125,98.150902,,,,,,
6126,98.559975,,,,,,
6127,98.101517,,,,,,
6128,97.544884,,,,,,
6129,98.366043,,,,,,
6130,97.963043,,,,,,
6131,97.731216,,,,,,
6132,97.399040,,,,,,
6133,97.482307,,,,,,
6134,97.913811,,,,,,
6135,96.920845,,,,,,
6136,97.838882,,,,,,
6137,98.114845,,,,,,
6138,97.938560,,,,,,
6139,98.026398,,,,,,
6140,97.934814,,,,,,
6141,97.370331,,,,,,
6142,98.113365,,,,,,
6143,98.230400,,,,,,
6144,97.732460,,,,,,
6145,97.083290,,,,,,
6146,97.727356,,,,,,
6147,97.545776,,,,,,
6148,97.949722,,,,,,
6149,97.723854,,,,,,
6150,98.137489,,,,,,
6151,98.199814,,,,,,
6152,98.112511,,,,,,
6153,97.581886,,,,,,
6154,98.319168,,,,,,
6155,98.195045,,,,,,
6156,98.711922,,,,,,
6157,98.254166,,,,,,
6158,97.076096,,,,,,
6159,97.713867,,,,,,
6160,98.243774,,,,,,
6161,97.822449,,,,,,
6162,98.259499,,,,,,
6163,98.923569,,,,,,
6164,97.309418,,,,,,
6165,98.158432,,,,,,
6166,97.880135,,,,,,
6167,98.209671,,,,,,
6168,97.686745,,,,,,
6169,98.339066,,,,,,
6170,98.526741,,,,,,
6171,97.820625,,,,,,
6172,97.997391,,,,,,
6173,97.798843,,,,,,
6174,97.007645,,,,,,
6175,98.165962,,,,,,
6176,98.214119,,,,,,
6177,98.110886,,,,,,
6178,97.815941,,,,,,
6179,97.922302,,,,,,
6180,97.699486,,,,,,
6181,96.852257,,,,,,
6182,98.380455,,,,,,
6183,97.046692,,,,,,
6184,97.481255,,,,,,
6185,98.208328,,,,,,
6186,97.631348,,,,,,
6187,97.926949,,,,,,
6188,97.077583,,,,,,
6189,97.136932,,,,,,
6190,97.892876,,,,,,
6191,97.938927,,,,,,
6192,97.897820,,,,,,
6193,98.601540,,,,,,
6194,97.519218,,,,,,
6195,98.269569,,,,,,
6196,98.058929,,,,,,
6197,97.507362,,,,,,
6198,97.730576,,,,,,
6200,,77.910000,0.120647,,,,
6200,97.213730,,,,,,
6201,98.359505,,,,,,
6202,98.259148,,,,,,
6203,98.330482,,,,,,
6204,97.979858,,,,,,
6205,98.327782,,,,,,
6206,97.902138,,,,,,
6207,97.056053,,,,,,
6208,98.110626,,,,,,
6209,98.090096,,,,,,
6210,97.760735,,,,,,
6211,97.774513,,,,,,
6212,97.788574,,,,,,
6213,97.460289,,,,,,
6214,98.416031,,,,,,
6215,97.304634,,,,,,
6216,97.928474,,,,,,
6217,98.247025,,,,,,
6218,97.198845,,,,,,
6219,98.365379,,,,,,
6220,98.556633,,,,,,
6221,97.443581,,,,,,
6222,97.123512,,,,,,
6223,97.910019,,,,,,
6224,98.282707,,,,,,
6225,97.519531,,,,,,
6226,98.332985,,,,,,
6227,97.946571,,,,,,
6228,97.513649,,,,,,
6229,97.760162,,,,,,
6230,98.285995,,,,,,
6231,97.323082,,,,,,
6232,97.899834,,,,,,
6233,98.467926,,,,,,
6234,98.097931,,,,,,
6235,98.206795,,,,,,
6236,97.953995,,,,,,
6237,98.308022,,,,,,
6238,97.072479,,,,,,
6239,97.915306,,,,,,
6240,98.123550,,,,,,
6241,97.505844,,,,,,
6242,98.008469,,,,,,
6243,98.240242,,,,,,
6244,97.890663,,,,,,
6245,97.682045,,,,,,
6246,98.408234,,,,,,
6247,98.491196,,,,,,
6248,95.045235,,,,,,
6249,97.838882,,,,,,
6250,97.621155,,,,,,
6251,96.992508,,,,,,
6252,97.998199,,,,,,
6253,97.923370,,,,,,
6254,98.558815,,,,,,
6255,97.762115,,,,,,
6256,97.011787,,,,,,
6257,97.097412,,,,,,
6258,97.993736,,,,,,
6259,98.209389,,,,,,
6260,97.608040,,,,,,
6261,97.670059,,,,,,
6262,98.596222,,,,,,
6263,97.707031,,,,,,
6264,98.131721,,,,,,
6265,98.210930,,,,,,
6266,97.133095,,,,,,
6267,98.060020,,,,,,
6268,98.056091,,,,,,
6269,97.641129,,,,,,
6270,98.355751,,,,,,
6271,97.362694,,,,,,
6272,97.343666,,,,,,
6273,97.891426,,,,,,
6274,98.161041,,,,,,
6275,98.046906,,,,,,
6276,98.252930,,,,,,
6277,97.662941,,,,,,
6278,98.061569,,,,,,
6279,98.158035,,,,,,
6280,98.111664,,,,,,
6281,98.102165,,,,,,
6282,98.125221,,,,,,
6283,98.240891,,,,,,
6284,98.082283,,,,,,
6285,98.245277,,,,,,
6286,98.449326,,,,,,
6287,97.945877,,,,,,
6288,98.053558,,,,,,
6289,97.494087,,,,,,
6290,98.153008,,,,,,
6291,97.409470,,,,,,
6292,98.419800,,,,,,
6293,98.112610,,,,,,
6294,97.504379,,,,,,
6295,98.290291,,,,,,
6296,97.574623,,,,,,
6297,97.792999,,,,,,
6298,98.006187,,,,,,
6299,98.266113,,,,,,
6300,97.172462,,,,,,
6301,98.221397,,,,,,
6302,98.486031,,,,,,
6303,97.545708,,,,,,
6304,98.344536,,,,,,
6305,98.582420,,,,,,
6306,97.834854,,,,,,
6307,98.256264,,,,,,
6308,98.337273,,,,,,
6309,98.495979,,,,,,
6310,97.339676,,,,,,
6311,98.556122,,,,,,
6312,98.197090,,,,,,
6313,97.627785,,,,,,
6314,98.223869,,,,,,
6315,97.684738,,,,,,
6316,97.016747,,,,,,
6317,97.885536,,,,,,
6318,98.228645,,,,,,
6319,97.627762,,,,,,
6320,97.745407,,,,,,
6321,97.961479,,,,,,
6322,97.919083,,,,,,
6323,97.687546,,,,,,
6324,98.067345,,,,,,
6325,97.406006,,,,,,
6326,98.247902,,,,,,
6327,98.332375,,,,,,
6328,97.723824,,,,,,
6329,98.217514,,,,,,
6330,98.025230,,,,,,
6331,98.435135,,,,,,
6332,98.529778,,,,,,
6333,97.945061,,,,,,
6334,97.745270,,,,,,
6335,97.923851,,,,,,
6336,98.442154,,,,,,
6337,98.089531,,,,,,
6338,97.604202,,,,,,
6339,98.073517,,,,,,
6340,97.992134,,,,,,
6341,98.287895,,,,,,
6342,97.519264,,,,,,
6343,98.151054,,,,,,
6344,97.955620,,,,,,
6345,97.824219,,,,,,
6346,98.356346,,,,,,
6347,97.711052,,,,,,
6348,97.945145,,,,,,
6349,97.739632,,,,,,
6350,98.318176,,,,,,
6351,98.595421,,,,,,
6352,97.944275,,,,,,
6353,98.429741,,,,,,
6354,97.318069,,,,,,
6355,98.283234,,,,,,
6356,98.309174,,,,,,
6357,97.884727,,,,,,
6358,98.256104,,,,,,
6359,97.881035,,,,,,
6360,97.189850,,,,,,
6361,98.762520,,,,,,
6362,97.170242,,,,,,
6363,98.011887,,,,,,
6364,98.051224,,,,,,
6365,97.518578,,,,,,
6366,98.022980,,,,,,
6367,97.822220,,,,,,
6368,97.949348,,,,,,
6369,97.768311,,,,,,
6370,97.670959,,,,,,
6371,97.130447,,,,,,
6372,97.984680,,,,,,
6373,98.209671,,,,,,
6374,97.707680,,,,,,
6375,96.610687,,,,,,
6376,98.101303,,,,,,
6377,97.975105,,,,,,
6378,98.192734,,,,,,
6379,96.903175,,,,,,
6380,98.243027,,,,,,
6381,98.128929,,,,,,
6382,98.047363,,,,,,
6383,96.602562,,,,,,
6384,97.815887,,,,,,
6385,98.489372,,,,,,
6386,97.609833,,,,,,
6387,98.005959,,,,,,
6388,98.363235,,,,,,
6389,97.728729,,,,,,
6390,98.017075,,,,,,
6391,97.773071,,,,,,
6392,97.992210,,,,,,
6393,98.300186,,,,,,
6394,98.377815,,,,,,
6395,98.315414,,,,,,
6396,98.044983,,,,,,
6397,97.252785,,,,,,
6398,97.923637,,,,,,
6400,,77.670000,0.121015,,,,
6400,97.372025,,,,,,
6401,97.878433,,,,,,
6402,97.180321,,,,,,
6403,97.676064,,,,,,
6404,97.940102,,,,,,
6405,98.090942,,,,,,
6406,97.666046,,,,,,
6407,97.759270,,,,,,
6408,97.246346,,,,,,
6409,97.081863,,,,,,
6410,98.013481,,,,,,
6411,98.634071,,,,,,
6412,97.890984,,,,,,
6413,97.253967,,,,,,
6414,97.880447,,,,,,
6415,97.960945,,,,,,
6416,97.498520,,,,,,
6417,97.667587,,,,,,
6418,98.407425,,,,,,
6419,97.742119,,,,,,
6420,97.905685,,,,,,
6421,98.445465,,,,,,
6422,98.522644,,,,,,
6423,97.750862,,,,,,
6424,97.657661,,,,,,
6425,97.586685,,,,,,
6426,97.969139,,,,,,
6427,97.545273,,,,,,
6428,97.423622,,,,,,
6429,97.507729,,,,,,
6430,98.002937,,,,,,
6431,97.445099,,,,,,
6432,97.788551,,,,,,
6433,97.850235,,,,,,
6434,98.350464,,,,,,
6435,96.919472,,,,,,
6436,97.285950,,,,,,
6437,97.919601,,,,,,
6438,97.812347,,,,,,
6439,98.399963,,,,,,
6440,97.758598,,,,,,
6441,98.204407,,,,,,
6442,98.215866,,,,,,
6443,98.193169,,,,,,
6444,98.193161,,,,,,
6445,98.332985,,,,,,
6446,98.246658,,,,,,
6447,97.786942,,,,,,
6448,97.954155,,,,,,
6449,97.743980,,,,,,
6450,97.424347,,,,,,
6451,96.569862,,,,,,
6452,97.844269,,,,,,
6453,97.725540,,,,,,
6454,98.182953,,,,,,
6455,97.498032,,,,,,
6456,97.382744,,,,,,
6457,97.684044,,,,,,
6458,98.521881,,,,,,
6459,98.659065,,,,,,
6460,97.806755,,,,,,
6461,98.140099,,,,,,
6462,98.008583,,,,,,
6463,98.354675,,,,,,
6464,98.352859,,,,,,
6465,98.314919,,,,,,
6466,98.563286,,,,,,
6467,98.287201,,,,,,
6468,97.849182,,,,,,
6469,98.189850,,,,,,
6470,98.328339,,,,,,
6471,96.752876,,,,,,
6472,98.007240,,,,,,
6473,97.612045,,,,,,
6474,98.129890,,,,,,
6475,98.182297,,,,,,
6476,97.962990,,,,,,
6477,98.302071,,,,,,
6478,97.893478,,,,,,
6479,97.980110,,,,,,
6480,98.069679,,,,,,
6481,97.640495,,,,,,
6482,98.558075,,,,,,
6483,97.901619,,,,,,
6484,98.513039,,,,,,
6485,98.326897,,,,,,
6486,97.816513,,,,,,
6487,97.516960,,,,,,
6488,97.749893,,,,,,
6489,97.731865,,,,,,
6490,97.998039,,,,,,
6491,98.425034,,,,,,
6492,98.236023,,,,,,
6493,97.712677,,,,,,
6494,97.695351,,,,,,
6495,96.981895,,,,,,
6496,98.072174,,,,,,
6497,98.455910,,,,,,
6498,98.407372,,,,,,
6499,98.251740,,,,,,
6500,97.899048,,,,,,
6501,98.140083,,,,,,
6502,97.624634,,,,,,
6503,98.415565,,,,,,
6504,97.062065,,,,,,
6505,98.068253,,,,,,
6506,98.323387,,,,,,
6507,98.464798,,,,,,
6508,97.839462,,,,,,
6509,98.453033,,,,,,
6510,98.244377,,,,,,
6511,97.634621,,,,,,
6512,98.043228,,,,,,
6513,98.511002,,,,,,
6514,97.308998,,,,,,
6515,98.379234,,,,,,
6516,98.034073,,,,,,
6517,96.848740,,,,,,
6518,97.951012,,,,,,
6519,98.501305,,,,,,
6520,97.584404,,,,,,
6521,97.553444,,,,,,
6522,98.004982,,,,,,
6523,98.203400,,,,,,
6524,98.221062,,,,,,
6525,97.389008,,,,,,
6526,98.059181,,,,,,
6527,97.088509,,,,,,
6528,97.974022,,,,,,
6529,97.550117,,,,,,
6530,97.763870,,,,,,
6531,98.871956,,,,,,
6532,97.365997,,,,,,
6533,97.891243,,,,,,
6534,97.848022,,,,,,
6535,98.143318,,,,,,
6536,97.778366,,,,,,
6537,98.262268,,,,,,
6538,98.029076,,,,,,
6539,98.549591,,,,,,
6540,98.309532,,,,,,
6541,97.842728,,,,,,
6542,98.567490,,,,,,
6543,97.902893,,,,,,
6544,97.715843,,,,,,
6545,97.588287,,,,,,
6546,96.736641,,,,,,
6547,97.779060,,,,,,
6548,97.411057,,,,,,
6549,98.381065,,,,,,
6550,97.574478,,,,,,
6551,97.806343,,,,,,
6552,96.932480,,,,,,
6553,98.252983,,,,,,
6554,98.069412,,,,,,
6555,98.419983,,,,,,
6556,97.882309,,,,,,
6557,98.377235,,,,,,
6558,98.194092,,,,,,
6559,97.851326,,,,,,
6560,98.141525,,,,,,
6561,97.827736,,,,,,
6562,97.873688,,,,,,
6563,97.823044,,,,,,
6564,97.117027,,,,,,
6565,97.642570,,,,,,
6566,98.112732,,,,,,
6567,97.357407,,,,,,
6568,97.630791,,,,,,
6569,97.279930,,,,,,
6570,97.423340,,,,,,
6571,97.544022,,,,,,
6572,97.025787,,,,,,
6573,98.540359,,,,,,
6574,98.074417,,,,,,
6575,97.334808,,,,,,
6576,98.550629,,,,,,
6577,97.347084,,,,,,
6578,97.925148,,,,,,
6579,97.831688,,,,,,
6580,97.974380,,,,,,
6581,98.490387,,,,,,
6582,97.758881,,,,,,
6583,97.934174,,,,,,
6584,98.443069,,,,,,
6585,97.499596,,,,,,
6586,97.884048,,,,,,
6587,97.743164,,,,,,
6588,98.282295,,,,,,
6589,97.655006,,,,,,
6590,97.805016,,,,,,
6591,97.595367,,,,,,
6592,97.850548,,,,,,
6593,97.748657,,,,,,
6594,98.439453,,,,,,
6595,97.618935,,,,,,
6596,98.846291,,,,,,
6597,98.557182,,,,,,
6598,98.180191,,,,,,
6600,,77.300000,0.122792,,,,
6600,97.090263,,,,,,
6601,98.172012,,,,,,
6602,97.837509,,,,,,
6603,98.049179,,,,,,
6604,98.244263,,,,,,
6605,97.440300,,,,,,
6606,98.407387,,,,,,
6607,97.472290,,,,,,
6608,97.822037,,,,,,
6609,97.746735,,,,,,
6610,98.455673,,,,,,
6611,98.036423,,,,,,
6612,97.484688,,,,,,
6613,97.633446,,,,,,
6614,98.610909,,,,,,
6615,97.848526,,,,,,
6616,97.509964,,,,,,
6617,97.828011,,,,,,
6618,98.171021,,,,,,
6619,97.936577,,,,,,
6620,97.367348,,,,,,
6621,97.888725,,,,,,
6622,97.802856,,,,,,
6623,97.108940,,,,,,
6624,98.281555,,,,,,
6625,98.123978,,,,,,
6626,97.783157,,,,,,
6627,98.276894,,,,,,
6628,98.046745,,,,,,
6629,98.147713,,,,,,
6630,97.323296,,,,,,
6631,98.394623,,,,,,
6632,98.156685,,,,,,
6633,97.718025,,,,,,
6634,98.955139,,,,,,
6635,97.343910,,,,,,
6636,98.381920,,,,,,
6637,97.935150,,,,,,
6638,97.780243,,,,,,
6639,97.798294,,,,,,
6640,97.793259,,,,,,
6641,98.480453,,,,,,
6642,97.913933,,,,,,
6643,97.089882,,,,,,
6644,98.586983,,,,,,
6645,97.205368,,,,,,
6646,98.166809,,,,,,
6647,98.651497,,,,,,
6648,97.069962,,,,,,
6649,97.795341,,,,,,
6650,98.250717,,,,,,
6651,97.320030,,,,,,
6652,97.879349,,,,,,
6653,98.123436,,,,,,
6654,98.338364,,,,,,
6655,97.748734,,,,,,
6656,97.471359,,,,,,
6657,98.370285,,,,,,
6658,98.171379,,,,,,
6659,97.921501,,,,,,
6660,98.159431,,,,,,
6661,98.392204,,,,,,
6662,98.324089,,,,,,
6663,98.182129,,,,,,
6664,98.184547,,,,,,
6665,98.028946,,,,,,
6666,97.739929,,,,,,
6667,97.428902,,,,,,
6668,98.359947,,,,,,
6669,98.224655,,,,,,
6670,97.930367,,,,,,
6671,97.733971,,,,,,
6672,98.210541,,,,,,
6673,98.246490,,,,,,
6674,97.940361,,,,,,
6675,97.513329,,,,,,
6676,94.814606,,,,,,
6677,98.232033,,,,,,
6678,97.764946,,,,,,
6679,97.719421,,,,,,
6680,97.405952,,,,,,
6681,97.872299,,,,,,
6682,98.187500,,,,,,
6683,98.127083,,,,,,
6684,97.939453,,,,,,
6685,98.180573,,,,,,
6686,98.490829,,,,,,
6687,97.793976,,,,,,
6688,98.569221,,,,,,
6689,96.758064,,,,,,
6690,97.948753,,,,,,
6691,97.676575,,,,,,
6692,97.564995,,,,,,
6693,97.632294,,,,,,
6694,97.831589,,,,,,
6695,97.385910,,,,,,
6696,97.740005,,,,,,
6697,97.944977,,,,,,
6698,97.557922,,,,,,
6699,98.482513,,,,,,
6700,97.723640,,,,,,
6701,98.752159,,,,,,
6702,98.697945,,,,,,
6703,97.505112,,,,,,
6704,97.817757,,,,,,
6705,97.056107,,,,,,
6706,97.372780,,,,,,
6707,97.733559,,,,,,
6708,98.604416,,,,,,
6709,97.655212,,,,,,
6710,98.154350,,,,,,
6711,98.128662,,,,,,
6712,97.872032,,,,,,
6713,97.756058,,,,,,
6714,96.817276,,,,,,
6715,91.220108,,,,,,
6716,97.743614,,,,,,
6717,98.008690,,,,,,
6718,98.506035,,,,,,
6719,97.280663,,,,,,
6720,98.008751,,,,,,
6721,97.837929,,,,,,
6722,97.481125,,,,,,
6723,97.618927,,,,,,
6724,97.850891,,,,,,
6725,97.607681,,,,,,
6726,97.398438,,,,,,
6727,97.789139,,,,,,
6728,97.768272,,,,,,
6729,98.353333,,,,,,
6730,97.515099,,,,,,
6731,97.447647,,,,,,
6732,97.607826,,,,,,
6733,97.174995,,,,,,
6734,98.042305,,,,,,
6735,98.287094,,,,,,
6736,98.004364,,,,,,
6737,98.526833,,,,,,
6738,97.808807,,,,,,
6739,97.654572,,,,,,
6740,97.656563,,,,,,
6741,98.649933,,,,,,
6742,98.403458,,,,,,
6743,97.077400,,,,,,
6744,97.815125,,,,,,
6745,97.960411,,,,,,
6746,97.877930,,,,,,
6747,97.473656,,,,,,
6748,98.448105,,,,,,
6749,98.081505,,,,,,
6750,97.411644,,,,,,
6751,97.441132,,,,,,
6752,98.294312,,,,,,
6753,98.509834,,,,,,
6754,98.245506,,,,,,
6755,97.030037,,,,,,
6756,97.737671,,,,,,
6757,97.894096,,,,,,
6758,98.062897,,,,,,
6759,98.079857,,,,,,
6760,97.843002,,,,,,
6761,97.879295,,,,,,
6762,98.062485,,,,,,
6763,98.176056,,,,,,
6764,97.978798,,,,,,
6765,97.270943,,,,,,
6766,96.994926,,,,,,
6767,98.258980,,,,,,
6768,98.594856,,,,,,
6769,97.553337,,,,,,
6770,98.450928,,,,,,
6771,97.381134,,,,,,
6772,98.118126,,,,,,
6773,98.061478,,,,,,
6774,97.408188,,,,,,
6775,98.142166,,,,,,
6776,97.470802,,,,,,
6777,97.785500,,,,,,
6778,97.293198,,,,,,
6779,97.056511,,,,,,
6780,97.622627,,,,,,
6781,97.888176,,,,,,
6782,97.539551,,,,,,
6783,97.716682,,,,,,
6784,98.123756,,,,,,
6785,97.869659,,,,,,
6786,97.364174,,,,,,
6787,97.725693,,,,,,
6788,98.121574,,,,,,
6789,97.916321,,,,,,
6790,97.700752,,,,,,
6791,97.772423,,,,,,
6792,97.581093,,,,,,
6793,98.271683,,,,,,
6794,98.426788,,,,,,
6795,98.336456,,,,,,
6796,97.174026,,,,,,
6797,97.957130,,,,,,
6798,97.904373,,,,,,
6800,,77.400000,0.124518,,,,
6800,97.501015,,,,,,
6801,97.200027,,,,,,
6802,98.114380,,,,,,
6803,98.312355,,,,,,
6804,96.841278,,,,,,
6805,98.467148,,,,,,
6806,97.742699,,,,,,
6807,98.286148,,,,,,
6808,97.276527,,,,,,
6809,98.423630,,,,,,
6810,97.796852,,,,,,
6811,97.419495,,,,,,
6812,97.742332,,,,,,
6813,97.216980,,,,,,
6814,97.950073,,,,,,
6815,97.740166,,,,,,
6816,97.787361,,,,,,
6817,98.417061,,,,,,
6818,97.162590,,,,,,
6819,97.806488,,,,,,
6820,98.104050,,,,,,
6821,98.178879,,,,,,
6822,98.758827,,,,,,
6823,97.420410,,,,,,
6824,97.712219,,,,,,
6825,97.767708,,,,,,
6826,98.126053,,,,,,
6827,98.151199,,,,,,
6828,97.611359,,,,,,
6829,97.997627,,,,,,
6830,96.695656,,,,,,
6831,98.104973,,,,,,
6832,98.368919,,,,,,
6833,98.024239,,,,,,
6834,97.839851,,,,,,
6835,97.953949,,,,,,
6836,97.382713,,,,,,
6837,97.047264,,,,,,
6838,98.432899,,,,,,
6839,98.470444,,,,,,
6840,97.629631,,,,,,
6841,98.175201,,,,,,
6842,97.977814,,,,,,
6843,97.669945,,,,,,
6844,97.527733,,,,,,
6845,97.576675,,,,,,
6846,97.923721,,,,,,
6847,98.495857,,,,,,
6848,97.842262,,,,,,
6849,97.349174,,,,,,
6850,97.690224,,,,,,
6851,97.970245,,,,,,
6852,98.103531,,,,,,
6853,97.321045,,,,,,
6854,97.963455,,,,,,
6855,96.839104,,,,,,
6856,98.659348,,,,,,
6857,98.078766,,,,,,
6858,97.416611,,,,,,
6859,97.351433,,,,,,
6860,97.857544,,,,,,
6861,96.969742,,,,,,
6862,97.556541,,,,,,
6863,97.738594,,,,,,
6864,97.728317,,,,,,
6865,97.047302,,,,,,
6866,97.006554,,,,,,
6867,98.247688,,,,,,
6868,97.958435,,,,,,
6869,98.164108,,,,,,
6870,98.197403,,,,,,
6871,98.095192,,,,,,
6872,98.514412,,,,,,
6873,97.857277,,,,,,
6874,98.610321,,,,,,
6875,97.879646,,,,,,
6876,98.452621,,,,,,
6877,98.295769,,,,,,
6878,98.102272,,,,,,
6879,97.283394,,,,,,
6880,98.401199,,,,,,
6881,98.226875,,,,,,
6882,98.452362,,,,,,
6883,97.956238,,,,,,
6884,97.966995,,,,,,
6885,98.002716,,,,,,
6886,98.114845,,,,,,
6887,98.061256,,,,,,
6888,98.386871,,,,,,
6889,97.334869,,,,,,
6890,97.667442,,,,,,
6891,97.934822,,,,,,
6892,97.870682,,,,,,
6893,98.138657,,,,,,
6894,97.825050,,,,,,
6895,97.977669,,,,,,
6896,98.324524,,,,,,
6897,98.621819,,,,,,
6898,97.923660,,,,,,
6899,97.900391,,,,,,
6900,97.396172,,,,,,
6901,97.647408,,,,,,
6902,97.554100,,,,,,
6903,97.649796,,,,,,
6904,98.605881,,,,,,
6905,98.282211,,,,,,
6906,98.093834,,,,,,
6907,97.854034,,,,,,
6908,98.365639,,,,,,
6909,94.844513,,,,,,
6910,98.229431,,,,,,
6911,97.293266,,,,,,
6912,97.799629,,,,,,
6913,98.064919,,,,,,
6914,97.768013,,,,,,
6915,98.645241,,,,,,
6916,97.385849,,,,,,
6917,98.419930,,,,,,
6918,97.896248,,,,,,
6919,98.079803,,,,,,
6920,97.483704,,,,,,
6921,98.204079,,,,,,
6922,97.846756,,,,,,
6923,98.327888,,,,,,
6924,97.633881,,,,,,
6925,97.842972,,,,,,
6926,97.061150,,,,,,
6927,98.426254,,,,,,
6928,97.381371,,,,,,
6929,98.286606,,,,,,
6930,98.455353,,,,,,
6931,96.673729,,,,,,
6932,97.373581,,,,,,
6933,98.297569,,,,,,
6934,97.489479,,,,,,
6935,98.446075,,,,,,
6936,97.485451,,,,,,
6937,97.239738,,,,,,
6938,98.286766,,,,,,
6939,98.007652,,,,,,
6940,97.701920,,,,,,
6941,97.713768,,,,,,
6942,97.960892,,,,,,
6943,97.743675,,,,,,
6944,97.385925,,,,,,
6945,97.551819,,,,,,
6946,98.070190,,,,,,
6947,97.035316,,,,,,
6948,98.351288,,,,,,
6949,97.017372,,,,,,
6950,97.039871,,,,,,
6951,98.386353,,,,,,
6952,97.998024,,,,,,
6953,98.046478,,,,,,
6954,98.259247,,,,,,
6955,97.796707,,,,,,
6956,97.959427,,,,,,
6957,97.710884,,,,,,
6958,97.903992,,,,,,
6959,97.835190,,,,,,
6960,97.595764,,,,,,
6961,97.988098,,,,,,
6962,97.607552,,,,,,
6963,97.569435,,,,,,
6964,98.288963,,,,,,
6965,98.261879,,,,,,
6966,97.641930,,,,,,
6967,97.828979,,,,,,
6968,97.319389,,,,,,
6969,97.167923,,,,,,
6970,98.118652,,,,,,
6971,97.571106,,,,,,
6972,97.875526,,,,,,
6973,98.242889,,,,,,
6974,98.428619,,,,,,
6975,97.681023,,,,,,
6976,97.559456,,,,,,
6977,97.954414,,,,,,
6978,98.453407,,,,,,
6979,97.367661,,,,,,
6980,97.006721,,,,,,
6981,98.260056,,,,,,
6982,97.304466,,,,,,
6983,97.187027,,,,,,
6984,98.098701,,,,,,
6985,97.892365,,,,,,
6986,97.231804,,,,,,
6987,98.183456,,,,,,
6988,98.058151,,,,,,
6989,98.094604,,,,,,
6990,98.279167,,,,,,
6991,98.453331,,,,,,
6992,97.507072,,,,,,
6993,98.222748,,,,,,
6994,97.409271,,,,,,
6995,97.693008,,,,,,
6996,97.565155,,,,,,
6997,97.324081,,,,,,
6998,97.356178,,,,,,
7000,,77.480000,0.117308,,,,
7000,97.160172,,,,,,
7001,96.943138,,,,,,
7002,98.436096,,,,,,
7003,97.418922,,,,,,
7004,98.055222,,,,,,
7005,97.445732,,,,,,
7006,98.473404,,,,,,
7007,97.986572,,,,,,
7008,97.603241,,,,,,
7009,97.586929,,,,,,
7010,97.916794,,,,,,
7011,97.227943,,,,,,
7012,97.683632,,,,,,
7013,97.496536,,,,,,
7014,97.684471,,,,,,
7015,97.762886,,,,,,
7016,98.626152,,,,,,
7017,97.208313,,,,,,
7018,98.060875,,,,,,
7019,97.672806,,,,,,
7020,98.066307,,,,,,
7021,98.389885,,,,,,
7022,98.731033,,,,,,
7023,97.927177,,,,,,
7024,97.858101,,,,,,
7025,97.634598,,,,,,
7026,96.820908,,,,,,
7027,98.504326,,,,,,
7028,98.369659,,,,,,
7029,98.345490,,,,,,
7030,98.031029,,,,,,
7031,97.649353,,,,,,
7032,98.657715,,,,,,
7033,97.924133,,,,,,
7034,97.866470,,,,,,
7035,98.485977,,,,,,
7036,97.598396,,,,,,
7037,97.809273,,,,,,
7038,97.962883,,,,,,
7039,97.664757,,,,,,
7040,98.845238,,,,,,
7041,98.063812,,,,,,
7042,97.227806,,,,,,
7043,97.725784,,,,,,
7044,97.635002,,,,,,
7045,97.808136,,,,,,
7046,95.901764,,,,,,
7047,97.511459,,,,,,
7048,97.489914,,,,,,
7049,98.070885,,,,,,
7050,98.744400,,,,,,
7051,97.570679,,,,,,
7052,98.117661,,,,,,
7053,97.407944,,,,,,
7054,98.461136,,,,,,
7055,98.018173,,,,,,
7056,98.485970,,,,,,
7057,97.843353,,,,,,
7058,98.010635,,,,,,
7059,98.658043,,,,,,
7060,97.394188,,,,,,
7061,97.858070,,,,,,
7062,97.510475,,,,,,
7063,98.633400,,,,,,
7064,98.386398,,,,,,
7065,97.657791,,,,,,
7066,97.544235,,,,,,
7067,97.622093,,,,,,
7068,98.388596,,,,,,
7069,98.615128,,,,,,
7070,98.027344,,,,,,
7071,97.738197,,,,,,
7072,98.231384,,,,,,
7073,98.304619,,,,,,
7074,96.874855,,,,,,
7075,97.812943,,,,,,
7076,97.619659,,,,,,
7077,97.266174,,,,,,
7078,97.953217,,,,,,
7079,98.010750,,,,,,
7080,98.009354,,,,,,
7081,96.525101,,,,,,
7082,98.155998,,,,,,
7083,97.573303,,,,,,
7084,98.289520,,,,,,
7085,98.005096,,,,,,
7086,97.859764,,,,,,
7087,98.054375,,,,,,
7088,97.109818,,,,,,
7089,98.397270,,,,,,
7090,97.997986,,,,,,
7091,98.177742,,,,,,
7092,97.929321,,,,,,
7093,98.124428,,,,,,
7094,97.521355,,,,,,
7095,97.685226,,,,,,
7096,98.072296,,,,,,
7097,97.896896,,,,,,
7098,98.418930,,,,,,
7099,98.381042,,,,,,
7100,98.514923,,,,,,
7101,97.328148,,,,,,
7102,98.261215,,,,,,
7103,98.153160,,,,,,
7104,98.570213,,,,,,
7105,97.216255,,,,,,
7106,97.821205,,,,,,
7107,98.357391,,,,,,
7108,98.469650,,,,,,
7109,97.851295,,,,,,
7110,97.160362,,,,,,
7111,98.429893,,,,,,
7112,98.580132,,,,,,
7113,98.472130,,,,,,
7114,98.545692,,,,,,
7115,98.053810,,,,,,
7116,97.650085,,,,,,
7117,98.361633,,,,,,
7118,98.339043,,,,,,
7119,97.865181,,,,,,
7120,98.223679,,,,,,
7121,96.602921,,,,,,
7122,97.940727,,,,,,
7123,98.099045,,,,,,
7124,98.024406,,,,,,
7125,98.373840,,,,,,
7126,97.775146,,,,,,
7127,97.833199,,,,,,
7128,98.292686,,,,,,
7129,98.018806,,,,,,
7130,97.180725,,,,,,
7131,98.140678,,,,,,
7132,98.326210,,,,,,
7133,98.091988,,,,,,
7134,97.818047,,,,,,
7135,97.771980,,,,,,
7136,97.590096,,,,,,
7137,97.771957,,,,,,
7138,98.489494,,,,,,
7139,98.598793,,,,,,
7140,97.632820,,,,,,
7141,98.220490,,,,,,
7142,97.950386,,,,,,
7143,97.230911,,,,,,
7144,97.175148,,,,,,
7145,97.674866,,,,,,
7146,97.570023,,,,,,
7147,98.683197,,,,,,
7148,98.501991,,,,,,
7149,97.706177,,,,,,
7150,97.633469,,,,,,
7151,98.611122,,,,,,
7152,98.107262,,,,,,
7153,98.115921,,,,,,
7154,98.068024,,,,,,
7155,98.071808,,,,,,
7156,98.224403,,,,,,
7157,98.238350,,,,,,
7158,97.417969,,,,,,
7159,98.491714,,,,,,
7160,98.415771,,,,,,
7161,98.594841,,,,,,
7162,97.554207,,,,,,
7163,98.693275,,,,,,
7164,98.182152,,,,,,
7165,98.448822,,,,,,
7166,97.503113,,,,,,
7167,97.978638,,,,,,
7168,98.187790,,,,,,
7169,98.086517,,,,,,
7170,98.569046,,,,,,
7171,97.587280,,,,,,
7172,97.418472,,,,,,
7173,98.383438,,,,,,
7174,98.678780,,,,,,
7175,98.474899,,,,,,
7176,97.820526,,,,,,
7177,97.685204,,,,,,
7178,97.509933,,,,,,
7179,97.381500,,,,,,
7180,97.938522,,,,,,
7181,98.571434,,,,,,
7182,98.712410,,,,,,
7183,97.624855,,,,,,
7184,98.342361,,,,,,
7185,97.744164,,,,,,
7186,97.837585,,,,,,
7187,97.944839,,,,,,
7188,98.210030,,,,,,
7189,98.531250,,,,,,
7190,98.087555,,,,,,
7191,98.540337,,,,,,
7192,97.945244,,,,,,
7193,97.066635,,,,,,
7194,97.402214,,,,,,
7195,98.621460,,,,,,
7196,98.181549,,,,,,
7197,98.247063,,,,,,
7198,98.220322,,,,,,
7200,,77.710000,0.124344,,,,
7200,97.029541,,,,,,
7201,98.001976,,,,,,
7202,98.330780,,,,,,
7203,98.333931,,,,,,
7204,98.569725,,,,,,
7205,96.900703,,,,,,
7206,98.341408,,,,,,
7207,97.648689,,,,,,
7208,97.947517,,,,,,
7209,96.201248,,,,,,
7210,97.950974,,,,,,
7211,98.137253,,,,,,
7212,96.948662,,,,,,
7213,98.174088,,,,,,
7214,97.391899,,,,,,
7215,98.056335,,,,,,
7216,98.153458,,,,,,
7217,97.283958,,,,,,
7218,98.152069,,,,,,
7219,97.987770,,,,,,
7220,97.982246,,,,,,
7221,97.771278,,,,,,
7222,97.647125,,,,,,
7223,97.938278,,,,,,
7224,98.424065,,,,,,
7225,97.692314,,,,,,
7226,97.641792,,,,,,
7227,97.648613,,,,,,
7228,98.104393,,,,,,
7229,97.721550,,,,,,
7230,97.766220,,,,,,
7231,98.114998,,,,,,
7232,98.444664,,,,,,
7233,98.554878,,,,,,
7234,98.225586,,,,,,
7235,98.278641,,,,,,
7236,98.277069,,,,,,
7237,97.890511,,,,,,
7238,98.001167,,,,,,
7239,98.138527,,,,,,
7240,98.360245,,,,,,
7241,98.002693,,,,,,
7242,98.005386,,,,,,
7243,98.410828,,,,,,
7244,98.578133,,,,,,
7245,97.043159,,,,,,
7246,98.493645,,,,,,
7247,97.704803,,,,,,
7248,98.495903,,,,,,
7249,97.382439,,,,,,
7250,98.037552,,,,,,
7251,97.237633,,,,,,
7252,98.157951,,,,,,
7253,97.259476,,,,,,
7254,98.015198,,,,,,
7255,98.459435,,,,,,
7256,98.199341,,,,,,
7257,97.585052,,,,,,
7258,98.133430,,,,,,
7259,97.722641,,,,,,
7260,97.652351,,,,,,
7261,98.130234,,,,,,
7262,97.570610,,,,,,
7263,97.942314,,,,,,
7264,98.607422,,,,,,
7265,97.477074,,,,,,
7266,98.403976,,,,,,
7267,97.998177,,,,,,
7268,98.139465,,,,,,
7269,98.084267,,,,,,
7270,97.611977,,,,,,
7271,98.283165,,,,,,
7272,97.464104,,,,,,
7273,97.596512,,,,,,
7274,98.185486,,,,,,
7275,98.269394,,,,,,
7276,97.886627,,,,,,
7277,98.067093,,,,,,
7278,98.133636,,,,,,
7279,98.071846,,,,,,
7280,97.872993,,,,,,
7281,98.718094,,,,,,
7282,98.110870,,,,,,
7283,98.033379,,,,,,
7284,98.311279,,,,,,
7285,97.886497,,,,,,
7286,98.006348,,,,,,
7287,98.063293,,,,,,
7288,98.755127,,,,,,
7289,97.403221,,,,,,
7290,98.011864,,,,,,
7291,97.459984,,,,,,
7292,97.913773,,,,,,
7293,98.255432,,,,,,
7294,98.125305,,,,,,
7295,97.807251,,,,,,
7296,98.424858,,,,,,
7297,98.199326,,,,,,
7298,97.780151,,,,,,
7299,98.846642,,,,,,
7300,98.179115,,,,,,
7301,97.748436,,,,,,
7302,97.551064,,,,,,
7303,98.258095,,,,,,
7304,97.549614,,,,,,
7305,97.634514,,,,,,
7306,98.405205,,,,,,
7307,97.020012,,,,,,
7308,98.197319,,,,,,
7309,97.801933,,,,,,
7310,98.252953,,,,,,
7311,97.169029,,,,,,
7312,97.938332,,,,,,
7313,98.169395,,,,,,
7314,97.028152,,,,,,
7315,98.395111,,,,,,
7316,98.343765,,,,,,
7317,97.884705,,,,,,
7318,98.144188,,,,,,
7319,97.763573,,,,,,
7320,98.565376,,,,,,
7321,97.699394,,,,,,
7322,98.400772,,,,,,
7323,98.032715,,,,,,
7324,98.478058,,,,,,
7325,97.163811,,,,,,
7326,97.770195,,,,,,
7327,98.431526,,,,,,
7328,98.319435,,,,,,
7329,97.534927,,,,,,
7330,98.118988,,,,,,
7331,98.011894,,,,,,
7332,98.354309,,,,,,
7333,98.286438,,,,,,
7334,98.149734,,,,,,
7335,98.438156,,,,,,
7336,98.265907,,,,,,
7337,98.456490,,,,,,
7338,98.000313,,,,,,
7339,97.926338,,,,,,
7340,97.950226,,,,,,
7341,98.261200,,,,,,
7342,97.574150,,,,,,
7343,98.120094,,,,,,
7344,97.694313,,,,,,
7345,97.643448,,,,,,
7346,97.388283,,,,,,
7347,97.565361,,,,,,
7348,97.655540,,,,,,
7349,97.913071,,,,,,
7350,98.650940,,,,,,
7351,97.998451,,,,,,
7352,97.458023,,,,,,
7353,98.430466,,,,,,
7354,97.859787,,,,,,
7355,98.382439,,,,,,
7356,98.052681,,,,,,
7357,98.187759,,,,,,
7358,96.757957,,,,,,
7359,97.720726,,,,,,
7360,98.335999,,,,,,
7361,97.992096,,,,,,
7362,98.149780,,,,,,
7363,98.149574,,,,,,
7364,98.204201,,,,,,
7365,97.947006,,,,,,
7366,98.384827,,,,,,
7367,97.633049,,,,,,
7368,98.063919,,,,,,
7369,97.483131,,,,,,
7370,98.096184,,,,,,
7371,97.650291,,,,,,
7372,97.456520,,,,,,
7373,98.682198,,,,,,
7374,98.241943,,,,,,
7375,97.980995,,,,,,
7376,97.739098,,,,,,
7377,97.933456,,,,,,
7378,98.104355,,,,,,
7379,98.384544,,,,,,
7380,98.220284,,,,,,
7381,98.316391,,,,,,
7382,98.617508,,,,,,
7383,97.619148,,,,,,
7384,97.977989,,,,,,
7385,97.151558,,,,,,
7386,98.001251,,,,,,
7387,98.170570,,,,,,
7388,98.654861,,,,,,
7389,98.326149,,,,,,
7390,96.867958,,,,,,
7391,97.892860,,,,,,
7392,98.242050,,,,,,
7393,98.681740,,,,,,
7394,97.463928,,,,,,
7395,97.715668,,,,,,
7396,97.670166,,,,,,
7397,98.173859,,,,,,
7398,97.379478,,,,,,
7400,,77.730000,0.122280,,,,
7400,98.108276,,,,,,
7401,97.974937,,,,,,
7402,97.786179,,,,,,
7403,98.200043,,,,,,
7404,97.758713,,,,,,
7405,97.287384,,,,,,
7406,97.500923,,,,,,
7407,98.424210,,,,,,
7408,98.556961,,,,,,
7409,97.495056,,,,,,
7410,98.131897,,,,,,
7411,97.860428,,,,,,
7412,98.440399,,,,,,
7413,98.347733,,,,,,
7414,98.335426,,,,,,
7415,98.374199,,,,,,
7416,97.590508,,,,,,
7417,97.647758,,,,,,
7418,98.418198,,,,,,
7419,98.339340,,,,,,
7420,98.507500,,,,,,
7421,97.991859,,,,,,
7422,97.934395,,,,,,
7423,97.189720,,,,,,
7424,98.013641,,,,,,
7425,97.581589,,,,,,
7426,98.280006,,,,,,
7427,98.312645,,,,,,
7428,97.795906,,,,,,
7429,97.482925,,,,,,
7430,98.421021,,,,,,
7431,98.275154,,,,,,
7432,97.305504,,,,,,
7433,97.634995,,,,,,
7434,98.084366,,,,,,
7435,98.444160,,,,,,
7436,98.449608,,,,,,
7437,97.693581,,,,,,
7438,98.014542,,,,,,
7439,98.102310,,,,,,
7440,97.169395,,,,,,
7441,98.076157,,,,,,
7442,98.076576,,,,,,
7443,97.810524,,,,,,
7444,97.642609,,,,,,
7445,97.563591,,,,,,
7446,97.823723,,,,,,
7447,97.596100,,,,,,
7448,97.113617,,,,,,
7449,98.001839,,,,,,
7450,98.741447,,,,,,
7451,97.921471,,,,,,
7452,97.778259,,,,,,
7453,98.240738,,,,,,
7454,97.440071,,,,,,
7455,97.593483,,,,,,
7456,98.179871,,,,,,
7457,98.004402,,,,,,
7458,98.732140,,,,,,
7459,98.144714,,,,,,
7460,97.716568,,,,,,
7461,97.420929,,,,,,
7462,97.638969,,,,,,
7463,97.935356,,,,,,
7464,98.267189,,,,,,
7465,97.178474,,,,,,
7466,98.236778,,,,,,
7467,98.311966,,,,,,
7468,98.121040,,,,,,
7469,97.591164,,,,,,
7470,98.012108,,,,,,
7471,98.213188,,,,,,
7472,98.373749,,,,,,
7473,98.669060,,,,,,
7474,98.392525,,,,,,
7475,97.434891,,,,,,
7476,97.446365,,,,,,
7477,98.200310,,,,,,
7478,97.905228,,,,,,
7479,98.357185,,,,,,
7480,98.740631,,,,,,
7481,96.606735,,,,,,
7482,97.972198,,,,,,
7483,98.951675,,,,,,
7484,98.209641,,,,,,
7485,97.953972,,,,,,
7486,98.426682,,,,,,
7487,98.102287,,,,,,
7488,98.025726,,,,,,
7489,97.646217,,,,,,
7490,98.692337,,,,,,
7491,98.641731,,,,,,
7492,97.733040,,,,,,
7493,98.165253,,,,,,
7494,97.878380,,,,,,
7495,98.391891,,,,,,
7496,97.378860,,,,,,
7497,97.299011,,,,,,
7498,98.089279,,,,,,
7499,98.029259,,,,,,
7500,98.414146,,,,,,
7501,98.109390,,,,,,
7502,98.195808,,,,,,
7503,97.619827,,,,,,
7504,98.061707,,,,,,
7505,98.065125,,,,,,
7506,98.031258,,,,,,
7507,97.586342,,,,,,
7508,97.998459,,,,,,
7509,97.951942,,,,,,
7510,97.692955,,,,,,
7511,98.036926,,,,,,
7512,98.754547,,,,,,
7513,97.963791,,,,,,
7514,97.937180,,,,,,
7515,97.951401,,,,,,
7516,98.241394,,,,,,
7517,97.843811,,,,,,
7518,97.991249,,,,,,
7519,98.324104,,,,,,
7520,97.789871,,,,,,
7521,98.766747,,,,,,
7522,97.760307,,,,,,
7523,98.558357,,,,,,
7524,97.378479,,,,,,
7525,98.172897,,,,,,
7526,98.623482,,,,,,
7527,97.631668,,,,,,
7528,98.503868,,,,,,
7529,97.319023,,,,,,
7530,98.201874,,,,,,
7531,98.286041,,,,,,
7532,98.629616,,,,,,
7533,98.121918,,,,,,
7534,98.055534,,,,,,
7535,98.005173,,,,,,
7536,98.236420,,,,,,
7537,97.972977,,,,,,
7538,98.424881,,,,,,
7539,98.444359,,,,,,
7540,97.055817,,,,,,
7541,97.505234,,,,,,
7542,97.301003,,,,,,
7543,97.740250,,,,,,
7544,98.353363,,,,,,
7545,97.631996,,,,,,
7546,98.341805,,,,,,
7547,97.857727,,,,,,
7548,98.382080,,,,,,
7549,98.108505,,,,,,
7550,98.253731,,,,,,
7551,98.320404,,,,,,
7552,98.136024,,,,,,
7553,98.402908,,,,,,
7554,97.592079,,,,,,
7555,97.829216,,,,,,
7556,98.829559,,,,,,
7557,97.654884,,,,,,
7558,97.205452,,,,,,
7559,97.851601,,,,,,
7560,97.584709,,,,,,
7561,97.603142,,,,,,
7562,98.247475,,,,,,
7563,98.026581,,,,,,
7564,98.478027,,,,,,
7565,98.085388,,,,,,
7566,98.964508,,,,,,
7567,97.083626,,,,,,
7568,98.055023,,,,,,
7569,97.585709,,,,,,
7570,98.603210,,,,,,
7571,98.057640,,,,,,
7572,97.731369,,,,,,
7573,98.295975,,,,,,
7574,97.335892,,,,,,
7575,98.264549,,,,,,
7576,97.873352,,,,,,
7577,96.890724,,,,,,
7578,97.058174,,,,,,
7579,98.252228,,,,,,
7580,97.920540,,,,,,
7581,98.264107,,,,,,
7582,98.079376,,,,,,
7583,98.526192,,,,,,
7584,98.299759,,,,,,
7585,98.242462,,,,,,
7586,97.916603,,,,,,
7587,98.027199,,,,,,
7588,98.624840,,,,,,
7589,98.081520,,,,,,
7590,97.612251,,,,,,
7591,97.713707,,,,,,
7592,98.364662,,,,,,
7593,97.803741,,,,,,
7594,97.427780,,,,,,
7595,98.239929,,,,,,
7596,98.181969,,,,,,
7597,98.054985,,,,,,
7598,98.563255,,,,,,
7600,,77.840000,0.122007,,,,
7600,98.507698,,,,,,
7601,98.363045,,,,,,
7602,97.860008,,,,,,
7603,98.201637,,,,,,
7604,98.316330,,,,,,
7605,97.526901,,,,,,
7606,96.976219,,,,,,
7607,98.396385,,,,,,
7608,97.693939,,,,,,
7609,98.452576,,,,,,
7610,97.065002,,,,,,
7611,98.059013,,,,,,
7612,98.063103,,,,,,
7613,97.443176,,,,,,
7614,97.978531,,,,,,
7615,97.923492,,,,,,
7616,97.489471,,,,,,
7617,98.368324,,,,,,
7618,98.513611,,,,,,
7619,97.727234,,,,,,
7620,97.223351,,,,,,
7621,97.799553,,,,,,
7622,97.469261,,,,,,
7623,97.884087,,,,,,
7624,97.703506,,,,,,
7625,97.928116,,,,,,
7626,98.033890,,,,,,
7627,97.820847,,,,,,
7628,98.003456,,,,,,
7629,98.143272,,,,,,
7630,97.795822,,,,,,
7631,98.236786,,,,,,
7632,98.558960,,,,,,
7633,97.890259,,,,,,
7634,98.723816,,,,,,
7635,97.126862,,,,,,
7636,98.155853,,,,,,
7637,97.590523,,,,,,
7638,97.048523,,,,,,
7639,98.207260,,,,,,
7640,97.669807,,,,,,
7641,98.381500,,,,,,
7642,98.636429,,,,,,
7643,98.020561,,,,,,
7644,98.505127,,,,,,
7645,97.595543,,,,,,
7646,98.750107,,,,,,
7647,97.225128,,,,,,
7648,97.674469,,,,,,
7649,97.868576,,,,,,
7650,98.187462,,,,,,
7651,98.183502,,,,,,
7652,97.884354,,,,,,
7653,98.169823,,,,,,
7654,98.645332,,,,,,
7655,98.443909,,,,,,
7656,97.996109,,,,,,
7657,97.855774,,,,,,
7658,98.307610,,,,,,
7659,98.372467,,,,,,
7660,98.753792,,,,,,
7661,98.256920,,,,,,
7662,97.629921,,,,,,
7663,98.145836,,,,,,
7664,98.336372,,,,,,
7665,97.777023,,,,,,
7666,97.436607,,,,,,
7667,98.024445,,,,,,
7668,97.858521,,,,,,
7669,98.352127,,,,,,
7670,97.369759,,,,,,
7671,98.497169,,,,,,
7672,98.115463,,,,,,
7673,97.980667,,,,,,
7674,97.655136,,,,,,
7675,97.518234,,,,,,
7676,97.222519,,,,,,
7677,98.194763,,,,,,
7678,98.751633,,,,,,
7679,97.784256,,,,,,
7680,98.544113,,,,,,
7681,97.988373,,,,,,
7682,97.255356,,,,,,
7683,98.172676,,,,,,
7684,98.417236,,,,,,
7685,97.995796,,,,,,
7686,97.522354,,,,,,
7687,97.983261,,,,,,
7688,98.474586,,,,,,
7689,98.287956,,,,,,
7690,97.286240,,,,,,
7691,97.668907,,,,,,
7692,98.168663,,,,,,
7693,98.754784,,,,,,
7694,97.480782,,,,,,
7695,98.538620,,,,,,
7696,98.432205,,,,,,
7697,98.621170,,,,,,
7698,98.441803,,,,,,
7699,98.037064,,,,,,
7700,98.316780,,,,,,
7701,96.759300,,,,,,
7702,97.726822,,,,,,
7703,97.961075,,,,,,
7704,98.203560,,,,,,
7705,97.933022,,,,,,
7706,97.933044,,,,,,
7707,98.076530,,,,,,
7708,97.394005,,,,,,
7709,98.181000,,,,,,
7710,97.946182,,,,,,
7711,97.219360,,,,,,
7712,98.321907,,,,,,
7713,98.475090,,,,,,
7714,98.333412,,,,,,
7715,97.685410,,,,,,
7716,98.097160,,,,,,
7717,97.987823,,,,,,
7718,98.469772,,,,,,
7719,98.731171,,,,,,
7720,97.793961,,,,,,
7721,98.378983,,,,,,
7722,98.178604,,,,,,
7723,97.117546,,,,,,
7724,97.600647,,,,,,
7725,97.550629,,,,,,
7726,98.046890,,,,,,
7727,98.066681,,,,,,
7728,98.789772,,,,,,
7729,97.617538,,,,,,
7730,97.710464,,,,,,
7731,98.014366,,,,,,
7732,98.287697,,,,,,
7733,98.377480,,,,,,
7734,97.659988,,,,,,
7735,98.618668,,,,,,
7736,98.463852,,,,,,
7737,97.532249,,,,,,
7738,97.977547,,,,,,
7739,97.835526,,,,,,
7740,98.718117,,,,,,
7741,98.409721,,,,,,
7742,98.757347,,,,,,
7743,97.132820,,,,,,
7744,97.946648,,,,,,
7745,98.198334,,,,,,
7746,98.271667,,,,,,
7747,97.949837,,,,,,
7748,98.090477,,,,,,
7749,97.330421,,,,,,
7750,98.240799,,,,,,
7751,98.281242,,,,,,
7752,98.320183,,,,,,
7753,97.570351,,,,,,
7754,98.577538,,,,,,
7755,98.050674,,,,,,
7756,98.277863,,,,,,
7757,98.401367,,,,,,
7758,98.510628,,,,,,
7759,98.394836,,,,,,
7760,98.316826,,,,,,
7761,98.239990,,,,,,
7762,97.919556,,,,,,
7763,97.025436,,,,,,
7764,97.545952,,,,,,
7765,97.513092,,,,,,
7766,97.840508,,,,,,
7767,98.549545,,,,,,
7768,98.311668,,,,,,
7769,97.864388,,,,,,
7770,98.092590,,,,,,
7771,96.928993,,,,,,
7772,97.648064,,,,,,
7773,98.589867,,,,,,
7774,98.515823,,,,,,
7775,98.102287,,,,,,
7776,97.080170,,,,,,
7777,97.424973,,,,,,
7778,98.406693,,,,,,
7779,98.410751,,,,,,
7780,97.863625,,,,,,
7781,97.881119,,,,,,
7782,97.838570,,,,,,
7783,98.081619,,,,,,
7784,98.360374,,,,,,
7785,97.271935,,,,,,
7786,97.815453,,,,,,
7787,98.375900,,,,,,
7788,97.908150,,,,,,
7789,97.592751,,,,,,
7790,97.877495,,,,,,
7791,97.730339,,,,,,
7792,98.222488,,,,,,
7793,98.186691,,,,,,
7794,97.957420,,,,,,
7795,97.219246,,,,,,
7796,98.589272,,,,,,
7797,98.260361,,,,,,
7798,97.883743,,,,,,
7800,,77.180000,0.120269,,,,
7800,97.757263,,,,,,
7801,98.487106,,,,,,
7802,98.074799,,,,,,
7803,98.145012,,,,,,
7804,98.007545,,,,,,
7805,98.847588,,,,,,
7806,98.373444,,,,,,
7807,98.377350,,,,,,
7808,98.693466,,,,,,
7809,97.629776,,,,,,
7810,97.928108,,,,,,
7811,98.197762,,,,,,
7812,98.080704,,,,,,
7813,98.087082,,,,,,
7814,97.733177,,,,,,
7815,97.938171,,,,,,
7816,97.841225,,,,,,
7817,98.474968,,,,,,
7818,98.011307,,,,,,
7819,97.665558,,,,,,
7820,98.365761,,,,,,
7821,97.663582,,,,,,
7822,98.022461,,,,,,
7823,97.857834,,,,,,
7824,97.465530,,,,,,
7825,98.286209,,,,,,
7826,97.686035,,,,,,
7827,98.778839,,,,,,
7828,98.235641,,,,,,
7829,98.154388,,,,,,
7830,96.911995,,,,,,
7831,97.306923,,,,,,
7832,98.376648,,,,,,
7833,98.292747,,,,,,
7834,97.320084,,,,,,
7835,97.866844,,,,,,
7836,97.889236,,,,,,
7837,98.357178,,,,,,
7838,98.630997,,,,,,
7839,98.133064,,,,,,
7840,97.637581,,,,,,
7841,98.349754,,,,,,
7842,97.992043,,,,,,
7843,98.638092,,,,,,
7844,98.461746,,,,,,
7845,98.150192,,,,,,
7846,97.883339,,,,,,
7847,97.753624,,,,,,
7848,97.499985,,,,,,
7849,98.249748,,,,,,
7850,98.547562,,,,,,
7851,97.832390,,,,,,
7852,97.329071,,,,,,
7853,97.458275,,,,,,
7854,98.063026,,,,,,
7855,97.523880,,,,,,
7856,97.865715,,,,,,
7857,97.835213,,,,,,
7858,97.263695,,,,,,
7859,97.473511,,,,,,
7860,98.351166,,,,,,
7861,98.300888,,,,,,
7862,98.596420,,,,,,
7863,97.426918,,,,,,
7864,98.608337,,,,,,
7865,98.312134,,,,,,
7866,97.194588,,,,,,
7867,98.453720,,,,,,
7868,97.648613,,,,,,
7869,97.448685,,,,,,
7870,97.980209,,,,,,
7871,97.533379,,,,,,
7872,98.300331,,,,,,
7873,98.506958,,,,,,
7874,97.637154,,,,,,
7875,98.009315,,,,,,
7876,98.055801,,,,,,
7877,98.747124,,,,,,
7878,98.851768,,,,,,
7879,97.955597,,,,,,
7880,98.511147,,,,,,
7881,98.266487,,,,,,
7882,97.805771,,,,,,
7883,97.554802,,,,,,
7884,98.282074,,,,,,
7885,98.295609,,,,,,
7886,97.742775,,,,,,
7887,97.576668,,,,,,
7888,98.173149,,,,,,
7889,97.757126,,,,,,
7890,97.583061,,,,,,
7891,98.442253,,,,,,
7892,98.695709,,,,,,
7893,97.840698,,,,,,
7894,98.358383,,,,,,
7895,98.483727,,,,,,
7896,98.509399,,,,,,
7897,97.514244,,,,,,
7898,97.742134,,,,,,
7899,98.398384,,,,,,
7900,97.657501,,,,,,
7901,98.076881,,,,,,
7902,98.168015,,,,,,
7903,97.745483,,,,,,
7904,97.793198,,,,,,
7905,98.863098,,,,,,
7906,98.040695,,,,,,
7907,98.204529,,,,,,
7908,98.354332,,,,,,
7909,98.765656,,,,,,
7910,98.422531,,,,,,
7911,98.198959,,,,,,
7912,97.965477,,,,,,
7913,97.992943,,,,,,
7914,97.172539,,,,,,
7915,97.531487,,,,,,
7916,97.947060,,,,,,
7917,98.375854,,,,,,
7918,98.393410,,,,,,
7919,97.467896,,,,,,
7920,98.311951,,,,,,
7921,98.059097,,,,,,
7922,98.468361,,,,,,
7923,98.451294,,,,,,
7924,97.887329,,,,,,
7925,98.238884,,,,,,
7926,98.431290,,,,,,
7927,98.202271,,,,,,
7928,98.513107,,,,,,
7929,98.298531,,,,,,
7930,97.930992,,,,,,
7931,98.083420,,,,,,
7932,98.187431,,,,,,
7933,98.765854,,,,,,
7934,97.726143,,,,,,
7935,97.502747,,,,,,
7936,98.627396,,,,,,
7937,97.944328,,,,,,
7938,97.413002,,,,,,
7939,97.723083,,,,,,
7940,97.335327,,,,,,
7941,98.240089,,,,,,
7942,97.579384,,,,,,
7943,97.818451,,,,,,
7944,97.521103,,,,,,
7945,97.823830,,,,,,
7946,98.644829,,,,,,
7947,98.078011,,,,,,
7948,98.621780,,,,,,
7949,98.378098,,,,,,
7950,98.547150,,,,,,
7951,97.474922,,,,,,
7952,97.612556,,,,,,
7953,98.267586,,,,,,
7954,98.008141,,,,,,
7955,97.730026,,,,,,
7956,98.112267,,,,,,
7957,97.847008,,,,,,
7958,98.757416,,,,,,
7959,98.459984,,,,,,
7960,97.920837,,,,,,
7961,98.061760,,,,,,
7962,97.627586,,,,,,
7963,98.226074,,,,,,
7964,98.217819,,,,,,
7965,97.854538,,,,,,
7966,98.134392,,,,,,
7967,98.305649,,,,,,
7968,98.313011,,,,,,
7969,97.718079,,,,,,
7970,98.492599,,,,,,
7971,98.219528,,,,,,
7972,97.749619,,,,,,
7973,97.817413,,,,,,
7974,98.223976,,,,,,
7975,97.976768,,,,,,
7976,98.609276,,,,,,
7977,98.408531,,,,,,
7978,98.467018,,,,,,
7979,98.106476,,,,,,
7980,97.342407,,,,,,
7981,97.756721,,,,,,
7982,97.515495,,,,,,
7983,97.377373,,,,,,
7984,97.978966,,,,,,
7985,97.978149,,,,,,
7986,98.061302,,,,,,
7987,98.070236,,,,,,
7988,97.812683,,,,,,
7989,98.258293,,,,,,
7990,98.107391,,,,,,
7991,98.206764,,,,,,
7992,97.127594,,,,,,
7993,98.440788,,,,,,
7994,98.187798,,,,,,
7995,97.703972,,,,,,
7996,98.502014,,,,,,
7997,98.275513,,,,,,
7998,97.095490,,,,,,
8000,,77.860000,0.120977,,,,
8000,98.389603,,,,,,
8001,98.632187,,,,,,
8002,98.054001,,,,,,
8003,97.891884,,,,,,
8004,98.789291,,,,,,
8005,97.437332,,,,,,
8006,97.842949,,,,,,
8007,98.229004,,,,,,
8008,98.173340,,,,,,
8009,98.340279,,,,,,
8010,97.973518,,,,,,
8011,97.420555,,,,,,
8012,98.222282,,,,,,
8013,98.479538,,,,,,
8014,98.034042,,,,,,
8015,97.959175,,,,,,
8016,98.109222,,,,,,
8017,97.839180,,,,,,
8018,98.383034,,,,,,
8019,98.584755,,,,,,
8020,98.088379,,,,,,
8021,97.434471,,,,,,
8022,98.244492,,,,,,
8023,98.484848,,,,,,
8024,97.998383,,,,,,
8025,97.792442,,,,,,
8026,98.426430,,,,,,
8027,98.614822,,,,,,
8028,98.257011,,,,,,
8029,98.197647,,,,,,
8030,97.705505,,,,,,
8031,97.170677,,,,,,
8032,98.254356,,,,,,
8033,98.242584,,,,,,
8034,97.715172,,,,,,
8035,97.808891,,,,,,
8036,98.061081,,,,,,
8037,97.717964,,,,,,
8038,98.085785,,,,,,
8039,98.042152,,,,,,
8040,97.710098,,,,,,
8041,97.454582,,,,,,
8042,98.355316,,,,,,
8043,98.467163,,,,,,
8044,98.060074,,,,,,
8045,97.762566,,,,,,
8046,97.479233,,,,,,
8047,98.175621,,,,,,
8048,98.330696,,,,,,
8049,98.109894,,,,,,
8050,97.853813,,,,,,
8051,98.071564,,,,,,
8052,97.374580,,,,,,
8053,98.496796,,,,,,
8054,97.741135,,,,,,
8055,97.484459,,,,,,
8056,98.043434,,,,,,
8057,98.005440,,,,,,
8058,97.607597,,,,,,
8059,97.791191,,,,,,
8060,97.136284,,,,,,
8061,97.826469,,,,,,
8062,98.076385,,,,,,
8063,97.599152,,,,,,
8064,98.055481,,,,,,
8065,98.072800,,,,,,
8066,98.476929,,,,,,
8067,98.348801,,,,,,
8068,97.418373,,,,,,
8069,97.957062,,,,,,
8070,98.039886,,,,,,
8071,98.440445,,,,,,
8072,98.347115,,,,,,
8073,98.079803,,,,,,
8074,98.519661,,,,,,
8075,98.361938,,,,,,
8076,98.535667,,,,,,
8077,98.566872,,,,,,
8078,98.396179,,,,,,
8079,98.602394,,,,,,
8080,97.459175,,,,,,
8081,97.957573,,,,,,
8082,98.478859,,,,,,
8083,98.606651,,,,,,
8084,97.778313,,,,,,
8085,98.765396,,,,,,
8086,98.392914,,,,,,
8087,97.709702,,,,,,
8088,97.866882,,,,,,
8089,98.156410,,,,,,
8090,98.095245,,,,,,
8091,97.328583,,,,,,
8092,98.090813,,,,,,
8093,97.776779,,,,,,
8094,98.641617,,,,,,
8095,98.101318,,,,,,
8096,98.046738,,,,,,
8097,98.796028,,,,,,
8098,98.344795,,,,,,
8099,97.922707,,,,,,
8100,98.110519,,,,,,
8101,98.706436,,,,,,
8102,97.896217,,,,,,
8103,98.044083,,,,,,
8104,98.112061,,,,,,
8105,98.017838,,,,,,
8106,97.148628,,,,,,
8107,98.070381,,,,,,
8108,96.465439,,,,,,
8109,97.806084,,,,,,
8110,97.294762,,,,,,
8111,98.111588,,,,,,
8112,98.579636,,,,,,
8113,98.356552,,,,,,
8114,98.065041,,,,,,
8115,98.389252,,,,,,
8116,98.337807,,,,,,
8117,97.556107,,,,,,
8118,98.692314,,,,,,
8119,97.696053,,,,,,
8120,97.850212,,,,,,
8121,98.190544,,,,,,
8122,97.296730,,,,,,
8123,98.029610,,,,,,
8124,98.143631,,,,,,
8125,97.792343,,,,,,
8126,97.737801,,,,,,
8127,98.171593,,,,,,
8128,97.998207,,,,,,
8129,98.354309,,,,,,
8130,98.255165,,,,,,
8131,98.215820,,,,,,
8132,98.309425,,,,,,
8133,97.839111,,,,,,
8134,98.577263,,,,,,
8135,97.812859,,,,,,
8136,98.199791,,,,,,
8137,98.263954,,,,,,
8138,97.340897,,,,,,
8139,98.709076,,,,,,
8140,98.652412,,,,,,
8141,98.298836,,,,,,
8142,98.749092,,,,,,
8143,97.383858,,,,,,
8144,97.731117,,,,,,
8145,97.271141,,,,,,
8146,97.593864,,,,,,
8147,97.855995,,,,,,
8148,98.649910,,,,,,
8149,97.759125,,,,,,
8150,98.495605,,,,,,
8151,98.173203,,,,,,
8152,98.405479,,,,,,
8153,98.348900,,,,,,
8154,97.633949,,,,,,
8155,97.879105,,,,,,
8156,98.561974,,,,,,
8157,98.252129,,,,,,
8158,98.424950,,,,,,
8159,98.554878,,,,,,
8160,98.445251,,,,,,
8161,97.161690,,,,,,
8162,98.667397,,,,,,
8163,98.633240,,,,,,
8164,97.762634,,,,,,
8165,98.596725,,,,,,
8166,98.474968,,,,,,
8167,98.241180,,,,,,
8168,98.125427,,,,,,
8169,97.184601,,,,,,
8170,98.375816,,,,,,
8171,98.454102,,,,,,
8172,98.067665,,,,,,
8173,97.731453,,,,,,
8174,98.140129,,,,,,
8175,98.245590,,,,,,
8176,98.354118,,,,,,
8177,98.658630,,,,,,
8178,98.144203,,,,,,
8179,98.323318,,,,,,
8180,97.659737,,,,,,
8181,98.324310,,,,,,
8182,98.362488,,,,,,
8183,97.743416,,,,,,
8184,98.488678,,,,,,
8185,97.923836,,,,,,
8186,98.709534,,,,,,
8187,98.564110,,,,,,
8188,97.372536,,,,,,
8189,97.145935,,,,,,
8190,98.556030,,,,,,
8191,97.965919,,,,,,
8192,97.987923,,,,,,
8193,98.327629,,,,,,
8194,98.225586,,,,,,
8195,98.318085,,,,,,
8196,98.599403,,,,,,
8197,97.737541,,,,,,
8198,98.086006,,,,,,
8200,,77.710000,0.120156,,,,
8200,97.245590,,,,,,
8201,97.267570,,,,,,
8202,98.473083,,,,,,
8203,98.140465,,,,,,
8204,97.902176,,,,,,
8205,98.253067,,,,,,
8206,97.593224,,,,,,
8207,97.447578,,,,,,
8208,97.926155,,,,,,
8209,97.696495,,,,,,
8210,98.038025,,,,,,
8211,97.256111,,,,,,
8212,97.638855,,,,,,
8213,97.720810,,,,,,
8214,97.863487,,,,,,
8215,98.059143,,,,,,
8216,98.294937,,,,,,
8217,98.390648,,,,,,
8218,97.810425,,,,,,
8219,98.332748,,,,,,
8220,97.745598,,,,,,
8221,98.723228,,,,,,
8222,97.608643,,,,,,
8223,98.198013,,,,,,
8224,98.525215,,,,,,
8225,98.795227,,,,,,
8226,97.755806,,,,,,
8227,97.885208,,,,,,
8228,98.122292,,,,,,
8229,97.430305,,,,,,
8230,98.600731,,,,,,
8231,98.130722,,,,,,
8232,97.884613,,,,,,
8233,98.289627,,,,,,
8234,98.132805,,,,,,
8235,98.058472,,,,,,
8236,98.677612,,,,,,
8237,98.440765,,,,,,
8238,98.065598,,,,,,
8239,97.588089,,,,,,
8240,98.825851,,,,,,
8241,98.129761,,,,,,
8242,97.612213,,,,,,
8243,98.043411,,,,,,
8244,96.949890,,,,,,
8245,97.343971,,,,,,
8246,97.065552,,,,,,
8247,98.477875,,,,,,
8248,98.291656,,,,,,
8249,98.507828,,,,,,
8250,97.707077,,,,,,
8251,98.223541,,,,,,
8252,98.005852,,,,,,
8253,98.476212,,,,,,
8254,97.599403,,,,,,
8255,98.556061,,,,,,
8256,97.384178,,,,,,
8257,97.378227,,,,,,
8258,97.992058,,,,,,
8259,98.015991,,,,,,
8260,98.078056,,,,,,
8261,97.812553,,,,,,
8262,97.826111,,,,,,
8263,97.977272,,,,,,
8264,98.254166,,,,,,
8265,98.380409,,,,,,
8266,97.978325,,,,,,
8267,98.682251,,,,,,
8268,98.237244,,,,,,
8269,97.524139,,,,,,
8270,97.854622,,,,,,
8271,98.102913,,,,,,
8272,97.969398,,,,,,
8273,98.492378,,,,,,
8274,98.551498,,,,,,
8275,98.464157,,,,,,
8276,97.870071,,,,,,
8277,97.588638,,,,,,
8278,98.345741,,,,,,
8279,98.083748,,,,,,
8280,98.372932,,,,,,
8281,98.458115,,,,,,
8282,98.178467,,,,,,
8283,97.921295,,,,,,
8284,98.575661,,,,,,
8285,98.691849,,,,,,
8286,98.456726,,,,,,
8287,98.077026,,,,,,
8288,98.334785,,,,,,
8289,97.427780,,,,,,
8290,97.401726,,,,,,
8291,98.770454,,,,,,
8292,98.113098,,,,,,
8293,98.149963,,,,,,
8294,98.232140,,,,,,
8295,97.736458,,,,,,
8296,98.040688,,,,,,
8297,98.165558,,,,,,
8298,98.141586,,,,,,
8299,98.315399,,,,,,
8300,98.384613,,,,,,
8301,98.053627,,,,,,
8302,98.356384,,,,,,
8303,97.798424,,,,,,
8304,97.731560,,,,,,
8305,97.799843,,,,,,
8306,97.606506,,,,,,
8307,98.480133,,,,,,
8308,98.243629,,,,,,
8309,98.230522,,,,,,
8310,98.524239,,,,,,
8311,98.405411,,,,,,
8312,98.723709,,,,,,
8313,98.263580,,,,,,
8314,97.877319,,,,,,
8315,97.871490,,,,,,
8316,96.826904,,,,,,
8317,97.344284,,,,,,
8318,98.608871,,,,,,
8319,97.779022,,,,,,
8320,98.317848,,,,,,
8321,98.167297,,,,,,
8322,97.364212,,,,,,
8323,98.297264,,,,,,
8324,97.917953,,,,,,
8325,98.252205,,,,,,
8326,98.483643,,,,,,
8327,98.179558,,,,,,
8328,98.378906,,,,,,
8329,98.447601,,,,,,
8330,97.889854,,,,,,
8331,98.260109,,,,,,
8332,97.678925,,,,,,
8333,98.174355,,,,,,
8334,97.955872,,,,,,
8335,97.747627,,,,,,
8336,97.436371,,,,,,
8337,98.436714,,,,,,
8338,98.059280,,,,,,
8339,97.654495,,,,,,
8340,98.492897,,,,,,
8341,97.907043,,,,,,
8342,97.331444,,,,,,
8343,98.334084,,,,,,
8344,98.061905,,,,,,
8345,97.257263,,,,,,
8346,97.579643,,,,,,
8347,97.494370,,,,,,
8348,98.579994,,,,,,
8349,98.041046,,,,,,
8350,97.890327,,,,,,
8351,98.486557,,,,,,
8352,97.545799,,,,,,
8353,98.277222,,,,,,
8354,98.578568,,,,,,
8355,97.919495,,,,,,
8356,97.309471,,,,,,
8357,98.406349,,,,,,
8358,98.229073,,,,,,
8359,96.964684,,,,,,
8360,97.759079,,,,,,
8361,98.712105,,,,,,
8362,98.271927,,,,,,
8363,97.426292,,,,,,
8364,97.309227,,,,,,
8365,98.254745,,,,,,
8366,98.213989,,,,,,
8367,98.392128,,,,,,
8368,98.313477,,,,,,
8369,97.755028,,,,,,
8370,98.540070,,,,,,
8371,98.602982,,,,,,
8372,98.569443,,,,,,
8373,98.641304,,,,,,
8374,97.733437,,,,,,
8375,97.514587,,,,,,
8376,98.058891,,,,,,
8377,98.314598,,,,,,
8378,97.629242,,,,,,
8379,97.995239,,,,,,
8380,98.230736,,,,,,
8381,97.014153,,,,,,
8382,98.372200,,,,,,
8383,97.683220,,,,,,
8384,98.408966,,,,,,
8385,97.625893,,,,,,
8386,98.042419,,,,,,
8387,97.827827,,,,,,
8388,97.999954,,,,,,
8389,97.220268,,,,,,
8390,98.095467,,,,,,
8391,97.530403,,,,,,
8392,98.159637,,,,,,
8393,98.477623,,,,,,
8394,98.616554,,,,,,
8395,98.069733,,,,,,
8396,97.885040,,,,,,
8397,97.977394,,,,,,
8398,98.086838,,,,,,
8400,,77.470000,0.115372,,,,
8400,98.261383,,,,,,
8401,97.688957,,,,,,
8402,97.696686,,,,,,
8403,98.748169,,,,,,
8404,97.776314,,,,,,
8405,97.370056,,,,,,
8406,98.292992,,,,,,
8407,98.482742,,,,,,
8408,98.522720,,,,,,
8409,98.367645,,,,,,
8410,97.782799,,,,,,
8411,96.972923,,,,,,
8412,97.930336,,,,,,
8413,98.090088,,,,,,
8414,98.597221,,,,,,
8415,97.493721,,,,,,
8416,98.704956,,,,,,
8417,98.031311,,,,,,
8418,97.826813,,,,,,
8419,98.074974,,,,,,
8420,98.567291,,,,,,
8421,98.353096,,,,,,
8422,98.076202,,,,,,
8423,98.591751,,,,,,
8424,97.816643,,,,,,
8425,98.352188,,,,,,
8426,97.297325,,,,,,
8427,98.341866,,,,,,
8428,98.578758,,,,,,
8429,97.458954,,,,,,
8430,97.646629,,,,,,
8431,98.233078,,,,,,
8432,97.969414,,,,,,
8433,97.900925,,,,,,
8434,98.485825,,,,,,
8435,98.254044,,,,,,
8436,98.544601,,,,,,
8437,98.747589,,,,,,
8438,98.547424,,,,,,
8439,97.601234,,,,,,
8440,97.959908,,,,,,
8441,98.133698,,,,,,
8442,98.399658,,,,,,
8443,98.016563,,,,,,
8444,98.094818,,,,,,
8445,98.542091,,,,,,
8446,98.346481,,,,,,
8447,97.991272,,,,,,
8448,97.628441,,,,,,
8449,97.574753,,,,,,
8450,98.548950,,,,,,
8451,97.978081,,,,,,
8452,98.662796,,,,,,
8453,98.049728,,,,,,
8454,98.214081,,,,,,
8455,98.762100,,,,,,
8456,98.400787,,,,,,
8457,98.649452,,,,,,
8458,98.169106,,,,,,
8459,98.627533,,,,,,
8460,98.331192,,,,,,
8461,98.404968,,,,,,
8462,98.062332,,,,,,
8463,98.391617,,,,,,
8464,97.833488,,,,,,
8465,97.941689,,,,,,
8466,98.487404,,,,,,
8467,98.024216,,,,,,
8468,98.576111,,,,,,
8469,97.256157,,,,,,
8470,97.585297,,,,,,
8471,98.747566,,,,,,
8472,97.746666,,,,,,
8473,98.413261,,,,,,
8474,98.034019,,,,,,
8475,98.034340,,,,,,
8476,97.779869,,,,,,
8477,97.797768,,,,,,
8478,98.133942,,,,,,
8479,98.061432,,,,,,
8480,97.631508,,,,,,
8481,98.487495,,,,,,
8482,98.661354,,,,,,
8483,98.134048,,,,,,
8484,98.402611,,,,,,
8485,97.953400,,,,,,
8486,98.008980,,,,,,
8487,97.902855,,,,,,
8488,97.636642,,,,,,
8489,97.181427,,,,,,
8490,98.589066,,,,,,
8491,97.837044,,,,,,
8492,97.506752,,,,,,
8493,98.586014,,,,,,
8494,98.861977,,,,,,
8495,97.875023,,,,,,
8496,98.311562,,,,,,
8497,97.671005,,,,,,
8498,98.138634,,,,,,
8499,97.723907,,,,,,
8500,97.982964,,,,,,
8501,98.289116,,,,,,
8502,98.588142,,,,,,
8503,98.426155,,,,,,
8504,97.646240,,,,,,
8505,98.029617,,,,,,
8506,97.902718,,,,,,
8507,97.843613,,,,,,
8508,98.850105,,,,,,
8509,97.302391,,,,,,
8510,97.768715,,,,,,
8511,97.996658,,,,,,
8512,97.729103,,,,,,
8513,96.796326,,,,,,
8514,97.574326,,,,,,
8515,98.223091,,,,,,
8516,98.117188,,,,,,
8517,98.105927,,,,,,
8518,98.686417,,,,,,
8519,97.754868,,,,,,
8520,97.393112,,,,,,
8521,97.937492,,,,,,
8522,98.365685,,,,,,
8523,98.666374,,,,,,
8524,97.597458,,,,,,
8525,97.722321,,,,,,
8526,98.048294,,,,,,
8527,97.392342,,,,,,
8528,98.406013,,,,,,
8529,97.708801,,,,,,
8530,98.664803,,,,,,
8531,97.893433,,,,,,
8532,97.968964,,,,,,
8533,97.884682,,,,,,
8534,98.451630,,,,,,
8535,98.356346,,,,,,
8536,97.733932,,,,,,
8537,98.167221,,,,,,
8538,98.857346,,,,,,
8539,98.585136,,,,,,
8540,98.413582,,,,,,
8541,98.731354,,,,,,
8542,98.313293,,,,,,
8543,98.418755,,,,,,
8544,97.604523,,,,,,
8545,97.733475,,,,,,
8546,97.661674,,,,,,
8547,98.534821,,,,,,
8548,97.566971,,,,,,
8549,98.419327,,,,,,
8550,97.947891,,,,,,
8551,97.970055,,,,,,
8552,97.398735,,,,,,
8553,97.685822,,,,,,
8554,98.545822,,,,,,
8555,98.431999,,,,,,
8556,97.849632,,,,,,
8557,98.255867,,,,,,
8558,98.638313,,,,,,
8559,98.410950,,,,,,
8560,98.344612,,,,,,
8561,98.599915,,,,,,
8562,98.842728,,,,,,
8563,98.007339,,,,,,
8564,98.391624,,,,,,
8565,98.560013,,,,,,
8566,97.214294,,,,,,
8567,98.358727,,,,,,
8568,98.094627,,,,,,
8569,97.801155,,,,,,
8570,97.584709,,,,,,
8571,98.123817,,,,,,
8572,97.069633,,,,,,
8573,97.431152,,,,,,
8574,97.595535,,,,,,
8575,98.627754,,,,,,
8576,98.046738,,,,,,
8577,98.021301,,,,,,
8578,98.006546,,,,,,
8579,98.091980,,,,,,
8580,98.200432,,,,,,
8581,98.591011,,,,,,
8582,98.873039,,,,,,
8583,98.046463,,,,,,
8584,97.419571,,,,,,
8585,97.408920,,,,,,
8586,98.331322,,,,,,
8587,98.020386,,,,,,
8588,98.464218,,,,,,
8589,98.447372,,,,,,
8590,97.599586,,,,,,
8591,98.264870,,,,,,
8592,98.518730,,,,,,
8593,97.765564,,,,,,
8594,98.210915,,,,,,
8595,98.422234,,,,,,
8596,98.250961,,,,,,
8597,97.978218,,,,,,
8598,98.157837,,,,,,
8600,,77.450000,0.124311,,,,
8600,97.359276,,,,,,
8601,97.876907,,,,,,
8602,97.658043,,,,,,
8603,98.184677,,,,,,
8604,97.824265,,,,,,
8605,98.604477,,,,,,
8606,98.036667,,,,,,
8607,98.535622,,,,,,
8608,97.552620,,,,,,
8609,98.196190,,,,,,
8610,97.976746,,,,,,
8611,97.554596,,,,,,
8612,98.038986,,,,,,
8613,97.232170,,,,,,
8614,98.435898,,,,,,
8615,97.459305,,,,,,
8616,98.063385,,,,,,
8617,98.695587,,,,,,
8618,98.070679,,,,,,
8619,98.471504,,,,,,
8620,98.414749,,,,,,
8621,98.286964,,,,,,
8622,98.410507,,,,,,
8623,97.331482,,,,,,
8624,97.828468,,,,,,
8625,97.559792,,,,,,
8626,98.202293,,,,,,
8627,98.347771,,,,,,
8628,97.454399,,,,,,
8629,97.350601,,,,,,
8630,98.158852,,,,,,
8631,98.021217,,,,,,
8632,97.655838,,,,,,
8633,97.849419,,,,,,
8634,98.582191,,,,,,
8635,98.461227,,,,,,
8636,98.227150,,,,,,
8637,96.755859,,,,,,
8638,98.416786,,,,,,
8639,97.947701,,,,,,
8640,98.519730,,,,,,
8641,98.408241,,,,,,
8642,97.996941,,,,,,
8643,97.862068,,,,,,
8644,98.615807,,,,,,
8645,97.576958,,,,,,
8646,97.694565,,,,,,
8647,98.133972,,,,,,
8648,97.946892,,,,,,
8649,97.509773,,,,,,
8650,98.244675,,,,,,
8651,98.550323,,,,,,
8652,98.398926,,,,,,
8653,97.999367,,,,,,
8654,97.861542,,,,,,
8655,97.252884,,,,,,
8656,98.495110,,,,,,
8657,98.477837,,,,,,
8658,98.668442,,,,,,
8659,98.404549,,,,,,
8660,98.405060,,,,,,
8661,98.231384,,,,,,
8662,98.409660,,,,,,
8663,97.248520,,,,,,
8664,98.457497,,,,,,
8665,98.358292,,,,,,
8666,97.482201,,,,,,
8667,98.169556,,,,,,
8668,97.771179,,,,,,
8669,97.949577,,,,,,
8670,98.336647,,,,,,
8671,97.846504,,,,,,
8672,98.618767,,,,,,
8673,98.056389,,,,,,
8674,97.797028,,,,,,
8675,98.810158,,,,,,
8676,97.702911,,,,,,
8677,97.218163,,,,,,
8678,98.027802,,,,,,
8679,97.753815,,,,,,
8680,98.654480,,,,,,
8681,98.086197,,,,,,
8682,97.458000,,,,,,
8683,98.211884,,,,,,
8684,98.247467,,,,,,
8685,98.340767,,,,,,
8686,98.560600,,,,,,
8687,98.639908,,,,,,
8688,97.745102,,,,,,
8689,97.066414,,,,,,
8690,98.066551,,,,,,
8691,98.146469,,,,,,
8692,98.247269,,,,,,
8693,97.844971,,,,,,
8694,98.436920,,,,,,
8695,98.187500,,,,,,
8696,98.364342,,,,,,
8697,98.513344,,,,,,
8698,98.235466,,,,,,
8699,97.425262,,,,,,
8700,98.407547,,,,,,
8701,98.497307,,,,,,
8702,98.061241,,,,,,
8703,98.570198,,,,,,
8704,98.920517,,,,,,
8705,97.988762,,,,,,
8706,97.672829,,,,,,
8707,97.547211,,,,,,
8708,98.352753,,,,,,
8709,98.327667,,,,,,
8710,97.842461,,,,,,
8711,98.491386,,,,,,
8712,97.910683,,,,,,
8713,98.358208,,,,,,
8714,97.634758,,,,,,
8715,96.989868,,,,,,
8716,98.503288,,,,,,
8717,98.646469,,,,,,
8718,97.902496,,,,,,
8719,98.262718,,,,,,
8720,98.298393,,,,,,
8721,97.936722,,,,,,
8722,97.783081,,,,,,
8723,97.749825,,,,,,
8724,98.189148,,,,,,
8725,98.327293,,,,,,
8726,98.353325,,,,,,
8727,98.442619,,,,,,
8728,98.696869,,,,,,
8729,98.392578,,,,,,
8730,97.223198,,,,,,
8731,98.276863,,,,,,
8732,98.324104,,,,,,
8733,97.807709,,,,,,
8734,98.224701,,,,,,
8735,97.962204,,,,,,
8736,96.982254,,,,,,
8737,98.122849,,,,,,
8738,98.124214,,,,,,
8739,98.556541,,,,,,
8740,98.008751,,,,,,
8741,97.849937,,,,,,
8742,98.687599,,,,,,
8743,97.268753,,,,,,
8744,97.922882,,,,,,
8745,97.710625,,,,,,
8746,98.676216,,,,,,
8747,98.269012,,,,,,
8748,98.574120,,,,,,
8749,98.030235,,,,,,
8750,98.029572,,,,,,
8751,98.724907,,,,,,
8752,97.287361,,,,,,
8753,98.448807,,,,,,
8754,97.422577,,,,,,
8755,98.417213,,,,,,
8756,97.777130,,,,,,
8757,98.117821,,,,,,
8758,98.434334,,,,,,
8759,98.072540,,,,,,
8760,98.172546,,,,,,
8761,98.283043,,,,,,
8762,98.558853,,,,,,
8763,98.002235,,,,,,
8764,98.127983,,,,,,
8765,98.010170,,,,,,
8766,97.291718,,,,,,
8767,97.830757,,,,,,
8768,98.304482,,,,,,
8769,97.560013,,,,,,
8770,98.327248,,,,,,
8771,97.942505,,,,,,
8772,97.560265,,,,,,
8773,98.664726,,,,,,
8774,98.376511,,,,,,
8775,97.519859,,,,,,
8776,98.160812,,,,,,
8777,98.169434,,,,,,
8778,98.406456,,,,,,
8779,98.471504,,,,,,
8780,98.072144,,,,,,
8781,98.365334,,,,,,
8782,97.936264,,,,,,
8783,97.094475,,,,,,
8784,98.292564,,,,,,
8785,97.975723,,,,,,
8786,97.974503,,,,,,
8787,98.810204,,,,,,
8788,98.750458,,,,,,
8789,98.541428,,,,,,
8790,97.107010,,,,,,
8791,97.305565,,,,,,
8792,97.912277,,,,,,
8793,98.544899,,,,,,
8794,98.748535,,,,,,
8795,98.113106,,,,,,
8796,98.447838,,,,,,
8797,98.039810,,,,,,
8798,97.911430,,,,,,
8800,,77.840000,0.115770,,,,
8800,97.967667,,,,,,
8801,97.543297,,,,,,
8802,97.765198,,,,,,
8803,98.106346,,,,,,
8804,98.541992,,,,,,
8805,98.698997,,,,,,
8806,97.907021,,,,,,
8807,97.537476,,,,,,
8808,98.001526,,,,,,
8809,98.909752,,,,,,
8810,97.719322,,,,,,
8811,98.584030,,,,,,
8812,97.849525,,,,,,
8813,98.367249,,,,,,
8814,96.870705,,,,,,
8815,97.760933,,,,,,
8816,98.314308,,,,,,
8817,98.689331,,,,,,
8818,98.061020,,,,,,
8819,98.044678,,,,,,
8820,98.218254,,,,,,
8821,98.465782,,,,,,
8822,97.858109,,,,,,
8823,98.177315,,,,,,
8824,98.188164,,,,,,
8825,98.040321,,,,,,
8826,97.898575,,,,,,
8827,96.998184,,,,,,
8828,97.837738,,,,,,
8829,98.118980,,,,,,
8830,97.802231,,,,,,
8831,97.270439,,,,,,
8832,98.337074,,,,,,
8833,97.374954,,,,,,
8834,98.162575,,,,,,
8835,98.217072,,,,,,
8836,98.076599,,,,,,
8837,98.388596,,,,,,
8838,97.555626,,,,,,
8839,97.960449,,,,,,
8840,98.279144,,,,,,
8841,98.303970,,,,,,
8842,98.080711,,,,,,
8843,97.873077,,,,,,
8844,97.645081,,,,,,
8845,97.408287,,,,,,
8846,98.702133,,,,,,
8847,98.669678,,,,,,
8848,98.849113,,,,,,
8849,98.150612,,,,,,
8850,97.897911,,,,,,
8851,98.010117,,,,,,
8852,97.506966,,,,,,
8853,97.830605,,,,,,
8854,98.409447,,,,,,
8855,98.210281,,,,,,
8856,98.658722,,,,,,
8857,97.666824,,,,,,
8858,98.183731,,,,,,
8859,97.984512,,,,,,
8860,97.976669,,,,,,
8861,98.246452,,,,,,
8862,98.530830,,,,,,
8863,97.331612,,,,,,
8864,98.292168,,,,,,
8865,98.257881,,,,,,
8866,98.011978,,,,,,
8867,98.234200,,,,,,
8868,97.580780,,,,,,
8869,98.330040,,,,,,
8870,98.000313,,,,,,
8871,98.330154,,,,,,
8872,97.754341,,,,,,
8873,98.194176,,,,,,
8874,98.422249,,,,,,
8875,98.091751,,,,,,
8876,98.816689,,,,,,
8877,98.445847,,,,,,
8878,98.467590,,,,,,
8879,98.671265,,,,,,
8880,98.604858,,,,,,
8881,98.227013,,,,,,
8882,98.297539,,,,,,
8883,98.335526,,,,,,
8884,98.441734,,,,,,
8885,98.049400,,,,,,
8886,97.636322,,,,,,
8887,98.002457,,,,,,
8888,98.360558,,,,,,
8889,98.798935,,,,,,
8890,98.366867,,,,,,
8891,98.059738,,,,,,
8892,98.079216,,,,,,
8893,98.232231,,,,,,
8894,97.238876,,,,,,
8895,98.561279,,,,,,
8896,98.184906,,,,,,
8897,98.174858,,,,,,
8898,98.707375,,,,,,
8899,98.173698,,,,,,
8900,98.474701,,,,,,
8901,97.552010,,,,,,
8902,97.997223,,,,,,
8903,98.462044,,,,,,
8904,97.652946,,,,,,
8905,97.307739,,,,,,
8906,98.332115,,,,,,
8907,97.816246,,,,,,
8908,98.106621,,,,,,
8909,97.584221,,,,,,
8910,97.201355,,,,,,
8911,98.279541,,,,,,
8912,98.201683,,,,,,
8913,98.416405,,,,,,
8914,98.560303,,,,,,
8915,98.534348,,,,,,
8916,97.926300,,,,,,
8917,98.269516,,,,,,
8918,98.868240,,,,,,
8919,97.636810,,,,,,
8920,97.595787,,,,,,
8921,97.720032,,,,,,
8922,97.849876,,,,,,
8923,98.329163,,,,,,
8924,98.401833,,,,,,
8925,98.419594,,,,,,
8926,97.363586,,,,,,
8927,98.440140,,,,,,
8928,98.369064,,,,,,
8929,97.811035,,,,,,
8930,97.763901,,,,,,
8931,98.673737,,,,,,
8932,98.500259,,,,,,
8933,97.994080,,,,,,
8934,97.670082,,,,,,
8935,98.520348,,,,,,
8936,97.665398,,,,,,
8937,97.244064,,,,,,
8938,98.340683,,,,,,
8939,98.012215,,,,,,
8940,97.703636,,,,,,
8941,98.360168,,,,,,
8942,98.204842,,,,,,
8943,97.852539,,,,,,
8944,98.523621,,,,,,
8945,98.416000,,,,,,
8946,98.637321,,,,,,
8947,97.652412,,,,,,
8948,97.795776,,,,,,
8949,98.251389,,,,,,
8950,98.629257,,,,,,
8951,98.016357,,,,,,
8952,98.182961,,,,,,
8953,98.476128,,,,,,
8954,98.515427,,,,,,
8955,98.136581,,,,,,
8956,98.752434,,,,,,
8957,97.533905,,,,,,
8958,98.196533,,,,,,
8959,98.712837,,,,,,
8960,97.625214,,,,,,
8961,98.591614,,,,,,
8962,97.721153,,,,,,
8963,97.308365,,,,,,
8964,98.474976,,,,,,
8965,98.162773,,,,,,
8966,97.911736,,,,,,
8967,97.782417,,,,,,
8968,98.626373,,,,,,
8969,98.077988,,,,,,
8970,97.964935,,,,,,
8971,98.402138,,,,,,
8972,97.904442,,,,,,
8973,98.577431,,,,,,
8974,97.924271,,,,,,
8975,97.193100,,,,,,
8976,97.960594,,,,,,
8977,98.108887,,,,,,
8978,98.441010,,,,,,
8979,98.650345,,,,,,
8980,98.519241,,,,,,
8981,97.724960,,,,,,
8982,97.801834,,,,,,
8983,97.993713,,,,,,
8984,98.085655,,,,,,
8985,98.507393,,,,,,
8986,97.878342,,,,,,
8987,98.085632,,,,,,
8988,98.642532,,,,,,
8989,97.991272,,,,,,
8990,97.469193,,,,,,
8991,96.792091,,,,,,
8992,97.161293,,,,,,
8993,97.657364,,,,,,
8994,98.278709,,,,,,
8995,98.307045,,,,,,
8996,98.331421,,,,,,
8997,98.055771,,,,,,
8998,98.201942,,,,,,
9000,,77.600000,0.118375,,,,
9000,98.366440,,,,,,
9001,98.508995,,,,,,
9002,97.976761,,,,,,
9003,97.722252,,,,,,
9004,98.225891,,,,,,
9005,98.008423,,,,,,
9006,98.356934,,,,,,
9007,98.356918,,,,,,
9008,98.656746,,,,,,
9009,97.975075,,,,,,
9010,98.406502,,,,,,
9011,98.703125,,,,,,
9012,98.411484,,,,,,
9013,98.743492,,,,,,
9014,98.333504,,,,,,
9015,98.324333,,,,,,
9016,98.174759,,,,,,
9017,98.550995,,,,,,
9018,97.581406,,,,,,
9019,96.916519,,,,,,
9020,98.215309,,,,,,
9021,98.530472,,,,,,
9022,97.849419,,,,,,
9023,98.422478,,,,,,
9024,98.096802,,,,,,
9025,98.457771,,,,,,
9026,98.311234,,,,,,
9027,98.242531,,,,,,
9028,98.280434,,,,,,
9029,98.070198,,,,,,
9030,97.578987,,,,,,
9031,98.481262,,,,,,
9032,98.388611,,,,,,
9033,98.628227,,,,,,
9034,98.265129,,,,,,
9035,98.518532,,,,,,
9036,97.336563,,,,,,
9037,98.721916,,,,,,
9038,98.418015,,,,,,
9039,98.837883,,,,,,
9040,98.070312,,,,,,
9041,98.147392,,,,,,
9042,97.765678,,,,,,
9043,98.247925,,,,,,
9044,97.859810,,,,,,
9045,98.777969,,,,,,
9046,97.814812,,,,,,
9047,98.367615,,,,,,
9048,97.642456,,,,,,
9049,98.479057,,,,,,
9050,98.277206,,,,,,
9051,98.718987,,,,,,
9052,98.205650,,,,,,
9053,96.285301,,,,,,
9054,97.486122,,,,,,
9055,97.958916,,,,,,
9056,98.044777,,,,,,
9057,98.212410,,,,,,
9058,98.446846,,,,,,
9059,98.311630,,,,,,
9060,97.940224,,,,,,
9061,98.176643,,,,,,
9062,98.021996,,,,,,
9063,97.606537,,,,,,
9064,98.025284,,,,,,
9065,97.901329,,,,,,
9066,97.869621,,,,,,
9067,98.414177,,,,,,
9068,97.486687,,,,,,
9069,97.949928,,,,,,
9070,97.961288,,,,,,
9071,98.141411,,,,,,
9072,97.532425,,,,,,
9073,97.310883,,,,,,
9074,96.974197,,,,,,
9075,98.045944,,,,,,
9076,97.844292,,,,,,
9077,98.096756,,,,,,
9078,98.154259,,,,,,
9079,97.562050,,,,,,
9080,98.089111,,,,,,
9081,97.905853,,,,,,
9082,98.276733,,,,,,
9083,97.940826,,,,,,
9084,97.759415,,,,,,
9085,98.214088,,,,,,
9086,97.827690,,,,,,
9087,97.872162,,,,,,
9088,98.145973,,,,,,
9089,98.231888,,,,,,
9090,98.367348,,,,,,
9091,96.962593,,,,,,
9092,98.118958,,,,,,
9093,97.794312,,,,,,
9094,98.194717,,,,,,
9095,98.462036,,,,,,
9096,98.303841,,,,,,
9097,97.638550,,,,,,
9098,98.091057,,,,,,
9099,98.287186,,,,,,
9100,97.331612,,,,,,
9101,98.054291,,,,,,
9102,98.242630,,,,,,
9103,98.918427,,,,,,
9104,97.112114,,,,,,
9105,98.853722,,,,,,
9106,98.273506,,,,,,
9107,96.807388,,,,,,
9108,97.872932,,,,,,
9109,97.834320,,,,,,
9110,98.669853,,,,,,
9111,97.866447,,,,,,
9112,97.843300,,,,,,
9113,97.937592,,,,,,
9114,97.618240,,,,,,
9115,97.669174,,,,,,
9116,97.688751,,,,,,
9117,98.070328,,,,,,
9118,97.513893,,,,,,
9119,97.959793,,,,,,
9120,98.184937,,,,,,
9121,97.936195,,,,,,
9122,98.496803,,,,,,
9123,98.690239,,,,,,
9124,98.058510,,,,,,
9125,98.362877,,,,,,
9126,97.767311,,,,,,
9127,97.526474,,,,,,
9128,98.476456,,,,,,
9129,98.545502,,,,,,
9130,97.631569,,,,,,
9131,97.911430,,,,,,
9132,97.662903,,,,,,
9133,97.770279,,,,,,
9134,98.164261,,,,,,
9135,97.773247,,,,,,
9136,97.734474,,,,,,
9137,97.756416,,,,,,
9138,97.436417,,,,,,
9139,98.385345,,,,,,
9140,98.327904,,,,,,
9141,98.351303,,,,,,
9142,97.813110,,,,,,
9143,98.262070,,,,,,
9144,97.855225,,,,,,
9145,97.629555,,,,,,
9146,98.332710,,,,,,
9147,96.724121,,,,,,
9148,97.917992,,,,,,
9149,97.922775,,,,,,
9150,98.252838,,,,,,
9151,97.996101,,,,,,
9152,97.815781,,,,,,
9153,98.037766,,,,,,
9154,97.939537,,,,,,
9155,97.680725,,,,,,
9156,98.759346,,,,,,
9157,98.130875,,,,,,
9158,97.778877,,,,,,
9159,98.034546,,,,,,
9160,98.221695,,,,,,
9161,97.351982,,,,,,
9162,98.217300,,,,,,
9163,98.205284,,,,,,
9164,98.323082,,,,,,
9165,98.275139,,,,,,
9166,97.837036,,,,,,
9167,95.042519,,,,,,
9168,98.380226,,,,,,
9169,96.932625,,,,,,
9170,97.897224,,,,,,
9171,97.926048,,,,,,
9172,97.302048,,,,,,
9173,98.692490,,,,,,
9174,97.948753,,,,,,
9175,97.814819,,,,,,
9176,98.397629,,,,,,
9177,98.267883,,,,,,
9178,97.743835,,,,,,
9179,97.550919,,,,,,
9180,97.996323,,,,,,
9181,98.466240,,,,,,
9182,95.341515,,,,,,
9183,98.025528,,,,,,
9184,98.403610,,,,,,
9185,97.816399,,,,,,
9186,97.648697,,,,,,
9187,97.797630,,,,,,
9188,98.115723,,,,,,
9189,97.700272,,,,,,
9190,97.660034,,,,,,
9191,98.449814,,,,,,
9192,97.489479,,,,,,
9193,97.808044,,,,,,
9194,97.704224,,,,,,
9195,98.543495,,,,,,
9196,97.591728,,,,,,
9197,97.941917,,,,,,
9198,97.710175,,,,,,
9200,,76.410000,0.120683,,,,
9200,98.337570,,,,,,
9201,98.431923,,,,,,
9202,97.883652,,,,,,
9203,98.148575,,,,,,
9204,97.779366,,,,,,
9205,98.705696,,,,,,
9206,97.976753,,,,,,
9207,97.962379,,,,,,
9208,98.577209,,,,,,
9209,98.164368,,,,,,
9210,97.308342,,,,,,
9211,97.323143,,,,,,
9212,98.358955,,,,,,
9213,98.247681,,,,,,
9214,98.217705,,,,,,
9215,98.336258,,,,,,
9216,97.672325,,,,,,
9217,98.586334,,,,,,
9218,98.336693,,,,,,
9219,97.345009,,,,,,
9220,97.943420,,,,,,
9221,98.378578,,,,,,
9222,97.327110,,,,,,
9223,97.655800,,,,,,
9224,97.936867,,,,,,
9225,97.856277,,,,,,
9226,98.333977,,,,,,
9227,97.390701,,,,,,
9228,98.433258,,,,,,
9229,98.069405,,,,,,
9230,97.747688,,,,,,
9231,97.992363,,,,,,
9232,97.277779,,,,,,
9233,98.138359,,,,,,
9234,97.527534,,,,,,
9235,98.253769,,,,,,
9236,98.279060,,,,,,
9237,98.155090,,,,,,
9238,97.593292,,,,,,
9239,98.005325,,,,,,
9240,98.107941,,,,,,
9241,98.653435,,,,,,
9242,98.030579,,,,,,
9243,98.075035,,,,,,
9244,98.238724,,,,,,
9245,98.159592,,,,,,
9246,97.088989,,,,,,
9247,97.084480,,,,,,
9248,98.231903,,,,,,
9249,97.725632,,,,,,
9250,97.431755,,,,,,
9251,98.140068,,,,,,
9252,98.545425,,,,,,
9253,98.190575,,,,,,
9254,98.169693,,,,,,
9255,97.975777,,,,,,
9256,98.450661,,,,,,
9257,98.112640,,,,,,
9258,96.903992,,,,,,
9259,97.794830,,,,,,
9260,97.108391,,,,,,
9261,97.410736,,,,,,
9262,97.945457,,,,,,
9263,98.671295,,,,,,
9264,98.141785,,,,,,
9265,98.049713,,,,,,
9266,97.922890,,,,,,
9267,97.520813,,,,,,
9268,98.287743,,,,,,
9269,96.778358,,,,,,
9270,98.431419,,,,,,
9271,97.971390,,,,,,
9272,97.352745,,,,,,
9273,98.245102,,,,,,
9274,97.758469,,,,,,
9275,98.619377,,,,,,
9276,98.227531,,,,,,
9277,98.338905,,,,,,
9278,98.037483,,,,,,
9279,97.572266,,,,,,
9280,98.210327,,,,,,
9281,98.444313,,,,,,
9282,98.308998,,,,,,
9283,98.373093,,,,,,
9284,98.040649,,,,,,
9285,98.019661,,,,,,
9286,97.766930,,,,,,
9287,98.371712,,,,,,
9288,97.077621,,,,,,
9289,97.963921,,,,,,
9290,97.920044,,,,,,
9291,98.402748,,,,,,
9292,97.838318,,,,,,
9293,98.238068,,,,,,
9294,97.520042,,,,,,
9295,97.589401,,,,,,
9296,98.026566,,,,,,
9297,98.510254,,,,,,
9298,98.120399,,,,,,
9299,98.152679,,,,,,
9300,98.575020,,,,,,
9301,97.953621,,,,,,
9302,98.408524,,,,,,
9303,97.747093,,,,,,
9304,97.724152,,,,,,
9305,98.343346,,,,,,
9306,98.504387,,,,,,
9307,97.709450,,,,,,
9308,98.047287,,,,,,
9309,98.438515,,,,,,
9310,97.813843,,,,,,
9311,98.763260,,,,,,
9312,97.916397,,,,,,
9313,98.357941,,,,,,
9314,98.012627,,,,,,
9315,98.069946,,,,,,
9316,98.321350,,,,,,
9317,98.220253,,,,,,
9318,98.009689,,,,,,
9319,98.531700,,,,,,
9320,98.289742,,,,,,
9321,97.684410,,,,,,
9322,98.574409,,,,,,
9323,97.709114,,,,,,
9324,97.911423,,,,,,
9325,97.572632,,,,,,
9326,97.244583,,,,,,
9327,98.404007,,,,,,
9328,97.925919,,,,,,
9329,98.212120,,,,,,
9330,98.227425,,,,,,
9331,97.631531,,,,,,
9332,98.216881,,,,,,
9333,97.697838,,,,,,
9334,97.729973,,,,,,
9335,98.825188,,,,,,
9336,98.086510,,,,,,
9337,97.019936,,,,,,
9338,97.444160,,,,,,
9339,98.265488,,,,,,
9340,98.068405,,,,,,
9341,98.078827,,,,,,
9342,98.103294,,,,,,
9343,97.298538,,,,,,
9344,97.881905,,,,,,
9345,97.488510,,,,,,
9346,98.600319,,,,,,
9347,97.972038,,,,,,
9348,98.300659,,,,,,
9349,98.030762,,,,,,
9350,98.015175,,,,,,
9351,98.047440,,,,,,
9352,98.508392,,,,,,
9353,98.364296,,,,,,
9354,98.165428,,,,,,
9355,97.999275,,,,,,
9356,97.720795,,,,,,
9357,98.076324,,,,,,
9358,98.582664,,,,,,
9359,98.292259,,,,,,
9360,97.799782,,,,,,
9361,98.696899,,,,,,
9362,98.475899,,,,,,
9363,98.560562,,,,,,
9364,97.718803,,,,,,
9365,98.091187,,,,,,
9366,98.275101,,,,,,
9367,97.733986,,,,,,
9368,98.502159,,,,,,
9369,97.823120,,,,,,
9370,98.389603,,,,,,
9371,98.326607,,,,,,
9372,98.102119,,,,,,
9373,97.616486,,,,,,
9374,98.379639,,,,,,
9375,98.740822,,,,,,
9376,98.247101,,,,,,
9377,98.137138,,,,,,
9378,98.587303,,,,,,
9379,98.215309,,,,,,
9380,98.646614,,,,,,
9381,98.041237,,,,,,
9382,98.544556,,,,,,
9383,98.656769,,,,,,
9384,98.251099,,,,,,
9385,98.481239,,,,,,
9386,98.103394,,,,,,
9387,97.518219,,,,,,
9388,98.295593,,,,,,
9389,98.360153,,,,,,
9390,98.242867,,,,,,
9391,98.115112,,,,,,
9392,98.117393,,,,,,
9393,98.549667,,,,,,
9394,98.069763,,,,,,
9395,97.914055,,,,,,
9396,98.296776,,,,,,
9397,97.975204,,,,,,
9398,98.522690,,,,,,
9400,,78.010000,0.120037,,,,
9400,98.008270,,,,,,
9401,98.711517,,,,,,
9402,97.618217,,,,,,
9403,97.841293,,,,,,
9404,98.087921,,,,,,
9405,98.003349,,,,,,
9406,98.207870,,,,,,
9407,98.696503,,,,,,
9408,98.565575,,,,,,
9409,97.633476,,,,,,
9410,98.510956,,,,,,
9411,98.110184,,,,,,
9412,97.758110,,,,,,
9413,98.336510,,,,,,
9414,97.482872,,,,,,
9415,98.096519,,,,,,
9416,98.108650,,,,,,
9417,98.363464,,,,,,
9418,98.102859,,,,,,
9419,98.476295,,,,,,
9420,98.404861,,,,,,
9421,98.604111,,,,,,
9422,97.921532,,,,,,
9423,98.417732,,,,,,
9424,97.563904,,,,,,
9425,98.298698,,,,,,
9426,98.201630,,,,,,
9427,98.068367,,,,,,
9428,98.503746,,,,,,
9429,98.667496,,,,,,
9430,98.556145,,,,,,
9431,97.055923,,,,,,
9432,97.710648,,,,,,
9433,98.797295,,,,,,
9434,97.919800,,,,,,
9435,98.557243,,,,,,
9436,98.384682,,,,,,
9437,98.436890,,,,,,
9438,97.848465,,,,,,
9439,98.422287,,,,,,
9440,98.299820,,,,,,
9441,98.768234,,,,,,
9442,98.551895,,,,,,
9443,98.256485,,,,,,
9444,97.965347,,,,,,
9445,97.828865,,,,,,
9446,98.125420,,,,,,
9447,98.166946,,,,,,
9448,98.496422,,,,,,
9449,98.390213,,,,,,
9450,98.163673,,,,,,
9451,98.435623,,,,,,
9452,97.906235,,,,,,
9453,97.690422,,,,,,
9454,98.370987,,,,,,
9455,97.399445,,,,,,
9456,97.626869,,,,,,
9457,97.779953,,,,,,
9458,97.929398,,,,,,
9459,98.270065,,,,,,
9460,98.168922,,,,,,
9461,98.110626,,,,,,
9462,97.942352,,,,,,
9463,98.486359,,,,,,
9464,98.356888,,,,,,
9465,98.499924,,,,,,
9466,98.141327,,,,,,
9467,98.191383,,,,,,
9468,97.310020,,,,,,
9469,97.496521,,,,,,
9470,98.484154,,,,,,
9471,98.479469,,,,,,
9472,97.951340,,,,,,
9473,97.438240,,,,,,
9474,97.418976,,,,,,
9475,98.128624,,,,,,
9476,97.581551,,,,,,
9477,98.356590,,,,,,
9478,98.151482,,,,,,
9479,98.270554,,,,,,
9480,98.035530,,,,,,
9481,98.258659,,,,,,
9482,98.223701,,,,,,
9483,97.752853,,,,,,
9484,98.386063,,,,,,
9485,98.683319,,,,,,
9486,97.798180,,,,,,
9487,98.259834,,,,,,
9488,98.671059,,,,,,
9489,98.024872,,,,,,
9490,98.025681,,,,,,
9491,98.419762,,,,,,
9492,98.379578,,,,,,
9493,97.346596,,,,,,
9494,98.251854,,,,,,
9495,97.509575,,,,,,
9496,98.338493,,,,,,
9497,98.230347,,,,,,
9498,97.992439,,,,,,
9499,97.999153,,,,,,
9500,96.886963,,,,,,
9501,97.904388,,,,,,
9502,97.796608,,,,,,
9503,97.873573,,,,,,
9504,98.092194,,,,,,
9505,97.858353,,,,,,
9506,97.287064,,,,,,
9507,98.469345,,,,,,
9508,98.398056,,,,,,
9509,98.187805,,,,,,
9510,97.733917,,,,,,
9511,98.448296,,,,,,
9512,98.140961,,,,,,
9513,97.410103,,,,,,
9514,98.262230,,,,,,
9515,98.223213,,,,,,
9516,97.971443,,,,,,
9517,97.895935,,,,,,
9518,98.260422,,,,,,
9519,97.909538,,,,,,
9520,96.875992,,,,,,
9521,98.832039,,,,,,
9522,97.602402,,,,,,
9523,98.544693,,,,,,
9524,97.772285,,,,,,
9525,98.723274,,,,,,
9526,98.663597,,,,,,
9527,98.374596,,,,,,
9528,97.968002,,,,,,
9529,97.907341,,,,,,
9530,98.252838,,,,,,
9531,97.195099,,,,,,
9532,98.024750,,,,,,
9533,97.841423,,,,,,
9534,96.769455,,,,,,
9535,98.074135,,,,,,
9536,98.074966,,,,,,
9537,98.389687,,,,,,
9538,98.053879,,,,,,
9539,98.549957,,,,,,
9540,97.914955,,,,,,
9541,97.998970,,,,,,
9542,97.980011,,,,,,
9543,97.314957,,,,,,
9544,98.191536,,,,,,
9545,97.911171,,,,,,
9546,98.622566,,,,,,
9547,97.650665,,,,,,
9548,98.218590,,,,,,
9549,98.049843,,,,,,
9550,97.070343,,,,,,
9551,97.438385,,,,,,
9552,98.918518,,,,,,
9553,97.798943,,,,,,
9554,98.491150,,,,,,
9555,98.769249,,,,,,
9556,98.063240,,,,,,
9557,97.682220,,,,,,
9558,97.258308,,,,,,
9559,97.965866,,,,,,
9560,98.318726,,,,,,
9561,98.224449,,,,,,
9562,98.299713,,,,,,
9563,98.320221,,,,,,
9564,98.477158,,,,,,
9565,98.631966,,,,,,
9566,98.088921,,,,,,
9567,98.153442,,,,,,
9568,98.637695,,,,,,
9569,98.289566,,,,,,
9570,98.544731,,,,,,
9571,97.841301,,,,,,
9572,98.714653,,,,,,
9573,98.366669,,,,,,
9574,97.849709,,,,,,
9575,98.801231,,,,,,
9576,98.057747,,,,,,
9577,97.806725,,,,,,
9578,98.247246,,,,,,
9579,98.410652,,,,,,
9580,98.923241,,,,,,
9581,97.824799,,,,,,
9582,98.003586,,,,,,
9583,98.528877,,,,,,
9584,98.608589,,,,,,
9585,98.136276,,,,,,
9586,98.217911,,,,,,
9587,98.248787,,,,,,
9588,98.122803,,,,,,
9589,97.996597,,,,,,
9590,98.680183,,,,,,
9591,98.521454,,,,,,
9592,98.118004,,,,,,
9593,98.403908,,,,,,
9594,97.804596,,,,,,
9595,98.493721,,,,,,
9596,97.886070,,,,,,
9597,97.837318,,,,,,
9598,98.627716,,,,,,
9600,,77.960000,0.117438,,,,
9600,97.844528,,,,,,
9601,97.763939,,,,,,
9602,98.167999,,,,,,
9603,98.028236,,,,,,
9604,97.980957,,,,,,
9605,98.542282,,,,,,
9606,96.598801,,,,,,
9607,98.126709,,,,,,
9608,98.768974,,,,,,
9609,98.219307,,,,,,
9610,98.360756,,,,,,
9611,97.754463,,,,,,
9612,98.297104,,,,,,
9613,98.443954,,,,,,
9614,98.148888,,,,,,
9615,98.412766,,,,,,
9616,97.880142,,,,,,
9617,97.445915,,,,,,
9618,98.758499,,,,,,
9619,98.292847,,,,,,
9620,97.795158,,,,,,
9621,97.944954,,,,,,
9622,98.276131,,,,,,
9623,97.689911,,,,,,
9624,98.557793,,,,,,
9625,98.204826,,,,,,
9626,98.398857,,,,,,
9627,98.244598,,,,,,
9628,97.472092,,,,,,
9629,97.616547,,,,,,
9630,98.793930,,,,,,
9631,98.765617,,,,,,
9632,97.662003,,,,,,
9633,98.000092,,,,,,
9634,98.257980,,,,,,
9635,98.238388,,,,,,
9636,98.627380,,,,,,
9637,98.314415,,,,,,
9638,98.105522,,,,,,
9639,98.074699,,,,,,
9640,98.285896,,,,,,
9641,98.146606,,,,,,
9642,98.653130,,,,,,
9643,98.712425,,,,,,
9644,97.691719,,,,,,
9645,97.441826,,,,,,
9646,97.544731,,,,,,
9647,98.376762,,,,,,
9648,98.078667,,,,,,
9649,98.201385,,,,,,
9650,96.123375,,,,,,
9651,98.294685,,,,,,
9652,98.480362,,,,,,
9653,97.994637,,,,,,
9654,97.652893,,,,,,
9655,98.160095,,,,,,
9656,98.297760,,,,,,
9657,97.348610,,,,,,
9658,98.391411,,,,,,
9659,98.293297,,,,,,
9660,98.073898,,,,,,
9661,97.859200,,,,,,
9662,97.298759,,,,,,
9663,97.679581,,,,,,
9664,98.546303,,,,,,
9665,98.457993,,,,,,
9666,98.171570,,,,,,
9667,98.068001,,,,,,
9668,97.726387,,,,,,
9669,98.730316,,,,,,
9670,97.889923,,,,,,
9671,97.996941,,,,,,
9672,98.132027,,,,,,
9673,98.254967,,,,,,
9674,98.648659,,,,,,
9675,97.196175,,,,,,
9676,98.302208,,,,,,
9677,97.572212,,,,,,
9678,98.492287,,,,,,
9679,98.851402,,,,,,
9680,97.793060,,,,,,
9681,97.892876,,,,,,
9682,98.484283,,,,,,
9683,98.152565,,,,,,
9684,97.920822,,,,,,
9685,97.809235,,,,,,
9686,98.496170,,,,,,
9687,97.446518,,,,,,
9688,98.747803,,,,,,
9689,97.191238,,,,,,
9690,97.826698,,,,,,
9691,98.038132,,,,,,
9692,98.363037,,,,,,
9693,98.935547,,,,,,
9694,98.882767,,,,,,
9695,98.403542,,,,,,
9696,98.401566,,,,,,
9697,98.466660,,,,,,
9698,98.495415,,,,,,
9699,97.629196,,,,,,
9700,97.795441,,,,,,
9701,97.827133,,,,,,
9702,97.896141,,,,,,
9703,97.225090,,,,,,
9704,98.417114,,,,,,
9705,98.620720,,,,,,
9706,98.342644,,,,,,
9707,98.283386,,,,,,
9708,97.637131,,,,,,
9709,98.467796,,,,,,
9710,97.637016,,,,,,
9711,98.674927,,,,,,
9712,97.934364,,,,,,
9713,97.642738,,,,,,
9714,97.959129,,,,,,
9715,98.145264,,,,,,
9716,98.306923,,,,,,
9717,98.129959,,,,,,
9718,98.171188,,,,,,
9719,98.202202,,,,,,
9720,98.065506,,,,,,
9721,97.756371,,,,,,
9722,98.259933,,,,,,
9723,98.406357,,,,,,
9724,97.786575,,,,,,
9725,98.444748,,,,,,
9726,98.231300,,,,,,
9727,97.997452,,,,,,
9728,97.734329,,,,,,
9729,97.839684,,,,,,
9730,97.870621,,,,,,
9731,98.085579,,,,,,
9732,98.072296,,,,,,
9733,97.947266,,,,,,
9734,98.187981,,,,,,
9735,98.263992,,,,,,
9736,98.278069,,,,,,
9737,98.554474,,,,,,
9738,98.337265,,,,,,
9739,98.401138,,,,,,
9740,98.707008,,,,,,
9741,98.050034,,,,,,
9742,98.676605,,,,,,
9743,97.869629,,,,,,
9744,97.755089,,,,,,
9745,97.966743,,,,,,
9746,97.837761,,,,,,
9747,97.078789,,,,,,
9748,98.353966,,,,,,
9749,98.747169,,,,,,
9750,98.627312,,,,,,
9751,98.667908,,,,,,
9752,97.461784,,,,,,
9753,98.096443,,,,,,
9754,98.581924,,,,,,
9755,98.604660,,,,,,
9756,98.244347,,,,,,
9757,97.861404,,,,,,
9758,97.500298,,,,,,
9759,97.030975,,,,,,
9760,97.691780,,,,,,
9761,98.431175,,,,,,
9762,98.234802,,,,,,
9763,97.812088,,,,,,
9764,98.409958,,,,,,
9765,97.633904,,,,,,
9766,98.462326,,,,,,
9767,98.336624,,,,,,
9768,98.580200,,,,,,
9769,97.958580,,,,,,
9770,96.995682,,,,,,
9771,98.438377,,,,,,
9772,97.985008,,,,,,
9773,97.955528,,,,,,
9774,97.775871,,,,,,
9775,98.232819,,,,,,
9776,98.615234,,,,,,
9777,98.987579,,,,,,
9778,98.316696,,,,,,
9779,98.581223,,,,,,
9780,98.100128,,,,,,
9781,97.716751,,,,,,
9782,98.010689,,,,,,
9783,98.253326,,,,,,
9784,98.278465,,,,,,
9785,97.649559,,,,,,
9786,97.696396,,,,,,
9787,98.545433,,,,,,
9788,98.399612,,,,,,
9789,98.043770,,,,,,
9790,98.312683,,,,,,
9791,97.738586,,,,,,
9792,97.824097,,,,,,
9793,98.068436,,,,,,
9794,98.534210,,,,,,
9795,97.137245,,,,,,
9796,98.275719,,,,,,
9797,98.495651,,,,,,
9798,98.532379,,,,,,
9800,,77.650000,0.127794,,,,
9800,97.152054,,,,,,
9801,97.627716,,,,,,
9802,98.295845,,,,,,
9803,98.347115,,,,,,
9804,98.042419,,,,,,
9805,98.422569,,,,,,
9806,97.831718,,,,,,
9807,98.264984,,,,,,
9808,98.251320,,,,,,
9809,98.309959,,,,,,
9810,98.814491,,,,,,
9811,97.684296,,,,,,
9812,96.984398,,,,,,
9813,98.562218,,,,,,
9814,98.695488,,,,,,
9815,98.170502,,,,,,
9816,98.158394,,,,,,
9817,98.440933,,,,,,
9818,98.105133,,,,,,
9819,97.722321,,,,,,
9820,98.341423,,,,,,
9821,98.178406,,,,,,
9822,96.870026,,,,,,
9823,98.796059,,,,,,
9824,98.299217,,,,,,
9825,97.108177,,,,,,
9826,98.024925,,,,,,
9827,98.146072,,,,,,
9828,97.726089,,,,,,
9829,97.861153,,,,,,
9830,97.228859,,,,,,
9831,98.732620,,,,,,
9832,98.904007,,,,,,
9833,98.061485,,,,,,
9834,98.644218,,,,,,
9835,97.761528,,,,,,
9836,97.668167,,,,,,
9837,98.455185,,,,,,
9838,98.026535,,,,,,
9839,97.806816,,,,,,
9840,97.820770,,,,,,
9841,98.220299,,,,,,
9842,98.549751,,,,,,
9843,98.480820,,,,,,
9844,97.761932,,,,,,
9845,98.335655,,,,,,
9846,97.845840,,,,,,
9847,98.762878,,,,,,
9848,97.899300,,,,,,
9849,98.521088,,,,,,
9850,98.323822,,,,,,
9851,98.901962,,,,,,
9852,97.670723,,,,,,
9853,98.231354,,,,,,
9854,98.143517,,,,,,
9855,97.903374,,,,,,
9856,98.490738,,,,,,
9857,97.988495,,,,,,
9858,98.148132,,,,,,
9859,97.786232,,,,,,
9860,98.413307,,,,,,
9861,98.828934,,,,,,
9862,98.096352,,,,,,
9863,98.713669,,,,,,
9864,97.865608,,,,,,
9865,97.974297,,,,,,
9866,98.445694,,,,,,
9867,97.163078,,,,,,
9868,98.467224,,,,,,
9869,98.409401,,,,,,
9870,98.391937,,,,,,
9871,97.903137,,,,,,
9872,98.509735,,,,,,
9873,98.171318,,,,,,
9874,97.973923,,,,,,
9875,98.644936,,,,,,
9876,98.310936,,,,,,
9877,98.155464,,,,,,
9878,97.962891,,,,,,
9879,86.632919,,,,,,
9880,98.433479,,,,,,
9881,98.104126,,,,,,
9882,97.412827,,,,,,
9883,97.809059,,,,,,
9884,98.298599,,,,,,
9885,98.495163,,,,,,
9886,97.740059,,,,,,
9887,98.137634,,,,,,
9888,97.850624,,,,,,
9889,98.292213,,,,,,
9890,97.610535,,,,,,
9891,98.031609,,,,,,
9892,97.251793,,,,,,
9893,97.592422,,,,,,
9894,97.927597,,,,,,
9895,97.818024,,,,,,
9896,98.564789,,,,,,
9897,97.781784,,,,,,
9898,98.555992,,,,,,
9899,98.726738,,,,,,
9900,98.275345,,,,,,
9901,98.417511,,,,,,
9902,98.468506,,,,,,
9903,98.319321,,,,,,
9904,97.547226,,,,,,
9905,98.446373,,,,,,
9906,98.309700,,,,,,
9907,98.247635,,,,,,
9908,98.063759,,,,,,
9909,97.785210,,,,,,
9910,97.849945,,,,,,
9911,98.326103,,,,,,
9912,98.025345,,,,,,
9913,98.725044,,,,,,
9914,98.180908,,,,,,
9915,97.666451,,,,,,
9916,98.168709,,,,,,
9917,97.762634,,,,,,
9918,98.248924,,,,,,
9919,97.739693,,,,,,
9920,97.621231,,,,,,
9921,98.050285,,,,,,
9922,98.195259,,,,,,
9923,98.402534,,,,,,
9924,98.076744,,,,,,
9925,98.404099,,,,,,
9926,98.128059,,,,,,
9927,95.607521,,,,,,
9928,97.748688,,,,,,
9929,98.255531,,,,,,
9930,97.787430,,,,,,
9931,98.017746,,,,,,
9932,98.071175,,,,,,
9933,97.979843,,,,,,
9934,98.686264,,,,,,
9935,97.939262,,,,,,
9936,97.198608,,,,,,
9937,98.061302,,,,,,
9938,98.074226,,,,,,
9939,97.263771,,,,,,
9940,97.851913,,,,,,
9941,98.171349,,,,,,
9942,98.224777,,,,,,
9943,98.379677,,,,,,
9944,97.608200,,,,,,
9945,96.478157,,,,,,
9946,96.783218,,,,,,
9947,97.560074,,,,,,
9948,97.971100,,,,,,
9949,97.309982,,,,,,
9950,98.544785,,,,,,
9951,98.607864,,,,,,
9952,98.222420,,,,,,
9953,98.241096,,,,,,
9954,97.688126,,,,,,
9955,97.617859,,,,,,
9956,97.233208,,,,,,
9957,98.570236,,,,,,
9958,97.492950,,,,,,
9959,98.471458,,,,,,
9960,97.998642,,,,,,
9961,97.696655,,,,,,
9962,97.584511,,,,,,
9963,98.473236,,,,,,
9964,97.724625,,,,,,
9965,98.229179,,,,,,
9966,97.807434,,,,,,
9967,97.631104,,,,,,
9968,97.130684,,,,,,
9969,98.228073,,,,,,
9970,82.549835,,,,,,
9971,98.242027,,,,,,
9972,97.926361,,,,,,
9973,98.606323,,,,,,
9974,98.342064,,,,,,
9975,98.337196,,,,,,
9976,98.049461,,,,,,
9977,97.398415,,,,,,
9978,98.176262,,,,,,
9979,98.036125,,,,,,
9980,97.732742,,,,,,
9981,97.924843,,,,,,
9982,97.226387,,,,,,
9983,97.493576,,,,,,
9984,97.760040,,,,,,
9985,97.183777,,,,,,
9986,97.991188,,,,,,
9987,97.827103,,,,,,
9988,98.589607,,,,,,
9989,97.777657,,,,,,
9990,97.934090,,,,,,
9991,98.313828,,,,,,
9992,97.792244,,,,,,
9993,97.958000,,,,,,
9994,97.623665,,,,,,
9995,98.156586,,,,,,
9996,97.121193,,,,,,
9997,97.972923,,,,,,
9998,98.340111,,,,,,
10000,,77.860000,0.121741,,,,
10000,97.071411,,,,,,
10001,98.128586,,,,,,
10002,97.889297,,,,,,
10003,98.230225,,,,,,
10004,98.135361,,,,,,
10005,97.970505,,,,,,
10006,97.456528,,,,,,
10007,97.697983,,,,,,
10008,97.753952,,,,,,
10009,97.292252,,,,,,
10010,97.785812,,,,,,
10011,98.476074,,,,,,
10012,97.518265,,,,,,
10013,97.710312,,,,,,
10014,97.171043,,,,,,
10015,97.325386,,,,,,
10016,98.061340,,,,,,
10017,97.369583,,,,,,
10018,98.085793,,,,,,
10019,98.383751,,,,,,
10020,97.971809,,,,,,
10021,97.620399,,,,,,
10022,97.668678,,,,,,
10023,97.910751,,,,,,
10024,97.569344,,,,,,
10025,97.698433,,,,,,
10026,97.584938,,,,,,
10027,97.693443,,,,,,
10028,98.044586,,,,,,
10029,97.983231,,,,,,
10030,98.501266,,,,,,
10031,98.025909,,,,,,
10032,97.913963,,,,,,
10033,97.110519,,,,,,
10034,97.768646,,,,,,
10035,98.641060,,,,,,
10036,98.358971,,,,,,
10037,98.297821,,,,,,
10038,97.674599,,,,,,
10039,97.848213,,,,,,
10040,98.432976,,,,,,
10041,97.861961,,,,,,
10042,98.373131,,,,,,
10043,98.732567,,,,,,
10044,97.780487,,,,,,
10045,98.605469,,,,,,
10046,97.957718,,,,,,
10047,96.191727,,,,,,
10048,97.921410,,,,,,
10049,98.302032,,,,,,
10050,98.284531,,,,,,
10051,97.733589,,,,,,
10052,98.286201,,,,,,
10053,98.056442,,,,,,
10054,98.781151,,,,,,
10055,98.640091,,,,,,
10056,98.521790,,,,,,
10057,97.713676,,,,,,
10058,98.505264,,,,,,
10059,98.880913,,,,,,
10060,98.267456,,,,,,
10061,97.645729,,,,,,
10062,98.772980,,,,,,
10063,97.153191,,,,,,
10064,98.462563,,,,,,
10065,97.254669,,,,,,
10066,98.215286,,,,,,
10067,97.576202,,,,,,
10068,97.779938,,,,,,
10069,97.377922,,,,,,
10070,97.309746,,,,,,
10071,97.936569,,,,,,
10072,97.444923,,,,,,
10073,97.202812,,,,,,
10074,98.309700,,,,,,
10075,97.546638,,,,,,
10076,96.952705,,,,,,
10077,98.181870,,,,,,
10078,98.517822,,,,,,
10079,97.543800,,,,,,
10080,98.216034,,,,,,
10081,97.374588,,,,,,
10082,97.655716,,,,,,
10083,97.163490,,,,,,
10084,98.183113,,,,,,
10085,97.673805,,,,,,
10086,98.381294,,,,,,
10087,98.048164,,,,,,
10088,98.223938,,,,,,
10089,98.058296,,,,,,
10090,98.286774,,,,,,
10091,98.276779,,,,,,
10092,98.349571,,,,,,
10093,98.160599,,,,,,
10094,97.490036,,,,,,
10095,98.804489,,,,,,
10096,97.896118,,,,,,
10097,96.737732,,,,,,
10098,97.999123,,,,,,
10099,98.158089,,,,,,
10100,98.247246,,,,,,
10101,98.003372,,,,,,
10102,98.402145,,,,,,
10103,98.785324,,,,,,
10104,98.354004,,,,,,
10105,97.857231,,,,,,
10106,98.301422,,,,,,
10107,97.805046,,,,,,
10108,97.748497,,,,,,
10109,97.986038,,,,,,
10110,97.535568,,,,,,
10111,98.187836,,,,,,
10112,98.547668,,,,,,
10113,98.379135,,,,,,
10114,97.605309,,,,,,
10115,97.577003,,,,,,
10116,97.630013,,,,,,
10117,98.082481,,,,,,
10118,98.709190,,,,,,
10119,97.990555,,,,,,
10120,97.439804,,,,,,
10121,97.567581,,,,,,
10122,98.937447,,,,,,
10123,96.507393,,,,,,
10124,97.852707,,,,,,
10125,97.802467,,,,,,
10126,97.811707,,,,,,
10127,98.268623,,,,,,
10128,98.144760,,,,,,
10129,97.634659,,,,,,
10130,97.917564,,,,,,
10131,97.757408,,,,,,
10132,98.090523,,,,,,
10133,98.400833,,,,,,
10134,97.656319,,,,,,
10135,97.903305,,,,,,
10136,98.477654,,,,,,
10137,98.613495,,,,,,
10138,98.220726,,,,,,
10139,98.118469,,,,,,
10140,98.072769,,,,,,
10141,97.774849,,,,,,
10142,98.280815,,,,,,
10143,98.536453,,,,,,
10144,97.394814,,,,,,
10145,98.166069,,,,,,
10146,97.885979,,,,,,
10147,98.483421,,,,,,
10148,98.209343,,,,,,
10149,97.368309,,,,,,
10150,98.378937,,,,,,
10151,98.229500,,,,,,
10152,98.583992,,,,,,
10153,98.262878,,,,,,
10154,97.978508,,,,,,
10155,97.728050,,,,,,
10156,98.057747,,,,,,
10157,98.047226,,,,,,
10158,98.606979,,,,,,
10159,96.696297,,,,,,
10160,98.516953,,,,,,
10161,97.368217,,,,,,
10162,98.243881,,,,,,
10163,98.366142,,,,,,
10164,98.374657,,,,,,
10165,98.450035,,,,,,
10166,97.987160,,,,,,
10167,97.890732,,,,,,
10168,97.311050,,,,,,
10169,98.037659,,,,,,
10170,98.091331,,,,,,
10171,97.536659,,,,,,
10172,98.042152,,,,,,
10173,98.471161,,,,,,
10174,98.381409,,,,,,
10175,98.339127,,,,,,
10176,98.674362,,,,,,
10177,97.708771,,,,,,
10178,98.396370,,,,,,
10179,97.978699,,,,,,
10180,98.184853,,,,,,
10181,98.378914,,,,,,
10182,97.983192,,,,,,
10183,97.729614,,,,,,
10184,98.314049,,,,,,
10185,98.686348,,,,,,
10186,98.019295,,,,,,
10187,98.000542,,,,,,
10188,98.229744,,,,,,
10189,97.979462,,,,,,
10190,98.229576,,,,,,
10191,97.812164,,,,,,
10192,97.996765,,,,,,
10193,97.960732,,,,,,
10194,97.914864,,,,,,
10195,98.406517,,,,,,
10196,98.430824,,,,,,
10197,98.099113,,,,,,
10198,98.034393,,,,,,
10200,,77.510000,0.117752,,,,
10200,97.470642,,,,,,
10201,98.142097,,,,,,
10202,97.584213,,,,,,
10203,97.119278,,,,,,
10204,97.929482,,,,,,
10205,97.682487,,,,,,
10206,98.453552,,,,,,
10207,98.492065,,,,,,
10208,98.232063,,,,,,
10209,98.251259,,,,,,
10210,98.292328,,,,,,
10211,97.768478,,,,,,
10212,98.051521,,,,,,
10213,98.743385,,,,,,
10214,98.354111,,,,,,
10215,98.727997,,,,,,
10216,98.382423,,,,,,
10217,98.111794,,,,,,
10218,98.062851,,,,,,
10219,98.474487,,,,,,
10220,97.803604,,,,,,
10221,97.718246,,,,,,
10222,98.325844,,,,,,
10223,98.304947,,,,,,
10224,98.124199,,,,,,
10225,98.361206,,,,,,
10226,98.686058,,,,,,
10227,97.801796,,,,,,
10228,98.398521,,,,,,
10229,97.712479,,,,,,
10230,98.391968,,,,,,
10231,97.288849,,,,,,
10232,98.467888,,,,,,
10233,98.446228,,,,,,
10234,98.106148,,,,,,
10235,97.759972,,,,,,
10236,97.683388,,,,,,
10237,98.330452,,,,,,
10238,98.272179,,,,,,
10239,98.178856,,,,,,
10240,97.747726,,,,,,
10241,98.528061,,,,,,
10242,98.568550,,,,,,
10243,98.114532,,,,,,
10244,97.958717,,,,,,
10245,97.994560,,,,,,
10246,98.040329,,,,,,
10247,98.044662,,,,,,
10248,98.046013,,,,,,
10249,97.498665,,,,,,
10250,98.012527,,,,,,
10251,98.016014,,,,,,
10252,98.116356,,,,,,
10253,98.080894,,,,,,
10254,98.295372,,,,,,
10255,97.829506,,,,,,
10256,98.790642,,,,,,
10257,98.576065,,,,,,
10258,98.105324,,,,,,
10259,98.322853,,,,,,
10260,97.475533,,,,,,
10261,98.669762,,,,,,
10262,98.662857,,,,,,
10263,98.298470,,,,,,
10264,98.575165,,,,,,
10265,98.231232,,,,,,
10266,97.676308,,,,,,
10267,98.215073,,,,,,
10268,98.176788,,,,,,
10269,98.126083,,,,,,
10270,98.074448,,,,,,
10271,98.186798,,,,,,
10272,97.279694,,,,,,
10273,98.682167,,,,,,
10274,98.430893,,,,,,
10275,97.930115,,,,,,
10276,97.871605,,,,,,
10277,96.855423,,,,,,
10278,98.556892,,,,,,
10279,98.927277,,,,,,
10280,97.298782,,,,,,
10281,97.592918,,,,,,
10282,98.118652,,,,,,
10283,97.727547,,,,,,
10284,97.707619,,,,,,
10285,97.830093,,,,,,
10286,98.499977,,,,,,
10287,98.845528,,,,,,
10288,98.281792,,,,,,
10289,98.115517,,,,,,
10290,98.486534,,,,,,
10291,98.563377,,,,,,
10292,97.832695,,,,,,
10293,98.268478,,,,,,
10294,98.703415,,,,,,
10295,98.657478,,,,,,
10296,97.639687,,,,,,
10297,97.930717,,,,,,
10298,98.576050,,,,,,
10299,97.910088,,,,,,
10300,98.659317,,,,,,
10301,97.924637,,,,,,
10302,98.757698,,,,,,
10303,98.593269,,,,,,
10304,98.125549,,,,,,
10305,98.196739,,,,,,
10306,97.806335,,,,,,
10307,98.206810,,,,,,
10308,98.405930,,,,,,
10309,98.180176,,,,,,
10310,98.254837,,,,,,
10311,98.561707,,,,,,
10312,98.339554,,,,,,
10313,98.042023,,,,,,
10314,97.997528,,,,,,
10315,98.117706,,,,,,
10316,98.414558,,,,,,
10317,97.957390,,,,,,
10318,98.036461,,,,,,
10319,97.902458,,,,,,
10320,98.618095,,,,,,
10321,97.650803,,,,,,
10322,97.982971,,,,,,
10323,97.497818,,,,,,
10324,98.108467,,,,,,
10325,98.170792,,,,,,
10326,98.201637,,,,,,
10327,98.012291,,,,,,
10328,97.907890,,,,,,
10329,98.652466,,,,,,
10330,97.336349,,,,,,
10331,97.620499,,,,,,
10332,98.631279,,,,,,
10333,97.733795,,,,,,
10334,98.064941,,,,,,
10335,97.895271,,,,,,
10336,98.735626,,,,,,
10337,98.358459,,,,,,
10338,98.156494,,,,,,
10339,98.158958,,,,,,
10340,98.214035,,,,,,
10341,98.444511,,,,,,
10342,98.564003,,,,,,
10343,97.755234,,,,,,
10344,98.500114,,,,,,
10345,98.162369,,,,,,
10346,97.123840,,,,,,
10347,98.754532,,,,,,
10348,97.465950,,,,,,
10349,97.141792,,,,,,
10350,98.487625,,,,,,
10351,97.966644,,,,,,
10352,97.710167,,,,,,
10353,98.462601,,,,,,
10354,98.112747,,,,,,
10355,98.271591,,,,,,
10356,98.310257,,,,,,
10357,97.970245,,,,,,
10358,97.813690,,,,,,
10359,97.885536,,,,,,
10360,98.396751,,,,,,
10361,97.996544,,,,,,
10362,97.867615,,,,,,
10363,97.970520,,,,,,
10364,97.991600,,,,,,
10365,98.077965,,,,,,
10366,98.067810,,,,,,
10367,97.855888,,,,,,
10368,98.575180,,,,,,
10369,98.047401,,,,,,
10370,98.328613,,,,,,
10371,98.263939,,,,,,
10372,98.361282,,,,,,
10373,97.930214,,,,,,
10374,97.832054,,,,,,
10375,98.673691,,,,,,
10376,98.740616,,,,,,
10377,98.513245,,,,,,
10378,97.972496,,,,,,
10379,97.807655,,,,,,
10380,97.610611,,,,,,
10381,98.429604,,,,,,
10382,97.603134,,,,,,
10383,98.672798,,,,,,
10384,97.843102,,,,,,
10385,97.757027,,,,,,
10386,98.136620,,,,,,
10387,98.488602,,,,,,
10388,98.444344,,,,,,
10389,97.945137,,,,,,
10390,98.399139,,,,,,
10391,98.275230,,,,,,
10392,98.365440,,,,,,
10393,98.266533,,,,,,
10394,98.144775,,,,,,
10395,98.670944,,,,,,
10396,97.788231,,,,,,
10397,97.661400,,,,,,
10398,98.196434,,,,,,
10400,,77.850000,0.118845,,,,
10400,98.645729,,,,,,
10401,97.649071,,,,,,
10402,98.643448,,,,,,
10403,97.551285,,,,,,
10404,98.468674,,,,,,
10405,97.722389,,,,,,
10406,98.553299,,,,,,
10407,97.536125,,,,,,
10408,98.631386,,,,,,
10409,98.016640,,,,,,
10410,97.956085,,,,,,
10411,97.925842,,,,,,
10412,98.224327,,,,,,
10413,97.806854,,,,,,
10414,97.812355,,,,,,
10415,97.529930,,,,,,
10416,98.244095,,,,,,
10417,98.299965,,,,,,
10418,98.905739,,,,,,
10419,98.583626,,,,,,
10420,98.106987,,,,,,
10421,98.281548,,,,,,
10422,98.320152,,,,,,
10423,98.323914,,,,,,
10424,98.868439,,,,,,
10425,98.485657,,,,,,
10426,94.426964,,,,,,
10427,98.156540,,,,,,
10428,98.371552,,,,,,
10429,98.792000,,,,,,
10430,97.432838,,,,,,
10431,97.469498,,,,,,
10432,98.020859,,,,,,
10433,97.921272,,,,,,
10434,98.145470,,,,,,
10435,98.618408,,,,,,
10436,98.060272,,,,,,
10437,98.352615,,,,,,
10438,98.162910,,,,,,
10439,98.417648,,,,,,
10440,97.723076,,,,,,
10441,97.846130,,,,,,
10442,97.982071,,,,,,
10443,98.199898,,,,,,
10444,97.914886,,,,,,
10445,98.455200,,,,,,
10446,97.721832,,,,,,
10447,97.464752,,,,,,
10448,97.726868,,,,,,
10449,98.420143,,,,,,
10450,97.672028,,,,,,
10451,98.100990,,,,,,
10452,98.164330,,,,,,
10453,98.255852,,,,,,
10454,98.586243,,,,,,
10455,98.155029,,,,,,
10456,98.071030,,,,,,
10457,97.754333,,,,,,
10458,98.221985,,,,,,
10459,98.244507,,,,,,
10460,97.962639,,,,,,
10461,98.198578,,,,,,
10462,98.348572,,,,,,
10463,98.940582,,,,,,
10464,98.244064,,,,,,
10465,98.242798,,,,,,
10466,98.294304,,,,,,
10467,98.054573,,,,,,
10468,97.700775,,,,,,
10469,98.161888,,,,,,
10470,98.271927,,,,,,
10471,98.668655,,,,,,
10472,98.509811,,,,,,
10473,98.669617,,,,,,
10474,98.333801,,,,,,
10475,97.319199,,,,,,
10476,97.527794,,,,,,
10477,98.146179,,,,,,
10478,98.013947,,,,,,
10479,97.837288,,,,,,
10480,98.601311,,,,,,
10481,97.214241,,,,,,
10482,97.902359,,,,,,
10483,97.820946,,,,,,
10484,98.333565,,,,,,
10485,97.926872,,,,,,
10486,98.207184,,,,,,
10487,98.448524,,,,,,
10488,97.741631,,,,,,
10489,98.545578,,,,,,
10490,97.676842,,,,,,
10491,98.314476,,,,,,
10492,98.180275,,,,,,
10493,97.987869,,,,,,
10494,98.152786,,,,,,
10495,98.204742,,,,,,
10496,97.941010,,,,,,
10497,97.947762,,,,,,
10498,98.694290,,,,,,
10499,98.369179,,,,,,
10500,98.640594,,,,,,
10501,98.303139,,,,,,
10502,97.854019,,,,,,
10503,98.198982,,,,,,
10504,97.930405,,,,,,
10505,98.195587,,,,,,
10506,98.233337,,,,,,
10507,97.967628,,,,,,
10508,98.617607,,,,,,
10509,98.563019,,,,,,
10510,97.721451,,,,,,
10511,97.935410,,,,,,
10512,98.266266,,,,,,
10513,98.126503,,,,,,
10514,98.105911,,,,,,
10515,98.507309,,,,,,
10516,98.300041,,,,,,
10517,97.738335,,,,,,
10518,97.862160,,,,,,
10519,98.103432,,,,,,
10520,98.463593,,,,,,
10521,97.386375,,,,,,
10522,98.709885,,,,,,
10523,98.348122,,,,,,
10524,98.938995,,,,,,
10525,97.923325,,,,,,
10526,98.210114,,,,,,
10527,98.342293,,,,,,
10528,98.601921,,,,,,
10529,98.227425,,,,,,
10530,98.029968,,,,,,
10531,98.014221,,,,,,
10532,97.687019,,,,,,
10533,98.166840,,,,,,
10534,98.808365,,,,,,
10535,98.487488,,,,,,
10536,97.719528,,,,,,
10537,98.463631,,,,,,
10538,97.620911,,,,,,
10539,98.484161,,,,,,
10540,98.607475,,,,,,
10541,97.972366,,,,,,
10542,98.456146,,,,,,
10543,98.558662,,,,,,
10544,98.649368,,,,,,
10545,98.397453,,,,,,
10546,98.341766,,,,,,
10547,97.679489,,,,,,
10548,98.977013,,,,,,
10549,97.874863,,,,,,
10550,97.057198,,,,,,
10551,98.123856,,,,,,
10552,98.395760,,,,,,
10553,98.601677,,,,,,
10554,98.176575,,,,,,
10555,97.819290,,,,,,
10556,98.617867,,,,,,
10557,98.061844,,,,,,
10558,97.735657,,,,,,
10559,97.769035,,,,,,
10560,98.134438,,,,,,
10561,99.065048,,,,,,
10562,98.193901,,,,,,
10563,98.011856,,,,,,
10564,97.805038,,,,,,
10565,97.916069,,,,,,
10566,98.604225,,,,,,
10567,98.118019,,,,,,
10568,98.172615,,,,,,
10569,97.845299,,,,,,
10570,98.551880,,,,,,
10571,98.379189,,,,,,
10572,97.785133,,,,,,
10573,98.694084,,,,,,
10574,98.321915,,,,,,
10575,97.799393,,,,,,
10576,98.442459,,,,,,
10577,98.257996,,,,,,
10578,97.872009,,,,,,
10579,97.453316,,,,,,
10580,98.157799,,,,,,
10581,98.235527,,,,,,
10582,98.410309,,,,,,
10583,98.388222,,,,,,
10584,96.846092,,,,,,
10585,97.865974,,,,,,
10586,98.025414,,,,,,
10587,98.495186,,,,,,
10588,98.162170,,,,,,
10589,97.989990,,,,,,
10590,97.991089,,,,,,
10591,97.810181,,,,,,
10592,98.372444,,,,,,
10593,98.023941,,,,,,
10594,97.997841,,,,,,
10595,98.355019,,,,,,
10596,98.297974,,,,,,
10597,98.282082,,,,,,
10598,97.949310,,,,,,
10600,,77.570000,0.114476,,,,
10600,98.079544,,,,,,
10601,97.885429,,,,,,
10602,97.661903,,,,,,
10603,97.389481,,,,,,
10604,98.211487,,,,,,
10605,98.187286,,,,,,
10606,98.091347,,,,,,
10607,98.052925,,,,,,
10608,97.151825,,,,,,
10609,98.514923,,,,,,
10610,98.040108,,,,,,
10611,98.538132,,,,,,
10612,97.881638,,,,,,
10613,98.253304,,,,,,
10614,98.170296,,,,,,
10615,97.707199,,,,,,
10616,98.417816,,,,,,
10617,97.947304,,,,,,
10618,98.074951,,,,,,
10619,98.618240,,,,,,
10620,98.164162,,,,,,
10621,98.534416,,,,,,
10622,98.045151,,,,,,
10623,98.460739,,,,,,
10624,98.671761,,,,,,
10625,98.040146,,,,,,
10626,97.994026,,,,,,
10627,98.377525,,,,,,
10628,98.642670,,,,,,
10629,98.440079,,,,,,
10630,98.381142,,,,,,
10631,98.726074,,,,,,
10632,98.033005,,,,,,
10633,98.488556,,,,,,
10634,98.369492,,,,,,
10635,97.905449,,,,,,
10636,97.597687,,,,,,
10637,97.917091,,,,,,
10638,97.857185,,,,,,
10639,97.722969,,,,,,
10640,98.683578,,,,,,
10641,97.803719,,,,,,
10642,98.539841,,,,,,
10643,97.446770,,,,,,
10644,98.217728,,,,,,
10645,97.568527,,,,,,
10646,98.397629,,,,,,
10647,97.698792,,,,,,
10648,97.208717,,,,,,
10649,98.302460,,,,,,
10650,98.301071,,,,,,
10651,97.971283,,,,,,
10652,98.743591,,,,,,
10653,98.481476,,,,,,
10654,98.337662,,,,,,
10655,98.465836,,,,,,
10656,97.928238,,,,,,
10657,97.891464,,,,,,
10658,98.167313,,,,,,
10659,98.381500,,,,,,
10660,97.660469,,,,,,
10661,98.799561,,,,,,
10662,98.061134,,,,,,
10663,97.809822,,,,,,
10664,98.812263,,,,,,
10665,98.442200,,,,,,
10666,98.103676,,,,,,
10667,98.263939,,,,,,
10668,98.920570,,,,,,
10669,98.601250,,,,,,
10670,98.061028,,,,,,
10671,97.689682,,,,,,
10672,98.369804,,,,,,
10673,98.608383,,,,,,
10674,98.128105,,,,,,
10675,97.914772,,,,,,
10676,97.967628,,,,,,
10677,98.017471,,,,,,
10678,98.438919,,,,,,
10679,98.564377,,,,,,
10680,97.905968,,,,,,
10681,97.266090,,,,,,
10682,98.186546,,,,,,
10683,98.414360,,,,,,
10684,98.191849,,,,,,
10685,98.565262,,,,,,
10686,98.106575,,,,,,
10687,98.173325,,,,,,
10688,98.663277,,,,,,
10689,98.296288,,,,,,
10690,98.062080,,,,,,
10691,98.061111,,,,,,
10692,97.704872,,,,,,
10693,98.601494,,,,,,
10694,97.840309,,,,,,
10695,98.647789,,,,,,
10696,98.411514,,,,,,
10697,97.453728,,,,,,
10698,98.145416,,,,,,
10699,97.855858,,,,,,
10700,97.762611,,,,,,
10701,98.601501,,,,,,
10702,98.460686,,,,,,
10703,97.282524,,,,,,
10704,98.412613,,,,,,
10705,98.620461,,,,,,
10706,98.485268,,,,,,
10707,97.615013,,,,,,
10708,98.679108,,,,,,
10709,98.422577,,,,,,
10710,98.518135,,,,,,
10711,98.702873,,,,,,
10712,97.443871,,,,,,
10713,98.396423,,,,,,
10714,97.019753,,,,,,
10715,98.146645,,,,,,
10716,98.461418,,,,,,
10717,97.702438,,,,,,
10718,98.814751,,,,,,
10719,98.346992,,,,,,
10720,97.692711,,,,,,
10721,98.810455,,,,,,
10722,98.155014,,,,,,
10723,98.295578,,,,,,
10724,95.743073,,,,,,
10725,98.453415,,,,,,
10726,98.481773,,,,,,
10727,98.146973,,,,,,
10728,98.181877,,,,,,
10729,97.810349,,,,,,
10730,98.677094,,,,,,
10731,98.133492,,,,,,
10732,98.166550,,,,,,
10733,98.084328,,,,,,
10734,97.991447,,,,,,
10735,97.709114,,,,,,
10736,98.634758,,,,,,
10737,98.565277,,,,,,
10738,98.151604,,,,,,
10739,98.121124,,,,,,
10740,97.795685,,,,,,
10741,98.006073,,,,,,
10742,98.643250,,,,,,
10743,97.747856,,,,,,
10744,98.288033,,,,,,
10745,98.231339,,,,,,
10746,97.686859,,,,,,
10747,97.501633,,,,,,
10748,97.569885,,,,,,
10749,98.716103,,,,,,
10750,98.527199,,,,,,
10751,98.615555,,,,,,
10752,97.958748,,,,,,
10753,97.969490,,,,,,
10754,97.556343,,,,,,
10755,98.127190,,,,,,
10756,98.290863,,,,,,
10757,98.647224,,,,,,
10758,98.554916,,,,,,
10759,97.444664,,,,,,
10760,98.210030,,,,,,
10761,98.221275,,,,,,
10762,98.016594,,,,,,
10763,98.374001,,,,,,
10764,98.538628,,,,,,
10765,98.778198,,,,,,
10766,98.639374,,,,,,
10767,98.230560,,,,,,
10768,97.729042,,,,,,
10769,97.939255,,,,,,
10770,98.784149,,,,,,
10771,97.012985,,,,,,
10772,98.050201,,,,,,
10773,98.683350,,,,,,
10774,97.787872,,,,,,
10775,97.567085,,,,,,
10776,98.014290,,,,,,
10777,97.811195,,,,,,
10778,99.031738,,,,,,
10779,98.617432,,,,,,
10780,97.940926,,,,,,
10781,98.320419,,,,,,
10782,98.387550,,,,,,
10783,98.492050,,,,,,
10784,98.177208,,,,,,
10785,97.723656,,,,,,
10786,98.125000,,,,,,
10787,97.487488,,,,,,
10788,98.816948,,,,,,
10789,98.242325,,,,,,
10790,98.201118,,,,,,
10791,97.917366,,,,,,
10792,98.189285,,,,,,
10793,97.486244,,,,,,
10794,98.447006,,,,,,
10795,98.791573,,,,,,
10796,98.175293,,,,,,
10797,98.739105,,,,,,
10798,98.736969,,,,,,
10800,,78.100000,0.117155,,,,
10800,98.064323,,,,,,
10801,98.498299,,,,,,
10802,98.199944,,,,,,
10803,98.268929,,,,,,
10804,98.391914,,,,,,
10805,98.546028,,,,,,
10806,98.373390,,,,,,
10807,97.574883,,,,,,
10808,98.406540,,,,,,
10809,98.616432,,,,,,
10810,98.830215,,,,,,
10811,98.210312,,,,,,
10812,97.634377,,,,,,
10813,98.014801,,,,,,
10814,97.810364,,,,,,
10815,98.120659,,,,,,
10816,98.325844,,,,,,
10817,98.037636,,,,,,
10818,98.259544,,,,,,
10819,98.215584,,,,,,
10820,98.083618,,,,,,
10821,98.402084,,,,,,
10822,98.676865,,,,,,
10823,97.709946,,,,,,
10824,98.807365,,,,,,
10825,98.804703,,,,,,
10826,98.692352,,,,,,
10827,98.181564,,,,,,
10828,97.622276,,,,,,
10829,97.825394,,,,,,
10830,97.633499,,,,,,
10831,97.318542,,,,,,
10832,97.264656,,,,,,
10833,97.835938,,,,,,
10834,97.465103,,,,,,
10835,98.597321,,,,,,
10836,98.038536,,,,,,
10837,98.299515,,,,,,
10838,98.431084,,,,,,
10839,98.477699,,,,,,
10840,98.134262,,,,,,
10841,96.911789,,,,,,
10842,98.233772,,,,,,
10843,97.834427,,,,,,
10844,98.016121,,,,,,
10845,97.743668,,,,,,
10846,98.696243,,,,,,
10847,98.484116,,,,,,
10848,98.253586,,,,,,
10849,98.772766,,,,,,
10850,98.527367,,,,,,
10851,97.762772,,,,,,
10852,98.637390,,,,,,
10853,98.390961,,,,,,
10854,98.118889,,,,,,
10855,98.793358,,,,,,
10856,98.152603,,,,,,
10857,98.001884,,,,,,
10858,97.511444,,,,,,
10859,98.722366,,,,,,
10860,98.426559,,,,,,
10861,97.848351,,,,,,
10862,98.210907,,,,,,
10863,98.432587,,,,,,
10864,98.139099,,,,,,
10865,98.759171,,,,,,
10866,97.405510,,,,,,
10867,98.333717,,,,,,
10868,98.351166,,,,,,
10869,97.765533,,,,,,
10870,97.424805,,,,,,
10871,98.079956,,,,,,
10872,97.906303,,,,,,
10873,98.002731,,,,,,
10874,98.427727,,,,,,
10875,98.449760,,,,,,
10876,98.156967,,,,,,
10877,98.335648,,,,,,
10878,97.363579,,,,,,
10879,98.197762,,,,,,
10880,98.063347,,,,,,
10881,97.888779,,,,,,
10882,98.806465,,,,,,
10883,98.414352,,,,,,
10884,98.947472,,,,,,
10885,98.142700,,,,,,
10886,98.465294,,,,,,
10887,98.261108,,,,,,
10888,97.873268,,,,,,
10889,98.081627,,,,,,
10890,98.354408,,,,,,
10891,98.192307,,,,,,
10892,98.595924,,,,,,
10893,98.130371,,,,,,
10894,97.540886,,,,,,
10895,98.562279,,,,,,
10896,97.899254,,,,,,
10897,98.066895,,,,,,
10898,98.182892,,,,,,
10899,98.149864,,,,,,
10900,98.125153,,,,,,
10901,98.642426,,,,,,
10902,97.608696,,,,,,
10903,97.912552,,,,,,
10904,98.676819,,,,,,
10905,97.841049,,,,,,
10906,98.436523,,,,,,
10907,98.034599,,,,,,
10908,98.311539,,,,,,
10909,98.228836,,,,,,
10910,98.596481,,,,,,
10911,98.723946,,,,,,
10912,98.712997,,,,,,
10913,98.304344,,,,,,
10914,98.218086,,,,,,
10915,98.148666,,,,,,
10916,98.268112,,,,,,
10917,98.476105,,,,,,
10918,98.039772,,,,,,
10919,98.061264,,,,,,
10920,97.511459,,,,,,
10921,97.652092,,,,,,
10922,97.965599,,,,,,
10923,98.618408,,,,,,
10924,97.700150,,,,,,
10925,97.998932,,,,,,
10926,98.799431,,,,,,
10927,98.808640,,,,,,
10928,98.541954,,,,,,
10929,98.408020,,,,,,
10930,98.358521,,,,,,
10931,98.139229,,,,,,
10932,98.858017,,,,,,
10933,98.249969,,,,,,
10934,97.460320,,,,,,
10935,98.466797,,,,,,
10936,97.667870,,,,,,
10937,98.409225,,,,,,
10938,98.487579,,,,,,
10939,98.897606,,,,,,
10940,98.019768,,,,,,
10941,97.411850,,,,,,
10942,98.554848,,,,,,
10943,98.444954,,,,,,
10944,98.337540,,,,,,
10945,97.829109,,,,,,
10946,98.191795,,,,,,
10947,97.872406,,,,,,
10948,98.217918,,,,,,
10949,98.327843,,,,,,
10950,97.876244,,,,,,
10951,98.731529,,,,,,
10952,97.904510,,,,,,
10953,97.353386,,,,,,
10954,98.536499,,,,,,
10955,98.589104,,,,,,
10956,98.661255,,,,,,
10957,98.626938,,,,,,
10958,98.443848,,,,,,
10959,98.624313,,,,,,
10960,97.992096,,,,,,
10961,97.776917,,,,,,
10962,98.450691,,,,,,
10963,98.318581,,,,,,
10964,97.765060,,,,,,
10965,98.719498,,,,,,
10966,98.440918,,,,,,
10967,97.632484,,,,,,
10968,97.978653,,,,,,
10969,98.343102,,,,,,
10970,98.366608,,,,,,
10971,98.173843,,,,,,
10972,98.570076,,,,,,
10973,98.421478,,,,,,
10974,98.191933,,,,,,
10975,98.290871,,,,,,
10976,98.230782,,,,,,
10977,98.532753,,,,,,
10978,97.994873,,,,,,
10979,98.393394,,,,,,
10980,97.789162,,,,,,
10981,97.749924,,,,,,
10982,98.158455,,,,,,
10983,98.127579,,,,,,
10984,98.052460,,,,,,
10985,97.983322,,,,,,
10986,97.648949,,,,,,
10987,97.765335,,,,,,
10988,98.469849,,,,,,
10989,97.867607,,,,,,
10990,98.065704,,,,,,
10991,98.707359,,,,,,
10992,98.274635,,,,,,
10993,97.935364,,,,,,
10994,98.203712,,,,,,
10995,97.884636,,,,,,
10996,98.252800,,,,,,
10997,98.035141,,,,,,
10998,97.996765,,,,,,
11000,,77.940000,0.123850,,,,
11000,97.787086,,,,,,
11001,98.217430,,,,,,
11002,98.760101,,,,,,
11003,98.649048,,,,,,
11004,98.027458,,,,,,
11005,97.764427,,,,,,
11006,98.406326,,,,,,
11007,97.935341,,,,,,
11008,98.091125,,,,,,
11009,98.084679,,,,,,
11010,98.278885,,,,,,
11011,98.730820,,,,,,
11012,98.307251,,,,,,
11013,97.957268,,,,,,
11014,98.025116,,,,,,
11015,98.404312,,,,,,
11016,98.323662,,,,,,
11017,98.675323,,,,,,
11018,98.370918,,,,,,
11019,97.378319,,,,,,
11020,98.094650,,,,,,
11021,97.575668,,,,,,
11022,97.726837,,,,,,
11023,97.617996,,,,,,
11024,97.844658,,,,,,
11025,98.587791,,,,,,
11026,98.308136,,,,,,
11027,98.472702,,,,,,
11028,98.205986,,,,,,
11029,98.610008,,,,,,
11030,97.791023,,,,,,
11031,97.728371,,,,,,
11032,98.506660,,,,,,
11033,98.272194,,,,,,
11034,98.105782,,,,,,
11035,97.718193,,,,,,
11036,97.305183,,,,,,
11037,98.509010,,,,,,
11038,98.293427,,,,,,
11039,98.008789,,,,,,
11040,98.433037,,,,,,
11041,98.998360,,,,,,
11042,98.171623,,,,,,
11043,98.379051,,,,,,
11044,98.075027,,,,,,
11045,98.166328,,,,,,
11046,97.618752,,,,,,
11047,98.402893,,,,,,
11048,98.255501,,,,,,
11049,98.173828,,,,,,
11050,98.537704,,,,,,
11051,97.829956,,,,,,
11052,97.804184,,,,,,
11053,98.295654,,,,,,
11054,98.774368,,,,,,
11055,98.135460,,,,,,
11056,98.720291,,,,,,
11057,98.534660,,,,,,
11058,97.916710,,,,,,
11059,97.983635,,,,,,
11060,97.707657,,,,,,
11061,97.653366,,,,,,
11062,97.927307,,,,,,
11063,97.259491,,,,,,
11064,98.333229,,,,,,
11065,97.361771,,,,,,
11066,98.672958,,,,,,
11067,98.731483,,,,,,
11068,98.383392,,,,,,
11069,98.500427,,,,,,
11070,98.404861,,,,,,
11071,98.472389,,,,,,
11072,98.414818,,,,,,
11073,98.527710,,,,,,
11074,98.263237,,,,,,
11075,97.690842,,,,,,
11076,98.213326,,,,,,
11077,97.986465,,,,,,
11078,98.205048,,,,,,
11079,97.829453,,,,,,
11080,97.623131,,,,,,
11081,98.572487,,,,,,
11082,98.769585,,,,,,
11083,98.478767,,,,,,
11084,98.471237,,,,,,
11085,98.783981,,,,,,
11086,97.933319,,,,,,
11087,98.254883,,,,,,
11088,97.057281,,,,,,
11089,98.105911,,,,,,
11090,98.247070,,,,,,
11091,98.829948,,,,,,
11092,98.668411,,,,,,
11093,98.467484,,,,,,
11094,98.442528,,,,,,
11095,98.240555,,,,,,
11096,98.328865,,,,,,
11097,98.146652,,,,,,
11098,98.264648,,,,,,
11099,98.038490,,,,,,
11100,98.121941,,,,,,
11101,98.550980,,,,,,
11102,98.296364,,,,,,
11103,98.482437,,,,,,
11104,98.542908,,,,,,
11105,98.163788,,,,,,
11106,97.294701,,,,,,
11107,98.159279,,,,,,
11108,98.295097,,,,,,
11109,98.046829,,,,,,
11110,97.399406,,,,,,
11111,98.272171,,,,,,
11112,98.720779,,,,,,
11113,98.675117,,,,,,
11114,98.471954,,,,,,
11115,97.906433,,,,,,
11116,98.750351,,,,,,
11117,98.453438,,,,,,
11118,98.370041,,,,,,
11119,98.701912,,,,,,
11120,98.142303,,,,,,
11121,98.244225,,,,,,
11122,98.305389,,,,,,
11123,98.567162,,,,,,
11124,98.190910,,,,,,
11125,98.208794,,,,,,
11126,98.351746,,,,,,
11127,97.358536,,,,,,
11128,98.484772,,,,,,
11129,96.900299,,,,,,
11130,98.651810,,,,,,
11131,97.768944,,,,,,
11132,98.302658,,,,,,
11133,97.351540,,,,,,
11134,97.448433,,,,,,
11135,98.472321,,,,,,
11136,97.843697,,,,,,
11137,97.988220,,,,,,
11138,98.605804,,,,,,
11139,97.841965,,,,,,
11140,98.563385,,,,,,
11141,98.235947,,,,,,
11142,98.508537,,,,,,
11143,98.414505,,,,,,
11144,98.195267,,,,,,
11145,98.335976,,,,,,
11146,98.821404,,,,,,
11147,98.065727,,,,,,
11148,98.474922,,,,,,
11149,98.745491,,,,,,
11150,98.227112,,,,,,
11151,98.350327,,,,,,
11152,98.406929,,,,,,
11153,97.496803,,,,,,
11154,98.121918,,,,,,
11155,98.210213,,,,,,
11156,98.246086,,,,,,
11157,96.477531,,,,,,
11158,97.946930,,,,,,
11159,98.673874,,,,,,
11160,97.628410,,,,,,
11161,98.420403,,,,,,
11162,98.898842,,,,,,
11163,98.347733,,,,,,
11164,98.242599,,,,,,
11165,97.959274,,,,,,
11166,97.841400,,,,,,
11167,98.209137,,,,,,
11168,98.696304,,,,,,
11169,98.547264,,,,,,
11170,98.601540,,,,,,
11171,97.863770,,,,,,
11172,97.956451,,,,,,
11173,98.149567,,,,,,
11174,98.267677,,,,,,
11175,98.254021,,,,,,
11176,97.719467,,,,,,
11177,98.359703,,,,,,
11178,97.849777,,,,,,
11179,98.368126,,,,,,
11180,98.356987,,,,,,
11181,97.863464,,,,,,
11182,98.362343,,,,,,
11183,98.242538,,,,,,
11184,98.085587,,,,,,
11185,97.704338,,,,,,
11186,97.957085,,,,,,
11187,97.624832,,,,,,
11188,97.938026,,,,,,
11189,98.061668,,,,,,
11190,98.394554,,,,,,
11191,97.800987,,,,,,
11192,97.281006,,,,,,
11193,98.622162,,,,,,
11194,97.603577,,,,,,
11195,98.590248,,,,,,
11196,97.952667,,,,,,
11197,98.949188,,,,,,
11198,97.927299,,,,,,
11200,,79.040000,0.131175,,,,
11200,97.857147,,,,,,
11201,98.696251,,,,,,
11202,97.966858,,,,,,
11203,97.614388,,,,,,
11204,98.206467,,,,,,
11205,98.895012,,,,,,
11206,98.266876,,,,,,
11207,97.872993,,,,,,
11208,97.933327,,,,,,
11209,98.283691,,,,,,
11210,98.274559,,,,,,
11211,98.311073,,,,,,
11212,98.775871,,,,,,
11213,98.210030,,,,,,
11214,97.646591,,,,,,
11215,98.376343,,,,,,
11216,97.823891,,,,,,
11217,98.314911,,,,,,
11218,98.491226,,,,,,
11219,97.728767,,,,,,
11220,98.584114,,,,,,
11221,98.276077,,,,,,
11222,97.875336,,,,,,
11223,98.271561,,,,,,
11224,97.889671,,,,,,
11225,98.371140,,,,,,
11226,98.176285,,,,,,
11227,98.410690,,,,,,
11228,98.091797,,,,,,
11229,98.448418,,,,,,
11230,98.304688,,,,,,
11231,98.392097,,,,,,
11232,97.543549,,,,,,
11233,98.137901,,,,,,
11234,97.905296,,,,,,
11235,98.342232,,,,,,
11236,95.636475,,,,,,
11237,98.110603,,,,,,
11238,97.149574,,,,,,
11239,98.090424,,,,,,
11240,98.196678,,,,,,
11241,98.708527,,,,,,
11242,98.458580,,,,,,
11243,97.588585,,,,,,
11244,98.563965,,,,,,
11245,97.617325,,,,,,
11246,98.641960,,,,,,
11247,98.262207,,,,,,
11248,98.063637,,,,,,
11249,98.126900,,,,,,
11250,98.067299,,,,,,
11251,98.615997,,,,,,
11252,98.499413,,,,,,
11253,98.165031,,,,,,
11254,97.924919,,,,,,
11255,98.080681,,,,,,
11256,97.300583,,,,,,
11257,98.626793,,,,,,
11258,98.116447,,,,,,
11259,97.465904,,,,,,
11260,98.174782,,,,,,
11261,97.899895,,,,,,
11262,98.045448,,,,,,
11263,96.521088,,,,,,
11264,97.955376,,,,,,
11265,98.078293,,,,,,
11266,98.418205,,,,,,
11267,98.362976,,,,,,
11268,97.324760,,,,,,
11269,96.518723,,,,,,
11270,98.069260,,,,,,
11271,97.867722,,,,,,
11272,98.578117,,,,,,
11273,98.631180,,,,,,
11274,98.514771,,,,,,
11275,97.134232,,,,,,
11276,98.345581,,,,,,
11277,97.556252,,,,,,
11278,97.587952,,,,,,
11279,97.699432,,,,,,
11280,98.150444,,,,,,
11281,97.793770,,,,,,
11282,98.276344,,,,,,
11283,98.485718,,,,,,
11284,98.417870,,,,,,
11285,98.562859,,,,,,
11286,98.620979,,,,,,
11287,98.604866,,,,,,
11288,98.781372,,,,,,
11289,97.636909,,,,,,
11290,97.619255,,,,,,
11291,97.482498,,,,,,
11292,98.083160,,,,,,
11293,98.274857,,,,,,
11294,98.294655,,,,,,
11295,98.537491,,,,,,
11296,98.303932,,,,,,
11297,98.098587,,,,,,
11298,97.555748,,,,,,
11299,98.428680,,,,,,
11300,98.211884,,,,,,
11301,98.122719,,,,,,
11302,97.398033,,,,,,
11303,98.020927,,,,,,
11304,98.411568,,,,,,
11305,97.504906,,,,,,
11306,97.593430,,,,,,
11307,98.271561,,,,,,
11308,98.536659,,,,,,
11309,98.679680,,,,,,
11310,97.977119,,,,,,
11311,98.462082,,,,,,
11312,97.909592,,,,,,
11313,97.169205,,,,,,
11314,98.447029,,,,,,
11315,97.794273,,,,,,
11316,98.185867,,,,,,
11317,97.989189,,,,,,
11318,97.572128,,,,,,
11319,98.140060,,,,,,
11320,98.232750,,,,,,
11321,98.052132,,,,,,
11322,98.431587,,,,,,
11323,98.555855,,,,,,
11324,97.091980,,,,,,
11325,98.602005,,,,,,
11326,97.778252,,,,,,
11327,98.251312,,,,,,
11328,97.022316,,,,,,
11329,98.378204,,,,,,
11330,98.456268,,,,,,
11331,97.949646,,,,,,
11332,98.610794,,,,,,
11333,98.053635,,,,,,
11334,98.330254,,,,,,
11335,96.803352,,,,,,
11336,98.043365,,,,,,
11337,98.611313,,,,,,
11338,98.765030,,,,,,
11339,97.783844,,,,,,
11340,97.939209,,,,,,
11341,97.985039,,,,,,
11342,98.502655,,,,,,
11343,96.777573,,,,,,
11344,97.902710,,,,,,
11345,97.675171,,,,,,
11346,98.119011,,,,,,
11347,98.279015,,,,,,
11348,98.504242,,,,,,
11349,98.059982,,,,,,
11350,98.318695,,,,,,
11351,98.299751,,,,,,
11352,97.765182,,,,,,
11353,98.220932,,,,,,
11354,98.380219,,,,,,
11355,98.535995,,,,,,
11356,98.266037,,,,,,
11357,98.175179,,,,,,
11358,98.385979,,,,,,
11359,98.249016,,,,,,
11360,98.120262,,,,,,
11361,98.100204,,,,,,
11362,98.333382,,,,,,
11363,97.339516,,,,,,
11364,98.539070,,,,,,
11365,97.420502,,,,,,
11366,98.410606,,,,,,
11367,97.853363,,,,,,
11368,98.319969,,,,,,
11369,97.660294,,,,,,
11370,98.317741,,,,,,
11371,98.587746,,,,,,
11372,98.235458,,,,,,
11373,98.220474,,,,,,
11374,98.340652,,,,,,
11375,98.250984,,,,,,
11376,98.228607,,,,,,
11377,98.346870,,,,,,
11378,98.315956,,,,,,
11379,98.510689,,,,,,
11380,97.998581,,,,,,
11381,97.926819,,,,,,
11382,98.508575,,,,,,
11383,98.657143,,,,,,
11384,98.285583,,,,,,
11385,97.847359,,,,,,
11386,98.581078,,,,,,
11387,98.732201,,,,,,
11388,97.851463,,,,,,
11389,97.956169,,,,,,
11390,98.222145,,,,,,
11391,98.172882,,,,,,
11392,98.702667,,,,,,
11393,98.495453,,,,,,
11394,98.463852,,,,,,
11395,98.656860,,,,,,
11396,98.074959,,,,,,
11397,98.563179,,,,,,
11398,98.709892,,,,,,
11400,,78.020000,0.118740,,,,
11400,97.723793,,,,,,
11401,97.636505,,,,,,
11402,98.188133,,,,,,
11403,98.234436,,,,,,
11404,97.809357,,,,,,
11405,98.002571,,,,,,
11406,98.347946,,,,,,
11407,98.094498,,,,,,
11408,98.728493,,,,,,
11409,97.680649,,,,,,
11410,98.219582,,,,,,
11411,98.677986,,,,,,
11412,98.365196,,,,,,
11413,98.147835,,,,,,
11414,98.717613,,,,,,
11415,98.001175,,,,,,
11416,98.085938,,,,,,
11417,97.844398,,,,,,
11418,98.108582,,,,,,
11419,98.124077,,,,,,
11420,98.344620,,,,,,
11421,98.486450,,,,,,
11422,98.246918,,,,,,
11423,98.339989,,,,,,
11424,98.142700,,,,,,
11425,97.941521,,,,,,
11426,97.846916,,,,,,
11427,98.053642,,,,,,
11428,98.069992,,,,,,
11429,97.748466,,,,,,
11430,97.409904,,,,,,
11431,97.518875,,,,,,
11432,98.455429,,,,,,
11433,98.692024,,,,,,
11434,98.170998,,,,,,
11435,97.658585,,,,,,
11436,98.563103,,,,,,
11437,98.062714,,,,,,
11438,98.662689,,,,,,
11439,98.212791,,,,,,
11440,98.424950,,,,,,
11441,97.927612,,,,,,
11442,98.109100,,,,,,
11443,98.127869,,,,,,
11444,98.260475,,,,,,
11445,98.504364,,,,,,
11446,98.455162,,,,,,
11447,97.533813,,,,,,
11448,98.679123,,,,,,
11449,97.667358,,,,,,
11450,98.693245,,,,,,
11451,97.974869,,,,,,
11452,97.987038,,,,,,
11453,97.290085,,,,,,
11454,97.579247,,,,,,
11455,98.477615,,,,,,
11456,97.885422,,,,,,
11457,98.302460,,,,,,
11458,97.456917,,,,,,
11459,98.107193,,,,,,
11460,98.124458,,,,,,
11461,98.085960,,,,,,
11462,98.204643,,,,,,
11463,98.569389,,,,,,
11464,98.406563,,,,,,
11465,98.730049,,,,,,
11466,98.340523,,,,,,
11467,98.535606,,,,,,
11468,98.381226,,,,,,
11469,98.430367,,,,,,
11470,98.454437,,,,,,
11471,97.672409,,,,,,
11472,98.445259,,,,,,
11473,98.745155,,,,,,
11474,98.174133,,,,,,
11475,98.295929,,,,,,
11476,97.785904,,,,,,
11477,98.038910,,,,,,
11478,98.084541,,,,,,
11479,98.253113,,,,,,
11480,98.539787,,,,,,
11481,98.343887,,,,,,
11482,97.961861,,,,,,
11483,98.357681,,,,,,
11484,98.393013,,,,,,
11485,97.934486,,,,,,
11486,98.157326,,,,,,
11487,98.370766,,,,,,
11488,97.615944,,,,,,
11489,98.377708,,,,,,
11490,97.820694,,,,,,
11491,97.769447,,,,,,
11492,98.072380,,,,,,
11493,98.070572,,,,,,
11494,98.313988,,,,,,
11495,98.269478,,,,,,
11496,98.962715,,,,,,
11497,98.573311,,,,,,
11498,98.575645,,,,,,
11499,98.109756,,,,,,
11500,98.690475,,,,,,
11501,98.678688,,,,,,
11502,97.642822,,,,,,
11503,97.796371,,,,,,
11504,98.798149,,,,,,
11505,97.457138,,,,,,
11506,98.442116,,,,,,
11507,98.076859,,,,,,
11508,98.516747,,,,,,
11509,97.976776,,,,,,
11510,97.766693,,,,,,
11511,98.120819,,,,,,
11512,98.494751,,,,,,
11513,97.709160,,,,,,
11514,97.914169,,,,,,
11515,98.668396,,,,,,
11516,98.208618,,,,,,
11517,98.095970,,,,,,
11518,98.497635,,,,,,
11519,98.373535,,,,,,
11520,98.171501,,,,,,
11521,97.894341,,,,,,
11522,98.704460,,,,,,
11523,98.526176,,,,,,
11524,98.124756,,,,,,
11525,97.944351,,,,,,
11526,98.288597,,,,,,
11527,96.922333,,,,,,
11528,98.032097,,,,,,
11529,98.102554,,,,,,
11530,98.023560,,,,,,
11531,98.233604,,,,,,
11532,98.762627,,,,,,
11533,97.889732,,,,,,
11534,98.428078,,,,,,
11535,98.636383,,,,,,
11536,98.459068,,,,,,
11537,98.107933,,,,,,
11538,98.171005,,,,,,
11539,98.139847,,,,,,
11540,97.357925,,,,,,
11541,98.597496,,,,,,
11542,98.249832,,,,,,
11543,98.350754,,,,,,
11544,98.312050,,,,,,
11545,97.877151,,,,,,
11546,98.093857,,,,,,
11547,98.769684,,,,,,
11548,98.417000,,,,,,
11549,97.783920,,,,,,
11550,98.197884,,,,,,
11551,97.661125,,,,,,
11552,98.228462,,,,,,
11553,98.751541,,,,,,
11554,98.215454,,,,,,
11555,97.386848,,,,,,
11556,97.839722,,,,,,
11557,98.210144,,,,,,
11558,98.571213,,,,,,
11559,98.001129,,,,,,
11560,98.052246,,,,,,
11561,98.380035,,,,,,
11562,98.498749,,,,,,
11563,98.143547,,,,,,
11564,98.336418,,,,,,
11565,98.483139,,,,,,
11566,98.761330,,,,,,
11567,98.535019,,,,,,
11568,98.739403,,,,,,
11569,98.795982,,,,,,
11570,97.819626,,,,,,
11571,98.410225,,,,,,
11572,98.469604,,,,,,
11573,98.406212,,,,,,
11574,97.997955,,,,,,
11575,98.136116,,,,,,
11576,98.062370,,,,,,
11577,98.084641,,,,,,
11578,98.845528,,,,,,
11579,98.189682,,,,,,
11580,98.743980,,,,,,
11581,98.437782,,,,,,
11582,98.029129,,,,,,
11583,98.331306,,,,,,
11584,98.002373,,,,,,
11585,98.111511,,,,,,
11586,98.467102,,,,,,
11587,98.128319,,,,,,
11588,98.728058,,,,,,
11589,98.077568,,,,,,
11590,98.289642,,,,,,
11591,98.025238,,,,,,
11592,98.527420,,,,,,
11593,98.362762,,,,,,
11594,98.875175,,,,,,
11595,98.431877,,,,,,
11596,97.984215,,,,,,
11597,97.830032,,,,,,
11598,98.182610,,,,,,
11600,,78.180000,0.116882,,,,
11600,98.025818,,,,,,
11601,98.255913,,,,,,
11602,98.111969,,,,,,
11603,98.568367,,,,,,
11604,98.612816,,,,,,
11605,97.946724,,,,,,
11606,97.971695,,,,,,
11607,98.660622,,,,,,
11608,98.198555,,,,,,
11609,97.810310,,,,,,
11610,97.808144,,,,,,
11611,98.012833,,,,,,
11612,98.283920,,,,,,
11613,98.239159,,,,,,
11614,98.361717,,,,,,
11615,97.501396,,,,,,
11616,98.010727,,,,,,
11617,98.291367,,,,,,
11618,98.309006,,,,,,
11619,98.420273,,,,,,
11620,97.344879,,,,,,
11621,97.590820,,,,,,
11622,98.054977,,,,,,
11623,97.451134,,,,,,
11624,98.478050,,,,,,
11625,98.320534,,,,,,
11626,97.987106,,,,,,
11627,98.554375,,,,,,
11628,98.219742,,,,,,
11629,98.377373,,,,,,
11630,98.114044,,,,,,
11631,97.999283,,,,,,
11632,98.126984,,,,,,
11633,97.908638,,,,,,
11634,97.910164,,,,,,
11635,98.574783,,,,,,
11636,98.116310,,,,,,
11637,97.901649,,,,,,
11638,98.664513,,,,,,
11639,98.188896,,,,,,
11640,97.275299,,,,,,
11641,98.514656,,,,,,
11642,98.753204,,,,,,
11643,98.683075,,,,,,
11644,98.179207,,,,,,
11645,97.788353,,,,,,
11646,98.000229,,,,,,
11647,98.050789,,,,,,
11648,98.478981,,,,,,
11649,97.761032,,,,,,
11650,98.631615,,,,,,
11651,98.144325,,,,,,
11652,98.597916,,,,,,
11653,98.152863,,,,,,
11654,98.533875,,,,,,
11655,97.571732,,,,,,
11656,97.990013,,,,,,
11657,98.401726,,,,,,
11658,98.314804,,,,,,
11659,98.171394,,,,,,
11660,97.979034,,,,,,
11661,98.135010,,,,,,
11662,98.353333,,,,,,
11663,98.610123,,,,,,
11664,98.564583,,,,,,
11665,97.863113,,,,,,
11666,98.102898,,,,,,
11667,98.346642,,,,,,
11668,98.868179,,,,,,
11669,98.571449,,,,,,
11670,97.811241,,,,,,
11671,97.714516,,,,,,
11672,98.460770,,,,,,
11673,98.085922,,,,,,
11674,97.931145,,,,,,
11675,97.925041,,,,,,
11676,98.047050,,,,,,
11677,98.647873,,,,,,
11678,98.734283,,,,,,
11679,97.613098,,,,,,
11680,98.151688,,,,,,
11681,97.787292,,,,,,
11682,98.218857,,,,,,
11683,98.521088,,,,,,
11684,97.906967,,,,,,
11685,98.265991,,,,,,
11686,98.230026,,,,,,
11687,97.975426,,,,,,
11688,98.944740,,,,,,
11689,98.536644,,,,,,
11690,98.245216,,,,,,
11691,98.257713,,,,,,
11692,97.682846,,,,,,
11693,97.916885,,,,,,
11694,98.400169,,,,,,
11695,98.636246,,,,,,
11696,97.998375,,,,,,
11697,98.392197,,,,,,
11698,98.529877,,,,,,
11699,98.100418,,,,,,
11700,98.159828,,,,,,
11701,98.602348,,,,,,
11702,97.828339,,,,,,
11703,98.029121,,,,,,
11704,98.607590,,,,,,
11705,98.773346,,,,,,
11706,98.155304,,,,,,
11707,98.712013,,,,,,
11708,98.471970,,,,,,
11709,98.447701,,,,,,
11710,97.592712,,,,,,
11711,98.411156,,,,,,
11712,98.212265,,,,,,
11713,98.316681,,,,,,
11714,98.311020,,,,,,
11715,98.180885,,,,,,
11716,98.417198,,,,,,
11717,98.052788,,,,,,
11718,98.481255,,,,,,
11719,98.094551,,,,,,
11720,97.440308,,,,,,
11721,98.842728,,,,,,
11722,97.680779,,,,,,
11723,98.282539,,,,,,
11724,97.828400,,,,,,
11725,98.484001,,,,,,
11726,98.022209,,,,,,
11727,98.676804,,,,,,
11728,98.673424,,,,,,
11729,98.349464,,,,,,
11730,98.380478,,,,,,
11731,97.715302,,,,,,
11732,98.054787,,,,,,
11733,98.480095,,,,,,
11734,97.954895,,,,,,
11735,98.674858,,,,,,
11736,98.367729,,,,,,
11737,97.838326,,,,,,
11738,98.554367,,,,,,
11739,98.703529,,,,,,
11740,98.208458,,,,,,
11741,98.214638,,,,,,
11742,98.201012,,,,,,
11743,97.915154,,,,,,
11744,97.490982,,,,,,
11745,98.585159,,,,,,
11746,98.638260,,,,,,
11747,97.713821,,,,,,
11748,98.322197,,,,,,
11749,98.420006,,,,,,
11750,98.600357,,,,,,
11751,98.429535,,,,,,
11752,98.313065,,,,,,
11753,97.632462,,,,,,
11754,98.452904,,,,,,
11755,98.255547,,,,,,
11756,98.291740,,,,,,
11757,98.198639,,,,,,
11758,97.754639,,,,,,
11759,97.941963,,,,,,
11760,98.276947,,,,,,
11761,98.228317,,,,,,
11762,97.825836,,,,,,
11763,98.321350,,,,,,
11764,97.510468,,,,,,
11765,98.441315,,,,,,
11766,98.654495,,,,,,
11767,97.830101,,,,,,
11768,98.142990,,,,,,
11769,97.939667,,,,,,
11770,97.682686,,,,,,
11771,98.003235,,,,,,
11772,98.770256,,,,,,
11773,98.796799,,,,,,
11774,98.380051,,,,,,
11775,98.394424,,,,,,
11776,98.673576,,,,,,
11777,97.744164,,,,,,
11778,98.120445,,,,,,
11779,98.502609,,,,,,
11780,98.131004,,,,,,
11781,98.829727,,,,,,
11782,98.281433,,,,,,
11783,97.606560,,,,,,
11784,97.704369,,,,,,
11785,98.094765,,,,,,
11786,97.599884,,,,,,
11787,98.646095,,,,,,
11788,98.273689,,,,,,
11789,98.145828,,,,,,
11790,98.402184,,,,,,
11791,98.328842,,,,,,
11792,98.345299,,,,,,
11793,98.135246,,,,,,
11794,98.285294,,,,,,
11795,98.049232,,,,,,
11796,98.371826,,,,,,
11797,98.543076,,,,,,
11798,97.864532,,,,,,
11800,,78.010000,0.115260,,,,
11800,98.368477,,,,,,
11801,98.410660,,,,,,
11802,98.643349,,,,,,
11803,98.893257,,,,,,
11804,98.328415,,,,,,
11805,97.530014,,,,,,
11806,98.450142,,,,,,
11807,98.224213,,,,,,
11808,97.693787,,,,,,
11809,98.622353,,,,,,
11810,98.524323,,,,,,
11811,98.418541,,,,,,
11812,98.211815,,,,,,
11813,98.132996,,,,,,
11814,98.139748,,,,,,
11815,98.599113,,,,,,
11816,98.889236,,,,,,
11817,98.112854,,,,,,
11818,97.855591,,,,,,
11819,97.666550,,,,,,
11820,98.561661,,,,,,
11821,98.283653,,,,,,
11822,98.556633,,,,,,
11823,98.141808,,,,,,
11824,97.966759,,,,,,
11825,98.311523,,,,,,
11826,98.129517,,,,,,
11827,98.344467,,,,,,
11828,98.388161,,,,,,
11829,98.420189,,,,,,
11830,98.410637,,,,,,
11831,98.920097,,,,,,
11832,98.376335,,,,,,
11833,98.544327,,,,,,
11834,98.048447,,,,,,
11835,98.063232,,,,,,
11836,98.928825,,,,,,
11837,98.498199,,,,,,
11838,98.416405,,,,,,
11839,97.529907,,,,,,
11840,98.457664,,,,,,
11841,97.790146,,,,,,
11842,97.820503,,,,,,
11843,98.088531,,,,,,
11844,98.262794,,,,,,
11845,98.874504,,,,,,
11846,98.650299,,,,,,
11847,98.790276,,,,,,
11848,98.071121,,,,,,
11849,98.483490,,,,,,
11850,98.997841,,,,,,
11851,97.662331,,,,,,
11852,97.675133,,,,,,
11853,98.614090,,,,,,
11854,98.094261,,,,,,
11855,98.038063,,,,,,
11856,98.634239,,,,,,
11857,98.536659,,,,,,
11858,98.689148,,,,,,
11859,98.486862,,,,,,
11860,98.446915,,,,,,
11861,97.875496,,,,,,
11862,98.450699,,,,,,
11863,98.687752,,,,,,
11864,98.104324,,,,,,
11865,97.758636,,,,,,
11866,98.567810,,,,,,
11867,98.644775,,,,,,
11868,98.229965,,,,,,
11869,98.133163,,,,,,
11870,98.213928,,,,,,
11871,98.755165,,,,,,
11872,97.512390,,,,,,
11873,97.600746,,,,,,
11874,97.998695,,,,,,
11875,98.312759,,,,,,
11876,97.824356,,,,,,
11877,98.549637,,,,,,
11878,98.401619,,,,,,
11879,98.130852,,,,,,
11880,98.670059,,,,,,
11881,98.858139,,,,,,
11882,97.703506,,,,,,
11883,98.337738,,,,,,
11884,97.693069,,,,,,
11885,97.449501,,,,,,
11886,98.528389,,,,,,
11887,98.203018,,,,,,
11888,98.408478,,,,,,
11889,98.452156,,,,,,
11890,98.433899,,,,,,
11891,98.549889,,,,,,
11892,98.417404,,,,,,
11893,98.534927,,,,,,
11894,97.892052,,,,,,
11895,98.882263,,,,,,
11896,98.118759,,,,,,
11897,98.224693,,,,,,
11898,97.796844,,,,,,
11899,97.902924,,,,,,
11900,98.372047,,,,,,
11901,98.260368,,,,,,
11902,97.261459,,,,,,
11903,97.936859,,,,,,
11904,98.437370,,,,,,
11905,98.132019,,,,,,
11906,98.138062,,,,,,
11907,98.207809,,,,,,
11908,98.390770,,,,,,
11909,98.049774,,,,,,
11910,98.260803,,,,,,
11911,98.224754,,,,,,
11912,98.375816,,,,,,
11913,97.771957,,,,,,
11914,98.341789,,,,,,
11915,97.805122,,,,,,
11916,98.542488,,,,,,
11917,98.011818,,,,,,
11918,97.301758,,,,,,
11919,98.195335,,,,,,
11920,98.561111,,,,,,
11921,97.760590,,,,,,
11922,97.582161,,,,,,
11923,98.526215,,,,,,
11924,98.685921,,,,,,
11925,98.058693,,,,,,
11926,98.493408,,,,,,
11927,98.522423,,,,,,
11928,98.583817,,,,,,
11929,98.473892,,,,,,
11930,98.184906,,,,,,
11931,98.352867,,,,,,
11932,98.148010,,,,,,
11933,97.785187,,,,,,
11934,98.397697,,,,,,
11935,98.607162,,,,,,
11936,97.855072,,,,,,
11937,98.261169,,,,,,
11938,98.827629,,,,,,
11939,97.975967,,,,,,
11940,98.106148,,,,,,
11941,98.266136,,,,,,
11942,98.704361,,,,,,
11943,97.888588,,,,,,
11944,98.380692,,,,,,
11945,98.124458,,,,,,
11946,98.136055,,,,,,
11947,98.209007,,,,,,
11948,98.744820,,,,,,
11949,97.946976,,,,,,
11950,97.609879,,,,,,
11951,98.603737,,,,,,
11952,97.751694,,,,,,
11953,98.605995,,,,,,
11954,98.633682,,,,,,
11955,98.322594,,,,,,
11956,98.529320,,,,,,
11957,98.310570,,,,,,
11958,97.591675,,,,,,
11959,98.188950,,,,,,
11960,98.484146,,,,,,
11961,98.362442,,,,,,
11962,98.415489,,,,,,
11963,98.404037,,,,,,
11964,98.557610,,,,,,
11965,98.159416,,,,,,
11966,97.845764,,,,,,
11967,98.284920,,,,,,
11968,98.247833,,,,,,
11969,98.407257,,,,,,
11970,97.545410,,,,,,
11971,98.792091,,,,,,
11972,98.092667,,,,,,
11973,98.550362,,,,,,
11974,97.780426,,,,,,
11975,98.860863,,,,,,
11976,98.288544,,,,,,
11977,98.199814,,,,,,
11978,98.116295,,,,,,
11979,98.197678,,,,,,
11980,97.943619,,,,,,
11981,98.640556,,,,,,
11982,98.592682,,,,,,
11983,97.962936,,,,,,
11984,98.426140,,,,,,
11985,98.020470,,,,,,
11986,98.781090,,,,,,
11987,98.144638,,,,,,
11988,98.843605,,,,,,
11989,97.701836,,,,,,
11990,98.292702,,,,,,
11991,97.905571,,,,,,
11992,98.426506,,,,,,
11993,98.181183,,,,,,
11994,98.187927,,,,,,
11995,98.623650,,,,,,
11996,98.055588,,,,,,
11997,98.539429,,,,,,
11998,98.492897,,,,,,
12000,,78.030000,0.121817,,,,
12000,98.888748,,,,,,
12001,98.100029,,,,,,
12002,98.363434,,,,,,
12003,98.042984,,,,,,
12004,98.321953,,,,,,
12005,98.032051,,,,,,
12006,98.756783,,,,,,
12007,98.767326,,,,,,
12008,98.070831,,,,,,
12009,98.059708,,,,,,
12010,98.217972,,,,,,
12011,98.001373,,,,,,
12012,98.217880,,,,,,
12013,98.399902,,,,,,
12014,98.758965,,,,,,
12015,98.664520,,,,,,
12016,98.212051,,,,,,
12017,97.313950,,,,,,
12018,97.520859,,,,,,
12019,98.218117,,,,,,
12020,98.680496,,,,,,
12021,97.781952,,,,,,
12022,98.157822,,,,,,
12023,98.613846,,,,,,
12024,97.303513,,,,,,
12025,98.369568,,,,,,
12026,98.214455,,,,,,
12027,98.438454,,,,,,
12028,98.091331,,,,,,
12029,98.467773,,,,,,
12030,98.703766,,,,,,
12031,98.435852,,,,,,
12032,98.533409,,,,,,
12033,97.828873,,,,,,
12034,98.686203,,,,,,
12035,98.063652,,,,,,
12036,97.714699,,,,,,
12037,98.173943,,,,,,
12038,98.743256,,,,,,
12039,98.081406,,,,,,
12040,98.021744,,,,,,
12041,98.261658,,,,,,
12042,98.211365,,,,,,
12043,98.163361,,,,,,
12044,98.168213,,,,,,
12045,98.085869,,,,,,
12046,98.478386,,,,,,
12047,98.365211,,,,,,
12048,98.148979,,,,,,
12049,98.638969,,,,,,
12050,98.312088,,,,,,
12051,98.321045,,,,,,
12052,98.319519,,,,,,
12053,97.692322,,,,,,
12054,97.375298,,,,,,
12055,98.387627,,,,,,
12056,98.433228,,,,,,
12057,97.943321,,,,,,
12058,98.025749,,,,,,
12059,98.602455,,,,,,
12060,98.225266,,,,,,
12061,98.937881,,,,,,
12062,98.303772,,,,,,
12063,97.723267,,,,,,
12064,97.835083,,,,,,
12065,98.600586,,,,,,
12066,98.257385,,,,,,
12067,99.059677,,,,,,
12068,98.699921,,,,,,
12069,98.611168,,,,,,
12070,98.295738,,,,,,
12071,98.453995,,,,,,
12072,98.671120,,,,,,
12073,98.528076,,,,,,
12074,98.354408,,,,,,
12075,98.183205,,,,,,
12076,98.598000,,,,,,
12077,98.357574,,,,,,
12078,98.601852,,,,,,
12079,97.858315,,,,,,
12080,98.346916,,,,,,
12081,98.539101,,,,,,
12082,98.189644,,,,,,
12083,99.013748,,,,,,
12084,98.471382,,,,,,
12085,98.309380,,,,,,
12086,97.875862,,,,,,
12087,97.652023,,,,,,
12088,98.121597,,,,,,
12089,98.101372,,,,,,
12090,97.891624,,,,,,
12091,97.823601,,,,,,
12092,98.625862,,,,,,
12093,98.068382,,,,,,
12094,98.693581,,,,,,
12095,98.381454,,,,,,
12096,98.003433,,,,,,
12097,98.235558,,,,,,
12098,98.674744,,,,,,
12099,98.725533,,,,,,
12100,98.067642,,,,,,
12101,98.260117,,,,,,
12102,97.942703,,,,,,
12103,98.325874,,,,,,
12104,98.414246,,,,,,
12105,98.239105,,,,,,
12106,98.304611,,,,,,
12107,98.655663,,,,,,
12108,98.962395,,,,,,
12109,98.251007,,,,,,
12110,98.400032,,,,,,
12111,97.897652,,,,,,
12112,97.868401,,,,,,
12113,98.265259,,,,,,
12114,98.568260,,,,,,
12115,98.453537,,,,,,
12116,98.146957,,,,,,
12117,97.924355,,,,,,
12118,98.414757,,,,,,
12119,98.039223,,,,,,
12120,97.860886,,,,,,
12121,98.092766,,,,,,
12122,98.357475,,,,,,
12123,97.891907,,,,,,
12124,98.358604,,,,,,
12125,97.979012,,,,,,
12126,97.737282,,,,,,
12127,97.957535,,,,,,
12128,98.413200,,,,,,
12129,98.114059,,,,,,
12130,98.557922,,,,,,
12131,98.824638,,,,,,
12132,97.959923,,,,,,
12133,98.013672,,,,,,
12134,98.006981,,,,,,
12135,98.496750,,,,,,
12136,98.318489,,,,,,
12137,98.790115,,,,,,
12138,98.122635,,,,,,
12139,98.020180,,,,,,
12140,98.405952,,,,,,
12141,97.894188,,,,,,
12142,98.827957,,,,,,
12143,97.985168,,,,,,
12144,98.327957,,,,,,
12145,98.556107,,,,,,
12146,97.982407,,,,,,
12147,97.629417,,,,,,
12148,98.792259,,,,,,
12149,98.266235,,,,,,
12150,98.141220,,,,,,
12151,98.774521,,,,,,
12152,98.178062,,,,,,
12153,98.190491,,,,,,
12154,98.563057,,,,,,
12155,98.351402,,,,,,
12156,98.565941,,,,,,
12157,98.025253,,,,,,
12158,97.858704,,,,,,
12159,98.385765,,,,,,
12160,98.762672,,,,,,
12161,98.772408,,,,,,
12162,97.510834,,,,,,
12163,98.420624,,,,,,
12164,97.575096,,,,,,
12165,98.769493,,,,,,
12166,97.848747,,,,,,
12167,97.904366,,,,,,
12168,97.955544,,,,,,
12169,97.887329,,,,,,
12170,98.818726,,,,,,
12171,98.056900,,,,,,
12172,98.627304,,,,,,
12173,97.870354,,,,,,
12174,97.999260,,,,,,
12175,98.469849,,,,,,
12176,98.345886,,,,,,
12177,98.765953,,,,,,
12178,98.726097,,,,,,
12179,97.914177,,,,,,
12180,98.523521,,,,,,
12181,98.656914,,,,,,
12182,98.412582,,,,,,
12183,98.044914,,,,,,
12184,98.100304,,,,,,
12185,97.898384,,,,,,
12186,98.562019,,,,,,
12187,97.786545,,,,,,
12188,98.281342,,,,,,
12189,98.431580,,,,,,
12190,97.644051,,,,,,
12191,97.739326,,,,,,
12192,98.152344,,,,,,
12193,98.915749,,,,,,
12194,98.238045,,,,,,
12195,98.108398,,,,,,
12196,98.596718,,,,,,
12197,98.196251,,,,,,
12198,97.854034,,,,,,
12200,,78.160000,0.114717,,,,
12200,97.988747,,,,,,
12201,97.913681,,,,,,
12202,98.757957,,,,,,
12203,98.569595,,,,,,
12204,98.238815,,,,,,
12205,98.169899,,,,,,
12206,98.195305,,,,,,
12207,98.401108,,,,,,
12208,98.476463,,,,,,
12209,97.974648,,,,,,
12210,98.472115,,,,,,
12211,98.265572,,,,,,
12212,98.809303,,,,,,
12213,99.077003,,,,,,
12214,97.907455,,,,,,
12215,98.366859,,,,,,
12216,98.443977,,,,,,
12217,98.303986,,,,,,
12218,98.179558,,,,,,
12219,98.600006,,,,,,
12220,98.614281,,,,,,
12221,98.714317,,,,,,
12222,97.710312,,,,,,
12223,98.203896,,,,,,
12224,98.414627,,,,,,
12225,98.023987,,,,,,
12226,98.430740,,,,,,
12227,98.443474,,,,,,
12228,98.267776,,,,,,
12229,97.931793,,,,,,
12230,98.527649,,,,,,
12231,98.106659,,,,,,
12232,97.996826,,,,,,
12233,96.148575,,,,,,
12234,98.358246,,,,,,
12235,98.460785,,,,,,
12236,97.959023,,,,,,
12237,97.706390,,,,,,
12238,98.473785,,,,,,
12239,98.207306,,,,,,
12240,98.033218,,,,,,
12241,98.372742,,,,,,
12242,98.405403,,,,,,
12243,97.611092,,,,,,
12244,98.181816,,,,,,
12245,99.108887,,,,,,
12246,98.382614,,,,,,
12247,98.051270,,,,,,
12248,98.582680,,,,,,
12249,98.477524,,,,,,
12250,98.137970,,,,,,
12251,98.943512,,,,,,
12252,97.806473,,,,,,
12253,98.256042,,,,,,
12254,98.465981,,,,,,
12255,98.416641,,,,,,
12256,98.731247,,,,,,
12257,97.735283,,,,,,
12258,98.369934,,,,,,
12259,98.816826,,,,,,
12260,98.468590,,,,,,
12261,98.467918,,,,,,
12262,98.083992,,,,,,
12263,98.046928,,,,,,
12264,98.178307,,,,,,
12265,98.258812,,,,,,
12266,98.326080,,,,,,
12267,98.635307,,,,,,
12268,98.070274,,,,,,
12269,97.697281,,,,,,
12270,97.772797,,,,,,
12271,98.026497,,,,,,
12272,97.964073,,,,,,
12273,98.950836,,,,,,
12274,98.154350,,,,,,
12275,98.703171,,,,,,
12276,98.366692,,,,,,
12277,98.242874,,,,,,
12278,98.316727,,,,,,
12279,98.799477,,,,,,
12280,98.470047,,,,,,
12281,97.555237,,,,,,
12282,97.843956,,,,,,
12283,97.815994,,,,,,
12284,97.502945,,,,,,
12285,98.110535,,,,,,
12286,97.777718,,,,,,
12287,98.360992,,,,,,
12288,98.516548,,,,,,
12289,97.183434,,,,,,
12290,98.214905,,,,,,
12291,98.591530,,,,,,
12292,98.212135,,,,,,
12293,98.192604,,,,,,
12294,96.643379,,,,,,
12295,97.932190,,,,,,
12296,98.216774,,,,,,
12297,98.436211,,,,,,
12298,98.496307,,,,,,
12299,98.129684,,,,,,
12300,98.408302,,,,,,
12301,98.495987,,,,,,
12302,98.245262,,,,,,
12303,97.920303,,,,,,
12304,97.909866,,,,,,
12305,98.607559,,,,,,
12306,98.671631,,,,,,
12307,98.091003,,,,,,
12308,98.242538,,,,,,
12309,97.982674,,,,,,
12310,98.466843,,,,,,
12311,98.586761,,,,,,
12312,97.416756,,,,,,
12313,98.480469,,,,,,
12314,98.815834,,,,,,
12315,98.363876,,,,,,
12316,98.857132,,,,,,
12317,98.559006,,,,,,
12318,98.316635,,,,,,
12319,98.073936,,,,,,
12320,97.278488,,,,,,
12321,98.216682,,,,,,
12322,98.301582,,,,,,
12323,98.930557,,,,,,
12324,98.073227,,,,,,
12325,97.950584,,,,,,
12326,98.082291,,,,,,
12327,97.816605,,,,,,
12328,98.521957,,,,,,
12329,97.927452,,,,,,
12330,91.568291,,,,,,
12331,98.552299,,,,,,
12332,98.177681,,,,,,
12333,98.093277,,,,,,
12334,97.893791,,,,,,
12335,98.145561,,,,,,
12336,98.530273,,,,,,
12337,98.120880,,,,,,
12338,98.414970,,,,,,
12339,98.603317,,,,,,
12340,98.012390,,,,,,
12341,98.644753,,,,,,
12342,97.954948,,,,,,
12343,98.101479,,,,,,
12344,97.977272,,,,,,
12345,98.495850,,,,,,
12346,98.380615,,,,,,
12347,98.118629,,,,,,
12348,98.340546,,,,,,
12349,97.777779,,,,,,
12350,98.520653,,,,,,
12351,98.191208,,,,,,
12352,98.439354,,,,,,
12353,97.611763,,,,,,
12354,98.627205,,,,,,
12355,98.173813,,,,,,
12356,98.496063,,,,,,
12357,98.532867,,,,,,
12358,98.032707,,,,,,
12359,97.768913,,,,,,
12360,97.942505,,,,,,
12361,98.641693,,,,,,
12362,98.207901,,,,,,
12363,98.534752,,,,,,
12364,98.374458,,,,,,
12365,98.475929,,,,,,
12366,98.162910,,,,,,
12367,98.321739,,,,,,
12368,97.309570,,,,,,
12369,93.515976,,,,,,
12370,97.619469,,,,,,
12371,98.114754,,,,,,
12372,98.340294,,,,,,
12373,98.218643,,,,,,
12374,98.625847,,,,,,
12375,97.765335,,,,,,
12376,97.898956,,,,,,
12377,97.686417,,,,,,
12378,98.478142,,,,,,
12379,97.795090,,,,,,
12380,95.359268,,,,,,
12381,94.969467,,,,,,
12382,98.590500,,,,,,
12383,94.878067,,,,,,
12384,97.784286,,,,,,
12385,98.158859,,,,,,
12386,97.841248,,,,,,
12387,98.053185,,,,,,
12388,98.439636,,,,,,
12389,97.280922,,,,,,
12390,98.145065,,,,,,
12391,97.592018,,,,,,
12392,97.482285,,,,,,
12393,98.280663,,,,,,
12394,97.829178,,,,,,
12395,98.119766,,,,,,
12396,95.876793,,,,,,
12397,98.552841,,,,,,
12398,96.429062,,,,,,
12400,,75.810000,0.121232,,,,
12400,97.734764,,,,,,
12401,98.192146,,,,,,
12402,98.443443,,,,,,
12403,98.464409,,,,,,
12404,97.933540,,,,,,
12405,97.812149,,,,,,
12406,96.997444,,,,,,
12407,98.046318,,,,,,
12408,97.105690,,,,,,
12409,97.351173,,,,,,
12410,97.959396,,,,,,
12411,98.519768,,,,,,
12412,97.108337,,,,,,
12413,96.806877,,,,,,
12414,98.449181,,,,,,
12415,97.635429,,,,,,
12416,98.396812,,,,,,
12417,97.361313,,,,,,
12418,98.350380,,,,,,
12419,98.161087,,,,,,
12420,97.437210,,,,,,
12421,97.643135,,,,,,
12422,97.971336,,,,,,
12423,97.960205,,,,,,
12424,97.765182,,,,,,
12425,98.225868,,,,,,
12426,97.880959,,,,,,
12427,97.526466,,,,,,
12428,97.708229,,,,,,
12429,98.312111,,,,,,
12430,97.711006,,,,,,
12431,98.347313,,,,,,
12432,96.828407,,,,,,
12433,98.317337,,,,,,
12434,98.510529,,,,,,
12435,97.719704,,,,,,
12436,97.932747,,,,,,
12437,97.757721,,,,,,
12438,97.995148,,,,,,
12439,98.476013,,,,,,
12440,97.894653,,,,,,
12441,97.031090,,,,,,
12442,98.205612,,,,,,
12443,98.014175,,,,,,
12444,98.111168,,,,,,
12445,98.593338,,,,,,
12446,98.625252,,,,,,
12447,98.309364,,,,,,
12448,97.199242,,,,,,
12449,98.044334,,,,,,
12450,97.484283,,,,,,
12451,98.299271,,,,,,
12452,98.622871,,,,,,
12453,97.736771,,,,,,
12454,97.581360,,,,,,
12455,97.722046,,,,,,
12456,98.306953,,,,,,
12457,98.553185,,,,,,
12458,98.626869,,,,,,
12459,97.760681,,,,,,
12460,97.580078,,,,,,
12461,97.805359,,,,,,
12462,97.958305,,,,,,
12463,97.324989,,,,,,
12464,98.368401,,,,,,
12465,98.217087,,,,,,
12466,97.676292,,,,,,
12467,98.476128,,,,,,
12468,98.004028,,,,,,
12469,97.882454,,,,,,
12470,97.785629,,,,,,
12471,98.177193,,,,,,
12472,98.680046,,,,,,
12473,97.378151,,,,,,
12474,97.587090,,,,,,
12475,98.092506,,,,,,
12476,98.375404,,,,,,
12477,97.993591,,,,,,
12478,98.090881,,,,,,
12479,97.934975,,,,,,
12480,97.679680,,,,,,
12481,98.192101,,,,,,
12482,97.467667,,,,,,
12483,98.045959,,,,,,
12484,97.984940,,,,,,
12485,98.377197,,,,,,
12486,98.393349,,,,,,
12487,97.900276,,,,,,
12488,98.549530,,,,,,
12489,97.935135,,,,,,
12490,97.180794,,,,,,
12491,98.318802,,,,,,
12492,98.137184,,,,,,
12493,98.243797,,,,,,
12494,98.475098,,,,,,
12495,98.398201,,,,,,
12496,98.082092,,,,,,
12497,98.255669,,,,,,
12498,98.111275,,,,,,
12499,98.000725,,,,,,
12500,98.145264,,,,,,
12501,98.017654,,,,,,
12502,98.720299,,,,,,
12503,98.094734,,,,,,
12504,98.520493,,,,,,
12505,98.477257,,,,,,
12506,98.296852,,,,,,
12507,97.624603,,,,,,
12508,98.291115,,,,,,
12509,97.751381,,,,,,
12510,98.362137,,,,,,
12511,97.825676,,,,,,
12512,98.502739,,,,,,
12513,98.604507,,,,,,
12514,97.933334,,,,,,
12515,98.597244,,,,,,
12516,98.761353,,,,,,
12517,98.504730,,,,,,
12518,97.632477,,,,,,
12519,97.568985,,,,,,
12520,97.833549,,,,,,
12521,98.034935,,,,,,
12522,98.810242,,,,,,
12523,97.725571,,,,,,
12524,98.494034,,,,,,
12525,98.135323,,,,,,
12526,98.285957,,,,,,
12527,98.016823,,,,,,
12528,97.689156,,,,,,
12529,98.891815,,,,,,
12530,98.614754,,,,,,
12531,98.071465,,,,,,
12532,98.765198,,,,,,
12533,98.978233,,,,,,
12534,98.097420,,,,,,
12535,98.638275,,,,,,
12536,98.010010,,,,,,
12537,98.132408,,,,,,
12538,98.415985,,,,,,
12539,98.445374,,,,,,
12540,98.187729,,,,,,
12541,97.890526,,,,,,
12542,98.055817,,,,,,
12543,97.786629,,,,,,
12544,98.668625,,,,,,
12545,98.375893,,,,,,
12546,98.420494,,,,,,
12547,97.706711,,,,,,
12548,98.116119,,,,,,
12549,98.612122,,,,,,
12550,98.569077,,,,,,
12551,98.050583,,,,,,
12552,97.942513,,,,,,
12553,98.405609,,,,,,
12554,97.341141,,,,,,
12555,98.454124,,,,,,
12556,98.228081,,,,,,
12557,98.091911,,,,,,
12558,97.738869,,,,,,
12559,98.148766,,,,,,
12560,98.771767,,,,,,
12561,98.637962,,,,,,
12562,98.108673,,,,,,
12563,98.282715,,,,,,
12564,98.763992,,,,,,
12565,97.690453,,,,,,
12566,98.669640,,,,,,
12567,97.641403,,,,,,
12568,97.852104,,,,,,
12569,98.217796,,,,,,
12570,98.347908,,,,,,
12571,98.043617,,,,,,
12572,97.784058,,,,,,
12573,98.097176,,,,,,
12574,98.293983,,,,,,
12575,97.924599,,,,,,
12576,98.194763,,,,,,
12577,98.366928,,,,,,
12578,97.606071,,,,,,
12579,98.276558,,,,,,
12580,97.941696,,,,,,
12581,97.899963,,,,,,
12582,98.570747,,,,,,
12583,98.397202,,,,,,
12584,98.099800,,,,,,
12585,98.620377,,,,,,
12586,97.869247,,,,,,
12587,98.103081,,,,,,
12588,97.308319,,,,,,
12589,97.770218,,,,,,
12590,97.819603,,,,,,
12591,98.161934,,,,,,
12592,98.617615,,,,,,
12593,98.638695,,,,,,
12594,98.970436,,,,,,
12595,98.330864,,,,,,
12596,97.826759,,,,,,
12597,98.127220,,,,,,
12598,98.273453,,,,,,
12600,,77.590000,0.114874,,,,
12600,98.236244,,,,,,
12601,98.091759,,,,,,
12602,98.561508,,,,,,
12603,98.439705,,,,,,
12604,97.842896,,,,,,
12605,97.394135,,,,,,
12606,98.507866,,,,,,
12607,98.566498,,,,,,
12608,98.435555,,,,,,
12609,97.361160,,,,,,
12610,97.923256,,,,,,
12611,98.166939,,,,,,
12612,98.388229,,,,,,
12613,98.254150,,,,,,
12614,98.635689,,,,,,
12615,98.391335,,,,,,
12616,98.080566,,,,,,
12617,98.181084,,,,,,
12618,98.373634,,,,,,
12619,98.379616,,,,,,
12620,98.376991,,,,,,
12621,97.251083,,,,,,
12622,98.123817,,,,,,
12623,98.072624,,,,,,
12624,98.323509,,,,,,
12625,97.735153,,,,,,
12626,97.538383,,,,,,
12627,98.419907,,,,,,
12628,98.380203,,,,,,
12629,98.154831,,,,,,
12630,98.440125,,,,,,
12631,98.500122,,,,,,
12632,98.400696,,,,,,
12633,98.117249,,,,,,
12634,98.171341,,,,,,
12635,97.636452,,,,,,
12636,95.017273,,,,,,
12637,97.201035,,,,,,
12638,97.998932,,,,,,
12639,98.061157,,,,,,
12640,98.085312,,,,,,
12641,98.666740,,,,,,
12642,97.857063,,,,,,
12643,98.797112,,,,,,
12644,98.153793,,,,,,
12645,98.625641,,,,,,
12646,97.832314,,,,,,
12647,98.072197,,,,,,
12648,98.814003,,,,,,
12649,98.300278,,,,,,
12650,98.258896,,,,,,
12651,98.547913,,,,,,
12652,98.471947,,,,,,
12653,98.649246,,,,,,
12654,97.851234,,,,,,
12655,98.252327,,,,,,
12656,98.680870,,,,,,
12657,97.898758,,,,,,
12658,97.541183,,,,,,
12659,96.738403,,,,,,
12660,97.903206,,,,,,
12661,98.367790,,,,,,
12662,98.947098,,,,,,
12663,98.227783,,,,,,
12664,97.872490,,,,,,
12665,98.004684,,,,,,
12666,98.104195,,,,,,
12667,98.216728,,,,,,
12668,98.540680,,,,,,
12669,97.765175,,,,,,
12670,97.909218,,,,,,
12671,98.532555,,,,,,
12672,98.190521,,,,,,
12673,98.183212,,,,,,
12674,97.502319,,,,,,
12675,97.624344,,,,,,
12676,98.384132,,,,,,
12677,98.300209,,,,,,
12678,98.286636,,,,,,
12679,98.330864,,,,,,
12680,98.896652,,,,,,
12681,97.813248,,,,,,
12682,98.410645,,,,,,
12683,97.797371,,,,,,
12684,98.510376,,,,,,
12685,98.462639,,,,,,
12686,98.069878,,,,,,
12687,97.503761,,,,,,
12688,98.033585,,,,,,
12689,97.651085,,,,,,
12690,97.964813,,,,,,
12691,98.255867,,,,,,
12692,98.581665,,,,,,
12693,98.517647,,,,,,
12694,97.680969,,,,,,
12695,96.821411,,,,,,
12696,98.439545,,,,,,
12697,98.523560,,,,,,
12698,98.218391,,,,,,
12699,98.363876,,,,,,
12700,98.695305,,,,,,
12701,98.107452,,,,,,
12702,97.989609,,,,,,
12703,98.105629,,,,,,
12704,97.892036,,,,,,
12705,98.046898,,,,,,
12706,98.221718,,,,,,
12707,98.588493,,,,,,
12708,98.186295,,,,,,
12709,98.200256,,,,,,
12710,98.660751,,,,,,
12711,98.169624,,,,,,
12712,98.260132,,,,,,
12713,98.675835,,,,,,
12714,98.160851,,,,,,
12715,98.006599,,,,,,
12716,98.357025,,,,,,
12717,98.237511,,,,,,
12718,98.051262,,,,,,
12719,98.420120,,,,,,
12720,98.111374,,,,,,
12721,98.347260,,,,,,
12722,98.099350,,,,,,
12723,97.911598,,,,,,
12724,98.615753,,,,,,
12725,98.420914,,,,,,
12726,98.337296,,,,,,
12727,98.230988,,,,,,
12728,97.715508,,,,,,
12729,97.517502,,,,,,
12730,98.001953,,,,,,
12731,98.681076,,,,,,
12732,98.494637,,,,,,
12733,98.329643,,,,,,
12734,97.996902,,,,,,
12735,98.290382,,,,,,
12736,98.727982,,,,,,
12737,98.161232,,,,,,
12738,97.966316,,,,,,
12739,98.158775,,,,,,
12740,98.039597,,,,,,
12741,98.656845,,,,,,
12742,98.000916,,,,,,
12743,98.293419,,,,,,
12744,98.488487,,,,,,
12745,98.842842,,,,,,
12746,98.411217,,,,,,
12747,97.917320,,,,,,
12748,98.642517,,,,,,
12749,98.625793,,,,,,
12750,97.501434,,,,,,
12751,98.518417,,,,,,
12752,98.579903,,,,,,
12753,98.174820,,,,,,
12754,98.524269,,,,,,
12755,98.503227,,,,,,
12756,98.726334,,,,,,
12757,97.773773,,,,,,
12758,98.177765,,,,,,
12759,98.080475,,,,,,
12760,97.797066,,,,,,
12761,97.604088,,,,,,
12762,98.712776,,,,,,
12763,98.161644,,,,,,
12764,98.262566,,,,,,
12765,98.332726,,,,,,
12766,97.871765,,,,,,
12767,98.098404,,,,,,
12768,98.334404,,,,,,
12769,98.598145,,,,,,
12770,98.315720,,,,,,
12771,97.624519,,,,,,
12772,98.038177,,,,,,
12773,98.025986,,,,,,
12774,98.688698,,,,,,
12775,97.995300,,,,,,
12776,97.381454,,,,,,
12777,97.885574,,,,,,
12778,98.711113,,,,,,
12779,98.499825,,,,,,
12780,98.140526,,,,,,
12781,98.012909,,,,,,
12782,98.747810,,,,,,
12783,98.106079,,,,,,
12784,98.552155,,,,,,
12785,98.712654,,,,,,
12786,98.121239,,,,,,
12787,98.436249,,,,,,
12788,97.854568,,,,,,
12789,98.648499,,,,,,
12790,98.903961,,,,,,
12791,97.978729,,,,,,
12792,98.113983,,,,,,
12793,97.681404,,,,,,
12794,98.142540,,,,,,
12795,98.593712,,,,,,
12796,98.297852,,,,,,
12797,98.323318,,,,,,
12798,98.513641,,,,,,
12800,,77.220000,0.113077,,,,
12800,97.895538,,,,,,
12801,98.388237,,,,,,
12802,98.167549,,,,,,
12803,98.629005,,,,,,
12804,98.491150,,,,,,
12805,98.514381,,,,,,
12806,98.323288,,,,,,
12807,98.204201,,,,,,
12808,97.742172,,,,,,
12809,98.215958,,,,,,
12810,97.890526,,,,,,
12811,98.274376,,,,,,
12812,98.200592,,,,,,
12813,98.349182,,,,,,
12814,97.790863,,,,,,
12815,98.409698,,,,,,
12816,97.648621,,,,,,
12817,97.821304,,,,,,
12818,98.596230,,,,,,
12819,98.353325,,,,,,
12820,98.426926,,,,,,
12821,97.593834,,,,,,
12822,98.253799,,,,,,
12823,98.688988,,,,,,
12824,97.309372,,,,,,
12825,98.025719,,,,,,
12826,98.376297,,,,,,
12827,97.970940,,,,,,
12828,98.106621,,,,,,
12829,98.861366,,,,,,
12830,98.604332,,,,,,
12831,98.022537,,,,,,
12832,98.561569,,,,,,
12833,98.546822,,,,,,
12834,98.309753,,,,,,
12835,98.312782,,,,,,
12836,98.078224,,,,,,
12837,98.190201,,,,,,
12838,97.859459,,,,,,
12839,98.328796,,,,,,
12840,98.682861,,,,,,
12841,98.893288,,,,,,
12842,98.537407,,,,,,
12843,98.139404,,,,,,
12844,98.620461,,,,,,
12845,98.015633,,,,,,
12846,98.195183,,,,,,
12847,97.826172,,,,,,
12848,97.724388,,,,,,
12849,98.851089,,,,,,
12850,98.377853,,,,,,
12851,98.148621,,,,,,
12852,98.050217,,,,,,
12853,98.584930,,,,,,
12854,97.710274,,,,,,
12855,98.116280,,,,,,
12856,96.880959,,,,,,
12857,97.651810,,,,,,
12858,97.620743,,,,,,
12859,97.982346,,,,,,
12860,98.764793,,,,,,
12861,98.357628,,,,,,
12862,97.623962,,,,,,
12863,97.949615,,,,,,
12864,98.488899,,,,,,
12865,98.515724,,,,,,
12866,98.738297,,,,,,
12867,98.855499,,,,,,
12868,98.362015,,,,,,
12869,98.154762,,,,,,
12870,98.700226,,,,,,
12871,98.514221,,,,,,
12872,97.956161,,,,,,
12873,97.536598,,,,,,
12874,97.176056,,,,,,
12875,97.994354,,,,,,
12876,98.355705,,,,,,
12877,98.845924,,,,,,
12878,97.730400,,,,,,
12879,98.113914,,,,,,
12880,98.691544,,,,,,
12881,98.415367,,,,,,
12882,98.222664,,,,,,
12883,98.292877,,,,,,
12884,98.312828,,,,,,
12885,97.964745,,,,,,
12886,98.185699,,,,,,
12887,98.139587,,,,,,
12888,98.324242,,,,,,
12889,98.453651,,,,,,
12890,98.460381,,,,,,
12891,98.404282,,,,,,
12892,98.182076,,,,,,
12893,97.295898,,,,,,
12894,98.277863,,,,,,
12895,98.297737,,,,,,
12896,97.696869,,,,,,
12897,98.134850,,,,,,
12898,98.221764,,,,,,
12899,98.016991,,,,,,
12900,98.341644,,,,,,
12901,98.235161,,,,,,
12902,97.931313,,,,,,
12903,97.869759,,,,,,
12904,98.110855,,,,,,
12905,98.290314,,,,,,
12906,98.105186,,,,,,
12907,98.177162,,,,,,
12908,98.361557,,,,,,
12909,98.519592,,,,,,
12910,98.354698,,,,,,
12911,98.238770,,,,,,
12912,98.397400,,,,,,
12913,98.169006,,,,,,
12914,98.073532,,,,,,
12915,98.274292,,,,,,
12916,98.547043,,,,,,
12917,98.277496,,,,,,
12918,98.512703,,,,,,
12919,98.446381,,,,,,
12920,98.379997,,,,,,
12921,98.735741,,,,,,
12922,98.675613,,,,,,
12923,98.344109,,,,,,
12924,98.337669,,,,,,
12925,98.297867,,,,,,
12926,98.211060,,,,,,
12927,97.957840,,,,,,
12928,98.307991,,,,,,
12929,97.276871,,,,,,
12930,98.560013,,,,,,
12931,98.281822,,,,,,
12932,98.181923,,,,,,
12933,97.518028,,,,,,
12934,97.604187,,,,,,
12935,97.460304,,,,,,
12936,98.725494,,,,,,
12937,98.559105,,,,,,
12938,98.418953,,,,,,
12939,97.995552,,,,,,
12940,97.640808,,,,,,
12941,98.758514,,,,,,
12942,97.383141,,,,,,
12943,98.374229,,,,,,
12944,98.777939,,,,,,
12945,98.656212,,,,,,
12946,97.585793,,,,,,
12947,97.778831,,,,,,
12948,97.587059,,,,,,
12949,98.711372,,,,,,
12950,97.613075,,,,,,
12951,97.935448,,,,,,
12952,97.938156,,,,,,
12953,98.724777,,,,,,
12954,98.076439,,,,,,
12955,98.341545,,,,,,
12956,97.794853,,,,,,
12957,98.062279,,,,,,
12958,98.440475,,,,,,
12959,98.591438,,,,,,
12960,97.845039,,,,,,
12961,98.203377,,,,,,
12962,98.601028,,,,,,
12963,98.280945,,,,,,
12964,98.404510,,,,,,
12965,97.531944,,,,,,
12966,98.423462,,,,,,
12967,99.028748,,,,,,
12968,98.523415,,,,,,
12969,98.545120,,,,,,
12970,98.676941,,,,,,
12971,98.949043,,,,,,
12972,98.174110,,,,,,
12973,98.328033,,,,,,
12974,98.484215,,,,,,
12975,98.578293,,,,,,
12976,98.546165,,,,,,
12977,98.596519,,,,,,
12978,97.773666,,,,,,
12979,98.111145,,,,,,
12980,97.552216,,,,,,
12981,97.616470,,,,,,
12982,97.610275,,,,,,
12983,98.567062,,,,,,
12984,96.257942,,,,,,
12985,97.441238,,,,,,
12986,98.118958,,,,,,
12987,98.265945,,,,,,
12988,98.621010,,,,,,
12989,98.209457,,,,,,
12990,98.791145,,,,,,
12991,97.746010,,,,,,
12992,98.189644,,,,,,
12993,98.118561,,,,,,
12994,97.636658,,,,,,
12995,98.062355,,,,,,
12996,98.462036,,,,,,
12997,98.384514,,,,,,
12998,98.303726,,,,,,
13000,,78.000000,0.116673,,,,
13000,97.727448,,,,,,
13001,97.715355,,,,,,
13002,98.211967,,,,,,
13003,98.498436,,,,,,
13004,97.961655,,,,,,
13005,98.334641,,,,,,
13006,98.195557,,,,,,
13007,97.939552,,,,,,
13008,98.142204,,,,,,
13009,98.613617,,,,,,
13010,98.472824,,,,,,
13011,98.175476,,,,,,
13012,97.995819,,,,,,
13013,98.319000,,,,,,
13014,98.024971,,,,,,
13015,98.271049,,,,,,
13016,98.895691,,,,,,
13017,98.451889,,,,,,
13018,98.123993,,,,,,
13019,98.637680,,,,,,
13020,97.516205,,,,,,
13021,98.001694,,,,,,
13022,98.415276,,,,,,
13023,97.741455,,,,,,
13024,97.993660,,,,,,
13025,98.282761,,,,,,
13026,98.303963,,,,,,
13027,98.941559,,,,,,
13028,97.780731,,,,,,
13029,98.329750,,,,,,
13030,98.584106,,,,,,
13031,98.370872,,,,,,
13032,97.811897,,,,,,
13033,97.923836,,,,,,
13034,98.024391,,,,,,
13035,98.386826,,,,,,
13036,98.952538,,,,,,
13037,98.187416,,,,,,
13038,97.723984,,,,,,
13039,98.554184,,,,,,
13040,97.953987,,,,,,
13041,98.275383,,,,,,
13042,98.897934,,,,,,
13043,98.236557,,,,,,
13044,98.460564,,,,,,
13045,98.229202,,,,,,
13046,97.963470,,,,,,
13047,97.796295,,,,,,
13048,98.448059,,,,,,
13049,98.605606,,,,,,
13050,98.298241,,,,,,
13051,98.765114,,,,,,
13052,98.391167,,,,,,
13053,98.046730,,,,,,
13054,98.121887,,,,,,
13055,97.990021,,,,,,
13056,98.272087,,,,,,
13057,98.169037,,,,,,
13058,98.708336,,,,,,
13059,98.683846,,,,,,
13060,98.846603,,,,,,
13061,98.294174,,,,,,
13062,98.698975,,,,,,
13063,98.087303,,,,,,
13064,98.028198,,,,,,
13065,97.287514,,,,,,
13066,98.429268,,,,,,
13067,98.547005,,,,,,
13068,98.024635,,,,,,
13069,98.225273,,,,,,
13070,98.608017,,,,,,
13071,98.015793,,,,,,
13072,98.601334,,,,,,
13073,98.882713,,,,,,
13074,98.451378,,,,,,
13075,98.110123,,,,,,
13076,97.885643,,,,,,
13077,98.366486,,,,,,
13078,98.584862,,,,,,
13079,97.435524,,,,,,
13080,98.136940,,,,,,
13081,98.169189,,,,,,
13082,98.756554,,,,,,
13083,97.948639,,,,,,
13084,98.057426,,,,,,
13085,97.977379,,,,,,
13086,97.430710,,,,,,
13087,98.349213,,,,,,
13088,98.023064,,,,,,
13089,98.146004,,,,,,
13090,97.965332,,,,,,
13091,98.454453,,,,,,
13092,97.967255,,,,,,
13093,98.228897,,,,,,
13094,98.799362,,,,,,
13095,98.604492,,,,,,
13096,98.889511,,,,,,
13097,98.351906,,,,,,
13098,98.583549,,,,,,
13099,97.833054,,,,,,
13100,97.611015,,,,,,
13101,98.120880,,,,,,
13102,98.130058,,,,,,
13103,98.123428,,,,,,
13104,98.332054,,,,,,
13105,97.757179,,,,,,
13106,97.915596,,,,,,
13107,98.698090,,,,,,
13108,97.909325,,,,,,
13109,98.470299,,,,,,
13110,98.798492,,,,,,
13111,98.608536,,,,,,
13112,97.598480,,,,,,
13113,97.773697,,,,,,
13114,98.568993,,,,,,
13115,98.445328,,,,,,
13116,98.600746,,,,,,
13117,98.984222,,,,,,
13118,98.410492,,,,,,
13119,98.489510,,,,,,
13120,98.363525,,,,,,
13121,98.282394,,,,,,
13122,98.337288,,,,,,
13123,98.337227,,,,,,
13124,98.337128,,,,,,
13125,98.285721,,,,,,
13126,98.031387,,,,,,
13127,98.684479,,,,,,
13128,98.261681,,,,,,
13129,98.243370,,,,,,
13130,98.267792,,,,,,
13131,97.698158,,,,,,
13132,97.634422,,,,,,
13133,98.397690,,,,,,
13134,98.283806,,,,,,
13135,98.204407,,,,,,
13136,98.249908,,,,,,
13137,98.489891,,,,,,
13138,97.597015,,,,,,
13139,98.160431,,,,,,
13140,98.519043,,,,,,
13141,98.382263,,,,,,
13142,97.804863,,,,,,
13143,97.973427,,,,,,
13144,98.794662,,,,,,
13145,98.407555,,,,,,
13146,98.230988,,,,,,
13147,98.572685,,,,,,
13148,98.514389,,,,,,
13149,98.087799,,,,,,
13150,98.450302,,,,,,
13151,98.146378,,,,,,
13152,98.316551,,,,,,
13153,97.903694,,,,,,
13154,98.242126,,,,,,
13155,98.147774,,,,,,
13156,98.842010,,,,,,
13157,98.385460,,,,,,
13158,98.190392,,,,,,
13159,98.168266,,,,,,
13160,98.351128,,,,,,
13161,98.204147,,,,,,
13162,98.039940,,,,,,
13163,98.219475,,,,,,
13164,97.600624,,,,,,
13165,98.747612,,,,,,
13166,98.314087,,,,,,
13167,98.587852,,,,,,
13168,98.430313,,,,,,
13169,98.865082,,,,,,
13170,98.003212,,,,,,
13171,98.888359,,,,,,
13172,97.708473,,,,,,
13173,97.341278,,,,,,
13174,98.700432,,,,,,
13175,98.331795,,,,,,
13176,98.010017,,,,,,
13177,98.144440,,,,,,
13178,98.343010,,,,,,
13179,97.813721,,,,,,
13180,98.158226,,,,,,
13181,98.248306,,,,,,
13182,98.205017,,,,,,
13183,98.563820,,,,,,
13184,98.531967,,,,,,
13185,98.442627,,,,,,
13186,98.410873,,,,,,
13187,98.798462,,,,,,
13188,97.931313,,,,,,
13189,98.863037,,,,,,
13190,98.631706,,,,,,
13191,98.734634,,,,,,
13192,98.313805,,,,,,
13193,98.019012,,,,,,
13194,98.068924,,,,,,
13195,98.319649,,,,,,
13196,98.290474,,,,,,
13197,98.205750,,,,,,
13198,98.946251,,,,,,
13200,,78.000000,0.120266,,,,
13200,98.513336,,,,,,
13201,98.268242,,,,,,
13202,98.294937,,,,,,
13203,98.700760,,,,,,
13204,98.903557,,,,,,
13205,98.587662,,,,,,
13206,97.965805,,,,,,
13207,97.885895,,,,,,
13208,97.800568,,,,,,
13209,98.435089,,,,,,
13210,98.401833,,,,,,
13211,98.637756,,,,,,
13212,98.744644,,,,,,
13213,98.407883,,,,,,
13214,98.162323,,,,,,
13215,98.033539,,,,,,
13216,98.583305,,,,,,
13217,98.340294,,,,,,
13218,98.617134,,,,,,
13219,98.159340,,,,,,
13220,98.012260,,,,,,
13221,98.163925,,,,,,
13222,98.707077,,,,,,
13223,98.444847,,,,,,
13224,98.171036,,,,,,
13225,97.577309,,,,,,
13226,98.070786,,,,,,
13227,98.602577,,,,,,
13228,98.746407,,,,,,
13229,98.661629,,,,,,
13230,98.520432,,,,,,
13231,98.358887,,,,,,
13232,98.644470,,,,,,
13233,98.270851,,,,,,
13234,98.408714,,,,,,
13235,98.786613,,,,,,
13236,98.570290,,,,,,
13237,98.553146,,,,,,
13238,97.691063,,,,,,
13239,98.796783,,,,,,
13240,97.693619,,,,,,
13241,98.125946,,,,,,
13242,97.968842,,,,,,
13243,98.494446,,,,,,
13244,98.198425,,,,,,
13245,98.025909,,,,,,
13246,97.601097,,,,,,
13247,97.664772,,,,,,
13248,98.228951,,,,,,
13249,98.869667,,,,,,
13250,98.600792,,,,,,
13251,97.334503,,,,,,
13252,98.679306,,,,,,
13253,98.458412,,,,,,
13254,98.293198,,,,,,
13255,97.980850,,,,,,
13256,98.370636,,,,,,
13257,97.451202,,,,,,
13258,98.458595,,,,,,
13259,97.958389,,,,,,
13260,98.282326,,,,,,
13261,98.208450,,,,,,
13262,98.503166,,,,,,
13263,98.737076,,,,,,
13264,97.951981,,,,,,
13265,98.352112,,,,,,
13266,98.427948,,,,,,
13267,97.685936,,,,,,
13268,97.863991,,,,,,
13269,98.231392,,,,,,
13270,97.828575,,,,,,
13271,98.334885,,,,,,
13272,98.482628,,,,,,
13273,98.166931,,,,,,
13274,98.855309,,,,,,
13275,98.168678,,,,,,
13276,98.492348,,,,,,
13277,98.690460,,,,,,
13278,97.842415,,,,,,
13279,98.763542,,,,,,
13280,98.539047,,,,,,
13281,97.692139,,,,,,
13282,97.937340,,,,,,
13283,98.362656,,,,,,
13284,98.521843,,,,,,
13285,98.270752,,,,,,
13286,97.546539,,,,,,
13287,98.138222,,,,,,
13288,98.885887,,,,,,
13289,97.610977,,,,,,
13290,98.534813,,,,,,
13291,98.819649,,,,,,
13292,98.536087,,,,,,
13293,97.827721,,,,,,
13294,98.328827,,,,,,
13295,98.412781,,,,,,
13296,98.324455,,,,,,
13297,98.670601,,,,,,
13298,98.264099,,,,,,
13299,97.547607,,,,,,
13300,98.031052,,,,,,
13301,98.693718,,,,,,
13302,98.243835,,,,,,
13303,98.448997,,,,,,
13304,97.812378,,,,,,
13305,98.261292,,,,,,
13306,98.434593,,,,,,
13307,97.936935,,,,,,
13308,98.908234,,,,,,
13309,98.294312,,,,,,
13310,98.431046,,,,,,
13311,99.079987,,,,,,
13312,98.721115,,,,,,
13313,97.757645,,,,,,
13314,98.101662,,,,,,
13315,97.950172,,,,,,
13316,98.668358,,,,,,
13317,97.885979,,,,,,
13318,98.530937,,,,,,
13319,97.901947,,,,,,
13320,97.835960,,,,,,
13321,98.348633,,,,,,
13322,98.432251,,,,,,
13323,98.709846,,,,,,
13324,98.584457,,,,,,
13325,98.063049,,,,,,
13326,98.417274,,,,,,
13327,98.110626,,,,,,
13328,98.115616,,,,,,
13329,98.576004,,,,,,
13330,98.122200,,,,,,
13331,98.429985,,,,,,
13332,97.702209,,,,,,
13333,98.512894,,,,,,
13334,98.283897,,,,,,
13335,97.795792,,,,,,
13336,97.859909,,,,,,
13337,97.975365,,,,,,
13338,99.046593,,,,,,
13339,98.264259,,,,,,
13340,98.839554,,,,,,
13341,98.781441,,,,,,
13342,98.238304,,,,,,
13343,98.140778,,,,,,
13344,98.114746,,,,,,
13345,98.484856,,,,,,
13346,98.169090,,,,,,
13347,98.675728,,,,,,
13348,98.670586,,,,,,
13349,98.306122,,,,,,
13350,98.281250,,,,,,
13351,98.565697,,,,,,
13352,98.339012,,,,,,
13353,97.956223,,,,,,
13354,97.282326,,,,,,
13355,98.188889,,,,,,
13356,98.579628,,,,,,
13357,98.445213,,,,,,
13358,97.741264,,,,,,
13359,97.837852,,,,,,
13360,98.096947,,,,,,
13361,98.194862,,,,,,
13362,98.487816,,,,,,
13363,98.013168,,,,,,
13364,98.176903,,,,,,
13365,98.305191,,,,,,
13366,98.152328,,,,,,
13367,97.919502,,,,,,
13368,98.620308,,,,,,
13369,98.064796,,,,,,
13370,98.538193,,,,,,
13371,98.087830,,,,,,
13372,98.224899,,,,,,
13373,97.277496,,,,,,
13374,98.359451,,,,,,
13375,98.181885,,,,,,
13376,98.918892,,,,,,
13377,97.998314,,,,,,
13378,97.688042,,,,,,
13379,98.740608,,,,,,
13380,98.273819,,,,,,
13381,97.830475,,,,,,
13382,98.382706,,,,,,
13383,98.432213,,,,,,
13384,98.384567,,,,,,
13385,98.378540,,,,,,
13386,98.714699,,,,,,
13387,98.424232,,,,,,
13388,98.469505,,,,,,
13389,97.802147,,,,,,
13390,98.322784,,,,,,
13391,98.768837,,,,,,
13392,98.717094,,,,,,
13393,98.572823,,,,,,
13394,98.697868,,,,,,
13395,98.591141,,,,,,
13396,98.303108,,,,,,
13397,98.116158,,,,,,
13398,98.176102,,,,,,
13400,,78.020000,0.116434,,,,
13400,98.065742,,,,,,
13401,98.385368,,,,,,
13402,98.423828,,,,,,
13403,98.611130,,,,,,
13404,98.260849,,,,,,
13405,97.755539,,,,,,
13406,98.810555,,,,,,
13407,98.330696,,,,,,
13408,98.630775,,,,,,
13409,98.323853,,,,,,
13410,98.414406,,,,,,
13411,98.656586,,,,,,
13412,98.483582,,,,,,
13413,98.236298,,,,,,
13414,98.793510,,,,,,
13415,98.207130,,,,,,
13416,98.682800,,,,,,
13417,98.486984,,,,,,
13418,98.369911,,,,,,
13419,97.881088,,,,,,
13420,98.560768,,,,,,
13421,98.358047,,,,,,
13422,98.200394,,,,,,
13423,98.144890,,,,,,
13424,98.673790,,,,,,
13425,98.093636,,,,,,
13426,98.869896,,,,,,
13427,98.441963,,,,,,
13428,98.241058,,,,,,
13429,97.652229,,,,,,
13430,98.426445,,,,,,
13431,98.296219,,,,,,
13432,98.434975,,,,,,
13433,97.894150,,,,,,
13434,98.474442,,,,,,
13435,98.398529,,,,,,
13436,97.790680,,,,,,
13437,98.262177,,,,,,
13438,98.326569,,,,,,
13439,98.473572,,,,,,
13440,98.324646,,,,,,
13441,98.151268,,,,,,
13442,98.392776,,,,,,
13443,98.815147,,,,,,
13444,98.329018,,,,,,
13445,98.296753,,,,,,
13446,98.289330,,,,,,
13447,97.801949,,,,,,
13448,97.322990,,,,,,
13449,98.506660,,,,,,
13450,97.927551,,,,,,
13451,98.257683,,,,,,
13452,98.345589,,,,,,
13453,98.101036,,,,,,
13454,98.280624,,,,,,
13455,97.824463,,,,,,
13456,98.232941,,,,,,
13457,98.721107,,,,,,
13458,97.890137,,,,,,
13459,98.534760,,,,,,
13460,98.423958,,,,,,
13461,97.892677,,,,,,
13462,98.067596,,,,,,
13463,98.351685,,,,,,
13464,98.828606,,,,,,
13465,98.241386,,,,,,
13466,97.981850,,,,,,
13467,98.705246,,,,,,
13468,98.545471,,,,,,
13469,98.256866,,,,,,
13470,98.272827,,,,,,
13471,98.001694,,,,,,
13472,98.363419,,,,,,
13473,98.684464,,,,,,
13474,98.743477,,,,,,
13475,97.924934,,,,,,
13476,98.642075,,,,,,
13477,98.833580,,,,,,
13478,98.018394,,,,,,
13479,98.120468,,,,,,
13480,98.597679,,,,,,
13481,98.419128,,,,,,
13482,98.725700,,,,,,
13483,98.775101,,,,,,
13484,98.810204,,,,,,
13485,98.719254,,,,,,
13486,98.082359,,,,,,
13487,98.504799,,,,,,
13488,98.394089,,,,,,
13489,97.821159,,,,,,
13490,97.677109,,,,,,
13491,98.185036,,,,,,
13492,97.927216,,,,,,
13493,98.489929,,,,,,
13494,98.401520,,,,,,
13495,98.290268,,,,,,
13496,98.655991,,,,,,
13497,98.298752,,,,,,
13498,98.528725,,,,,,
13499,97.982147,,,,,,
13500,98.452652,,,,,,
13501,98.097549,,,,,,
13502,97.839104,,,,,,
13503,98.731339,,,,,,
13504,98.426826,,,,,,
13505,98.276207,,,,,,
13506,98.319855,,,,,,
13507,98.907890,,,,,,
13508,97.853607,,,,,,
13509,98.324249,,,,,,
13510,98.541039,,,,,,
13511,98.222900,,,,,,
13512,98.708237,,,,,,
13513,98.810158,,,,,,
13514,98.098167,,,,,,
13515,98.607025,,,,,,
13516,97.500427,,,,,,
13517,98.300217,,,,,,
13518,98.492737,,,,,,
13519,98.446663,,,,,,
13520,98.846619,,,,,,
13521,98.277702,,,,,,
13522,98.508171,,,,,,
13523,98.556015,,,,,,
13524,98.767075,,,,,,
13525,98.507072,,,,,,
13526,98.828979,,,,,,
13527,98.238495,,,,,,
13528,97.925003,,,,,,
13529,98.666527,,,,,,
13530,98.722984,,,,,,
13531,98.341743,,,,,,
13532,98.415321,,,,,,
13533,97.992577,,,,,,
13534,98.275078,,,,,,
13535,98.240288,,,,,,
13536,98.252968,,,,,,
13537,98.280716,,,,,,
13538,98.518318,,,,,,
13539,98.654907,,,,,,
13540,98.043961,,,,,,
13541,98.224731,,,,,,
13542,97.964294,,,,,,
13543,98.053970,,,,,,
13544,97.687920,,,,,,
13545,98.064613,,,,,,
13546,98.650719,,,,,,
13547,98.845406,,,,,,
13548,97.829277,,,,,,
13549,98.208733,,,,,,
13550,98.867607,,,,,,
13551,98.467911,,,,,,
13552,98.493896,,,,,,
13553,97.762680,,,,,,
13554,98.143890,,,,,,
13555,98.500015,,,,,,
13556,98.765587,,,,,,
13557,98.147064,,,,,,
13558,97.395851,,,,,,
13559,97.569839,,,,,,
13560,98.238419,,,,,,
13561,97.812897,,,,,,
13562,97.806717,,,,,,
13563,97.980698,,,,,,
13564,97.946716,,,,,,
13565,97.873962,,,,,,
13566,98.418655,,,,,,
13567,97.616821,,,,,,
13568,98.032936,,,,,,
13569,98.571426,,,,,,
13570,98.335197,,,,,,
13571,98.564644,,,,,,
13572,98.322098,,,,,,
13573,97.881493,,,,,,
13574,98.260178,,,,,,
13575,98.638260,,,,,,
13576,98.408676,,,,,,
13577,98.126114,,,,,,
13578,98.000534,,,,,,
13579,98.713173,,,,,,
13580,98.289490,,,,,,
13581,98.246651,,,,,,
13582,98.515762,,,,,,
13583,98.708870,,,,,,
13584,98.470512,,,,,,
13585,97.992683,,,,,,
13586,98.102631,,,,,,
13587,98.817001,,,,,,
13588,96.983704,,,,,,
13589,98.621346,,,,,,
13590,98.584763,,,,,,
13591,98.707886,,,,,,
13592,97.898018,,,,,,
13593,98.523781,,,,,,
13594,98.615067,,,,,,
13595,98.852013,,,,,,
13596,98.410873,,,,,,
13597,98.252831,,,,,,
13598,98.447769,,,,,,
13600,,78.160000,0.114762,,,,
13600,98.770805,,,,,,
13601,98.623611,,,,,,
13602,98.762367,,,,,,
13603,97.890663,,,,,,
13604,97.952782,,,,,,
13605,98.178459,,,,,,
13606,98.282272,,,,,,
13607,98.075165,,,,,,
13608,97.795753,,,,,,
13609,98.277855,,,,,,
13610,98.199684,,,,,,
13611,98.114059,,,,,,
13612,98.389183,,,,,,
13613,98.382652,,,,,,
13614,98.274490,,,,,,
13615,98.323418,,,,,,
13616,98.096336,,,,,,
13617,98.328339,,,,,,
13618,98.598282,,,,,,
13619,98.173325,,,,,,
13620,98.422981,,,,,,
13621,97.977814,,,,,,
13622,98.523804,,,,,,
13623,97.619545,,,,,,
13624,98.672485,,,,,,
13625,98.567223,,,,,,
13626,98.529999,,,,,,
13627,98.130333,,,,,,
13628,98.418419,,,,,,
13629,98.163948,,,,,,
13630,98.006416,,,,,,
13631,98.591652,,,,,,
13632,98.635750,,,,,,
13633,97.947250,,,,,,
13634,98.458687,,,,,,
13635,98.199883,,,,,,
13636,98.227760,,,,,,
13637,98.772812,,,,,,
13638,98.510666,,,,,,
13639,98.874580,,,,,,
13640,98.177002,,,,,,
13641,98.796455,,,,,,
13642,97.535172,,,,,,
13643,97.972466,,,,,,
13644,98.554329,,,,,,
13645,98.468269,,,,,,
13646,98.025093,,,,,,
13647,98.123970,,,,,,
13648,98.374298,,,,,,
13649,98.044571,,,,,,
13650,98.096298,,,,,,
13651,97.396156,,,,,,
13652,98.345947,,,,,,
13653,98.427704,,,,,,
13654,98.661690,,,,,,
13655,97.926392,,,,,,
13656,97.696098,,,,,,
13657,98.734169,,,,,,
13658,98.676048,,,,,,
13659,98.471153,,,,,,
13660,98.252502,,,,,,
13661,98.485611,,,,,,
13662,98.670029,,,,,,
13663,98.442894,,,,,,
13664,98.462990,,,,,,
13665,98.734650,,,,,,
13666,98.355690,,,,,,
13667,97.715973,,,,,,
13668,98.779533,,,,,,
13669,97.546646,,,,,,
13670,98.501122,,,,,,
13671,98.690224,,,,,,
13672,98.579407,,,,,,
13673,98.318665,,,,,,
13674,98.225479,,,,,,
13675,98.497795,,,,,,
13676,98.840866,,,,,,
13677,98.173965,,,,,,
13678,98.847343,,,,,,
13679,98.149094,,,,,,
13680,98.110817,,,,,,
13681,98.397675,,,,,,
13682,97.938370,,,,,,
13683,98.163895,,,,,,
13684,98.138420,,,,,,
13685,98.481926,,,,,,
13686,98.050133,,,,,,
13687,98.039665,,,,,,
13688,98.059143,,,,,,
13689,98.156120,,,,,,
13690,98.582436,,,,,,
13691,97.966972,,,,,,
13692,98.461334,,,,,,
13693,98.317352,,,,,,
13694,98.384300,,,,,,
13695,98.190193,,,,,,
13696,98.015785,,,,,,
13697,98.170464,,,,,,
13698,98.295433,,,,,,
13699,97.945900,,,,,,
13700,97.759293,,,,,,
13701,98.736694,,,,,,
13702,98.650932,,,,,,
13703,97.811859,,,,,,
13704,98.588264,,,,,,
13705,98.626793,,,,,,
13706,98.408592,,,,,,
13707,98.113129,,,,,,
13708,98.376343,,,,,,
13709,97.978210,,,,,,
13710,98.211899,,,,,,
13711,98.175476,,,,,,
13712,98.472931,,,,,,
13713,98.764030,,,,,,
13714,97.583702,,,,,,
13715,97.932487,,,,,,
13716,98.527466,,,,,,
13717,98.578804,,,,,,
13718,98.818695,,,,,,
13719,98.001320,,,,,,
13720,98.662567,,,,,,
13721,98.299652,,,,,,
13722,98.192841,,,,,,
13723,98.689842,,,,,,
13724,98.073715,,,,,,
13725,98.523613,,,,,,
13726,98.129295,,,,,,
13727,98.015640,,,,,,
13728,98.675972,,,,,,
13729,98.872856,,,,,,
13730,98.813942,,,,,,
13731,98.687996,,,,,,
13732,97.775787,,,,,,
13733,98.119133,,,,,,
13734,98.362823,,,,,,
13735,97.947708,,,,,,
13736,98.653320,,,,,,
13737,98.917213,,,,,,
13738,98.708801,,,,,,
13739,97.667770,,,,,,
13740,98.230972,,,,,,
13741,98.669846,,,,,,
13742,98.671219,,,,,,
13743,98.585495,,,,,,
13744,98.390648,,,,,,
13745,98.435524,,,,,,
13746,98.594147,,,,,,
13747,98.356209,,,,,,
13748,98.603256,,,,,,
13749,97.735298,,,,,,
13750,98.141602,,,,,,
13751,98.157700,,,,,,
13752,98.440033,,,,,,
13753,98.517830,,,,,,
13754,98.416885,,,,,,
13755,98.647064,,,,,,
13756,98.826836,,,,,,
13757,97.452812,,,,,,
13758,98.780022,,,,,,
13759,98.285957,,,,,,
13760,98.400734,,,,,,
13761,97.768929,,,,,,
13762,98.685287,,,,,,
13763,97.610542,,,,,,
13764,98.306114,,,,,,
13765,98.409958,,,,,,
13766,98.172249,,,,,,
13767,97.933388,,,,,,
13768,97.768974,,,,,,
13769,98.253937,,,,,,
13770,98.753235,,,,,,
13771,98.335442,,,,,,
13772,97.908073,,,,,,
13773,98.653992,,,,,,
13774,98.250519,,,,,,
13775,98.670959,,,,,,
13776,98.095940,,,,,,
13777,97.830124,,,,,,
13778,98.330139,,,,,,
13779,98.395859,,,,,,
13780,98.459396,,,,,,
13781,98.315041,,,,,,
13782,98.328667,,,,,,
13783,98.589790,,,,,,
13784,98.384499,,,,,,
13785,98.164871,,,,,,
13786,97.953796,,,,,,
13787,98.779297,,,,,,
13788,98.635277,,,,,,
13789,98.237114,,,,,,
13790,98.317970,,,,,,
13791,98.682068,,,,,,
13792,97.946701,,,,,,
13793,98.559059,,,,,,
13794,98.822380,,,,,,
13795,98.009247,,,,,,
13796,97.665779,,,,,,
13797,98.356857,,,,,,
13798,97.894730,,,,,,
13800,,78.100000,0.114817,,,,
13800,97.585960,,,,,,
13801,97.935440,,,,,,
13802,98.699348,,,,,,
13803,98.222702,,,,,,
13804,98.341942,,,,,,
13805,98.199913,,,,,,
13806,98.154091,,,,,,
13807,98.472198,,,,,,
13808,97.921043,,,,,,
13809,98.901688,,,,,,
13810,98.308899,,,,,,
13811,97.919128,,,,,,
13812,97.864189,,,,,,
13813,98.710800,,,,,,
13814,97.945992,,,,,,
13815,98.638596,,,,,,
13816,98.157623,,,,,,
13817,98.209808,,,,,,
13818,98.553886,,,,,,
13819,98.151840,,,,,,
13820,98.443970,,,,,,
13821,98.633011,,,,,,
13822,98.138184,,,,,,
13823,97.698494,,,,,,
13824,98.078224,,,,,,
13825,98.067749,,,,,,
13826,97.383949,,,,,,
13827,98.353073,,,,,,
13828,98.617096,,,,,,
13829,98.243004,,,,,,
13830,97.704132,,,,,,
13831,98.114616,,,,,,
13832,98.348236,,,,,,
13833,98.881218,,,,,,
13834,98.472260,,,,,,
13835,98.302094,,,,,,
13836,98.849426,,,,,,
13837,98.033798,,,,,,
13838,97.894798,,,,,,
13839,98.799217,,,,,,
13840,98.711029,,,,,,
13841,98.450630,,,,,,
13842,98.471214,,,,,,
13843,98.532829,,,,,,
13844,98.569283,,,,,,
13845,98.530426,,,,,,
13846,97.912125,,,,,,
13847,98.318794,,,,,,
13848,98.250801,,,,,,
13849,98.497108,,,,,,
13850,98.733040,,,,,,
13851,98.101822,,,,,,
13852,98.424271,,,,,,
13853,98.682480,,,,,,
13854,98.895645,,,,,,
13855,97.882675,,,,,,
13856,98.352097,,,,,,
13857,98.901588,,,,,,
13858,98.429848,,,,,,
13859,98.477669,,,,,,
13860,98.581322,,,,,,
13861,97.603508,,,,,,
13862,98.488197,,,,,,
13863,98.194847,,,,,,
13864,98.519638,,,,,,
13865,98.213623,,,,,,
13866,98.014984,,,,,,
13867,98.433243,,,,,,
13868,98.014168,,,,,,
13869,98.160706,,,,,,
13870,98.626678,,,,,,
13871,98.248650,,,,,,
13872,98.796463,,,,,,
13873,98.697731,,,,,,
13874,98.325165,,,,,,
13875,98.305763,,,,,,
13876,98.307320,,,,,,
13877,97.785622,,,,,,
13878,98.629341,,,,,,
13879,98.278046,,,,,,
13880,98.759285,,,,,,
13881,97.947311,,,,,,
13882,98.141121,,,,,,
13883,98.679543,,,,,,
13884,98.158333,,,,,,
13885,97.969231,,,,,,
13886,98.070061,,,,,,
13887,98.624229,,,,,,
13888,98.730484,,,,,,
13889,98.753807,,,,,,
13890,98.408562,,,,,,
13891,98.596062,,,,,,
13892,98.494583,,,,,,
13893,97.823364,,,,,,
13894,97.770866,,,,,,
13895,98.924995,,,,,,
13896,98.606842,,,,,,
13897,98.834061,,,,,,
13898,98.483673,,,,,,
13899,98.608330,,,,,,
13900,97.940117,,,,,,
13901,98.375504,,,,,,
13902,98.727859,,,,,,
13903,98.884659,,,,,,
13904,98.465042,,,,,,
13905,98.890892,,,,,,
13906,98.574287,,,,,,
13907,98.100624,,,,,,
13908,98.781158,,,,,,
13909,98.244896,,,,,,
13910,98.233482,,,,,,
13911,97.908302,,,,,,
13912,98.039116,,,,,,
13913,98.646484,,,,,,
13914,97.969322,,,,,,
13915,98.154686,,,,,,
13916,98.480759,,,,,,
13917,98.566940,,,,,,
13918,98.267441,,,,,,
13919,98.599098,,,,,,
13920,98.056808,,,,,,
13921,98.534721,,,,,,
13922,98.229370,,,,,,
13923,97.141029,,,,,,
13924,98.617966,,,,,,
13925,97.948067,,,,,,
13926,98.549713,,,,,,
13927,98.378395,,,,,,
13928,98.411469,,,,,,
13929,98.393738,,,,,,
13930,98.549095,,,,,,
13931,99.042908,,,,,,
13932,98.470566,,,,,,
13933,97.536232,,,,,,
13934,98.374191,,,,,,
13935,98.432724,,,,,,
13936,98.225853,,,,,,
13937,97.715431,,,,,,
13938,98.610626,,,,,,
13939,98.304123,,,,,,
13940,98.026970,,,,,,
13941,97.972824,,,,,,
13942,98.313492,,,,,,
13943,98.911842,,,,,,
13944,97.103539,,,,,,
13945,98.028610,,,,,,
13946,98.735214,,,,,,
13947,97.576225,,,,,,
13948,98.156281,,,,,,
13949,98.399788,,,,,,
13950,98.651726,,,,,,
13951,98.486481,,,,,,
13952,98.618523,,,,,,
13953,98.468781,,,,,,
13954,97.969864,,,,,,
13955,98.057457,,,,,,
13956,98.745773,,,,,,
13957,98.196815,,,,,,
13958,98.290047,,,,,,
13959,98.293747,,,,,,
13960,97.783234,,,,,,
13961,98.137856,,,,,,
13962,98.961067,,,,,,
13963,98.234299,,,,,,
13964,98.053909,,,,,,
13965,97.984138,,,,,,
13966,98.526657,,,,,,
13967,98.441879,,,,,,
13968,98.306442,,,,,,
13969,98.465958,,,,,,
13970,98.266167,,,,,,
13971,98.225563,,,,,,
13972,98.410881,,,,,,
13973,98.514870,,,,,,
13974,98.305267,,,,,,
13975,97.871895,,,,,,
13976,97.997375,,,,,,
13977,98.284363,,,,,,
13978,98.784042,,,,,,
13979,97.973167,,,,,,
13980,98.040451,,,,,,
13981,98.360260,,,,,,
13982,98.064163,,,,,,
13983,97.558929,,,,,,
13984,98.012558,,,,,,
13985,98.714340,,,,,,
13986,97.659370,,,,,,
13987,98.744690,,,,,,
13988,97.995422,,,,,,
13989,98.642906,,,,,,
13990,98.407593,,,,,,
13991,98.749992,,,,,,
13992,98.586113,,,,,,
13993,98.685020,,,,,,
13994,98.547211,,,,,,
13995,98.790565,,,,,,
13996,98.774971,,,,,,
13997,97.805168,,,,,,
13998,98.039871,,,,,,
14000,,77.830000,0.121762,,,,
14000,97.717171,,,,,,
14001,98.647675,,,,,,
14002,98.517700,,,,,,
14003,98.148476,,,,,,
14004,98.220390,,,,,,
14005,98.284920,,,,,,
14006,97.989548,,,,,,
14007,98.528053,,,,,,
14008,98.102570,,,,,,
14009,97.367653,,,,,,
14010,98.518494,,,,,,
14011,98.065552,,,,,,
14012,97.818825,,,,,,
14013,98.570152,,,,,,
14014,97.865242,,,,,,
14015,98.632820,,,,,,
14016,98.553185,,,,,,
14017,98.401726,,,,,,
14018,98.285927,,,,,,
14019,98.252800,,,,,,
14020,98.749779,,,,,,
14021,97.941658,,,,,,
14022,98.026779,,,,,,
14023,98.096962,,,,,,
14024,98.152962,,,,,,
14025,97.766388,,,,,,
14026,98.745514,,,,,,
14027,98.463142,,,,,,
14028,98.179276,,,,,,
14029,98.135727,,,,,,
14030,98.194977,,,,,,
14031,98.516479,,,,,,
14032,98.672943,,,,,,
14033,98.256706,,,,,,
14034,98.685730,,,,,,
14035,98.290482,,,,,,
14036,98.084183,,,,,,
14037,98.264069,,,,,,
14038,98.744392,,,,,,
14039,98.419830,,,,,,
14040,98.138794,,,,,,
14041,98.467430,,,,,,
14042,98.199211,,,,,,
14043,97.814171,,,,,,
14044,98.626495,,,,,,
14045,98.077141,,,,,,
14046,98.695450,,,,,,
14047,98.588654,,,,,,
14048,97.464661,,,,,,
14049,98.586624,,,,,,
14050,98.532188,,,,,,
14051,98.806015,,,,,,
14052,98.275330,,,,,,
14053,99.103348,,,,,,
14054,97.961105,,,,,,
14055,98.969185,,,,,,
14056,98.702232,,,,,,
14057,98.184082,,,,,,
14058,98.497025,,,,,,
14059,98.043083,,,,,,
14060,98.451866,,,,,,
14061,98.190727,,,,,,
14062,98.898712,,,,,,
14063,98.621407,,,,,,
14064,98.064949,,,,,,
14065,98.210251,,,,,,
14066,98.520096,,,,,,
14067,97.945877,,,,,,
14068,97.942123,,,,,,
14069,97.777534,,,,,,
14070,98.452728,,,,,,
14071,97.582176,,,,,,
14072,98.268089,,,,,,
14073,98.543938,,,,,,
14074,97.613037,,,,,,
14075,98.149750,,,,,,
14076,98.206100,,,,,,
14077,97.682198,,,,,,
14078,98.843475,,,,,,
14079,98.640160,,,,,,
14080,97.863289,,,,,,
14081,98.242722,,,,,,
14082,98.459724,,,,,,
14083,97.883881,,,,,,
14084,98.509949,,,,,,
14085,97.988602,,,,,,
14086,98.359810,,,,,,
14087,98.338554,,,,,,
14088,98.146133,,,,,,
14089,97.828598,,,,,,
14090,97.843246,,,,,,
14091,98.815659,,,,,,
14092,98.738220,,,,,,
14093,98.738243,,,,,,
14094,98.327415,,,,,,
14095,98.111298,,,,,,
14096,98.426834,,,,,,
14097,98.539116,,,,,,
14098,97.854828,,,,,,
14099,98.856361,,,,,,
14100,98.994331,,,,,,
14101,98.586365,,,,,,
14102,97.812271,,,,,,
14103,98.514626,,,,,,
14104,98.495850,,,,,,
14105,98.157684,,,,,,
14106,98.607918,,,,,,
14107,98.731735,,,,,,
14108,98.244308,,,,,,
14109,98.209045,,,,,,
14110,98.678841,,,,,,
14111,98.578094,,,,,,
14112,98.433777,,,,,,
14113,98.661530,,,,,,
14114,98.387024,,,,,,
14115,98.368370,,,,,,
14116,98.344643,,,,,,
14117,98.071640,,,,,,
14118,98.429047,,,,,,
14119,98.455841,,,,,,
14120,98.282990,,,,,,
14121,98.447800,,,,,,
14122,98.452637,,,,,,
14123,98.583992,,,,,,
14124,98.106674,,,,,,
14125,98.658371,,,,,,
14126,97.796158,,,,,,
14127,98.449081,,,,,,
14128,98.362724,,,,,,
14129,98.165283,,,,,,
14130,98.383308,,,,,,
14131,98.462906,,,,,,
14132,98.733109,,,,,,
14133,97.778015,,,,,,
14134,98.455544,,,,,,
14135,98.173882,,,,,,
14136,98.317955,,,,,,
14137,98.058380,,,,,,
14138,98.322159,,,,,,
14139,98.630943,,,,,,
14140,98.394157,,,,,,
14141,98.238869,,,,,,
14142,98.933609,,,,,,
14143,98.194473,,,,,,
14144,98.408249,,,,,,
14145,98.132240,,,,,,
14146,98.111023,,,,,,
14147,98.469025,,,,,,
14148,98.045982,,,,,,
14149,98.488014,,,,,,
14150,98.512436,,,,,,
14151,98.139198,,,,,,
14152,98.102867,,,,,,
14153,97.629936,,,,,,
14154,98.895432,,,,,,
14155,98.499352,,,,,,
14156,98.507339,,,,,,
14157,97.978363,,,,,,
14158,97.559509,,,,,,
14159,98.443504,,,,,,
14160,98.176216,,,,,,
14161,98.067406,,,,,,
14162,98.535881,,,,,,
14163,98.606102,,,,,,
14164,98.920700,,,,,,
14165,98.180244,,,,,,
14166,98.432182,,,,,,
14167,98.348770,,,,,,
14168,98.468681,,,,,,
14169,98.619225,,,,,,
14170,98.152855,,,,,,
14171,98.303932,,,,,,
14172,98.539841,,,,,,
14173,98.070564,,,,,,
14174,98.663834,,,,,,
14175,98.616478,,,,,,
14176,98.566299,,,,,,
14177,98.596802,,,,,,
14178,98.397690,,,,,,
14179,98.775146,,,,,,
14180,98.495636,,,,,,
14181,98.540680,,,,,,
14182,98.552711,,,,,,
14183,98.517609,,,,,,
14184,98.501785,,,,,,
14185,98.815063,,,,,,
14186,97.717270,,,,,,
14187,98.368370,,,,,,
14188,98.094040,,,,,,
14189,98.841789,,,,,,
14190,97.747787,,,,,,
14191,98.786705,,,,,,
14192,98.133034,,,,,,
14193,97.714806,,,,,,
14194,98.078812,,,,,,
14195,98.153297,,,,,,
14196,98.412880,,,,,,
14197,98.193153,,,,,,
14198,98.222870,,,,,,
14200,,78.040000,0.116875,,,,
14200,98.003151,,,,,,
14201,98.418640,,,,,,
14202,98.282578,,,,,,
14203,98.409523,,,,,,
14204,98.501953,,,,,,
14205,98.427902,,,,,,
14206,97.946236,,,,,,
14207,98.686592,,,,,,
14208,98.321548,,,,,,
14209,98.275879,,,,,,
14210,98.291840,,,,,,
14211,98.597000,,,,,,
14212,98.301476,,,,,,
14213,97.442398,,,,,,
14214,98.637566,,,,,,
14215,98.552063,,,,,,
14216,98.538506,,,,,,
14217,98.091499,,,,,,
14218,97.832642,,,,,,
14219,98.277657,,,,,,
14220,98.039375,,,,,,
14221,98.941536,,,,,,
14222,98.687759,,,,,,
14223,98.252068,,,,,,
14224,97.950912,,,,,,
14225,98.447723,,,,,,
14226,98.392647,,,,,,
14227,98.639717,,,,,,
14228,98.262619,,,,,,
14229,98.599983,,,,,,
14230,97.953156,,,,,,
14231,98.775421,,,,,,
14232,98.232162,,,,,,
14233,98.276527,,,,,,
14234,98.128510,,,,,,
14235,98.292297,,,,,,
14236,99.004326,,,,,,
14237,98.187675,,,,,,
14238,98.078506,,,,,,
14239,98.661697,,,,,,
14240,98.749435,,,,,,
14241,97.934082,,,,,,
14242,97.859810,,,,,,
14243,98.613556,,,,,,
14244,98.355713,,,,,,
14245,98.207108,,,,,,
14246,98.289352,,,,,,
14247,98.536880,,,,,,
14248,97.996536,,,,,,
14249,98.489883,,,,,,
14250,98.180862,,,,,,
14251,97.858086,,,,,,
14252,98.489105,,,,,,
14253,97.253189,,,,,,
14254,98.470337,,,,,,
14255,98.392082,,,,,,
14256,98.927269,,,,,,
14257,98.484360,,,,,,
14258,98.392906,,,,,,
14259,98.343971,,,,,,
14260,97.915588,,,,,,
14261,98.790413,,,,,,
14262,98.731201,,,,,,
14263,98.452820,,,,,,
14264,98.297386,,,,,,
14265,98.254875,,,,,,
14266,98.216827,,,,,,
14267,97.556320,,,,,,
14268,98.544334,,,,,,
14269,98.054886,,,,,,
14270,97.829826,,,,,,
14271,98.578674,,,,,,
14272,98.807747,,,,,,
14273,98.274071,,,,,,
14274,98.348457,,,,,,
14275,97.184715,,,,,,
14276,98.200302,,,,,,
14277,98.734634,,,,,,
14278,98.854027,,,,,,
14279,98.874969,,,,,,
14280,98.077156,,,,,,
14281,98.649040,,,,,,
14282,98.663300,,,,,,
14283,98.187737,,,,,,
14284,98.252190,,,,,,
14285,98.064262,,,,,,
14286,98.790001,,,,,,
14287,98.365715,,,,,,
14288,97.586372,,,,,,
14289,98.598152,,,,,,
14290,98.146240,,,,,,
14291,98.297813,,,,,,
14292,97.905922,,,,,,
14293,98.732689,,,,,,
14294,98.745155,,,,,,
14295,98.219170,,,,,,
14296,98.495842,,,,,,
14297,97.969223,,,,,,
14298,97.943504,,,,,,
14299,97.978004,,,,,,
14300,98.385391,,,,,,
14301,98.297974,,,,,,
14302,98.820061,,,,,,
14303,98.527420,,,,,,
14304,97.944504,,,,,,
14305,98.582397,,,,,,
14306,98.428040,,,,,,
14307,97.960129,,,,,,
14308,98.379341,,,,,,
14309,98.894661,,,,,,
14310,98.742416,,,,,,
14311,98.239761,,,,,,
14312,98.167542,,,,,,
14313,98.036682,,,,,,
14314,98.961800,,,,,,
14315,98.112671,,,,,,
14316,98.340477,,,,,,
14317,98.677818,,,,,,
14318,98.439995,,,,,,
14319,98.737984,,,,,,
14320,98.531830,,,,,,
14321,98.637833,,,,,,
14322,97.925369,,,,,,
14323,98.637901,,,,,,
14324,97.754730,,,,,,
14325,98.613152,,,,,,
14326,98.634178,,,,,,
14327,98.319992,,,,,,
14328,98.471695,,,,,,
14329,98.431976,,,,,,
14330,98.116386,,,,,,
14331,97.937706,,,,,,
14332,97.502396,,,,,,
14333,98.795387,,,,,,
14334,98.729607,,,,,,
14335,98.687668,,,,,,
14336,97.521988,,,,,,
14337,98.508171,,,,,,
14338,98.449554,,,,,,
14339,98.162560,,,,,,
14340,97.928253,,,,,,
14341,98.626022,,,,,,
14342,98.295151,,,,,,
14343,98.447090,,,,,,
14344,98.106522,,,,,,
14345,98.268173,,,,,,
14346,98.316017,,,,,,
14347,98.323387,,,,,,
14348,98.211143,,,,,,
14349,98.340820,,,,,,
14350,98.600174,,,,,,
14351,98.232994,,,,,,
14352,98.997849,,,,,,
14353,98.741348,,,,,,
14354,98.630875,,,,,,
14355,98.343109,,,,,,
14356,98.089043,,,,,,
14357,98.832298,,,,,,
14358,98.334007,,,,,,
14359,97.870667,,,,,,
14360,98.772362,,,,,,
14361,98.117783,,,,,,
14362,98.308426,,,,,,
14363,97.752983,,,,,,
14364,97.341110,,,,,,
14365,98.395493,,,,,,
14366,98.370018,,,,,,
14367,98.277740,,,,,,
14368,97.913536,,,,,,
14369,97.965973,,,,,,
14370,98.826675,,,,,,
14371,98.519699,,,,,,
14372,98.099350,,,,,,
14373,99.016945,,,,,,
14374,98.760155,,,,,,
14375,98.037041,,,,,,
14376,98.425919,,,,,,
14377,97.873863,,,,,,
14378,98.554451,,,,,,
14379,98.502571,,,,,,
14380,98.286247,,,,,,
14381,98.817444,,,,,,
14382,98.172287,,,,,,
14383,98.773926,,,,,,
14384,98.606514,,,,,,
14385,98.615997,,,,,,
14386,98.609535,,,,,,
14387,98.877571,,,,,,
14388,98.424866,,,,,,
14389,98.453041,,,,,,
14390,98.629456,,,,,,
14391,98.505844,,,,,,
14392,98.409584,,,,,,
14393,98.503090,,,,,,
14394,98.018806,,,,,,
14395,98.203049,,,,,,
14396,98.148903,,,,,,
14397,97.325645,,,,,,
14398,98.376564,,,,,,
14400,,78.000000,0.114254,,,,
14400,98.481613,,,,,,
14401,98.324341,,,,,,
14402,97.933846,,,,,,
14403,98.346199,,,,,,
14404,99.050667,,,,,,
14405,98.312126,,,,,,
14406,98.474937,,,,,,
14407,97.732178,,,,,,
14408,98.397446,,,,,,
14409,98.672348,,,,,,
14410,98.259109,,,,,,
14411,98.481636,,,,,,
14412,98.829712,,,,,,
14413,98.182655,,,,,,
14414,98.496841,,,,,,
14415,98.833138,,,,,,
14416,98.047203,,,,,,
14417,98.656158,,,,,,
14418,97.544556,,,,,,
14419,97.628761,,,,,,
14420,98.716728,,,,,,
14421,98.479912,,,,,,
14422,98.610634,,,,,,
14423,98.442024,,,,,,
14424,98.250641,,,,,,
14425,98.309303,,,,,,
14426,98.971031,,,,,,
14427,98.784874,,,,,,
14428,98.690414,,,,,,
14429,98.760582,,,,,,
14430,97.993820,,,,,,
14431,98.719727,,,,,,
14432,98.473106,,,,,,
14433,98.615746,,,,,,
14434,98.254227,,,,,,
14435,99.010033,,,,,,
14436,97.975227,,,,,,
14437,98.245476,,,,,,
14438,97.737335,,,,,,
14439,97.998405,,,,,,
14440,97.760201,,,,,,
14441,98.191269,,,,,,
14442,98.279594,,,,,,
14443,97.556068,,,,,,
14444,98.688904,,,,,,
14445,98.185303,,,,,,
14446,99.082260,,,,,,
14447,98.539207,,,,,,
14448,97.970779,,,,,,
14449,98.238068,,,,,,
14450,98.639793,,,,,,
14451,97.865028,,,,,,
14452,98.252831,,,,,,
14453,98.429901,,,,,,
14454,98.264168,,,,,,
14455,98.349190,,,,,,
14456,98.393585,,,,,,
14457,98.100800,,,,,,
14458,98.444405,,,,,,
14459,98.220734,,,,,,
14460,98.385948,,,,,,
14461,97.758591,,,,,,
14462,98.483849,,,,,,
14463,98.621780,,,,,,
14464,97.927689,,,,,,
14465,97.882530,,,,,,
14466,98.358971,,,,,,
14467,97.875481,,,,,,
14468,98.382080,,,,,,
14469,98.027672,,,,,,
14470,98.696632,,,,,,
14471,98.794792,,,,,,
14472,98.181099,,,,,,
14473,97.928215,,,,,,
14474,98.373444,,,,,,
14475,98.505768,,,,,,
14476,98.927475,,,,,,
14477,98.248390,,,,,,
14478,98.639832,,,,,,
14479,97.686684,,,,,,
14480,98.925819,,,,,,
14481,98.835640,,,,,,
14482,98.429619,,,,,,
14483,97.951508,,,,,,
14484,98.393021,,,,,,
14485,98.195084,,,,,,
14486,98.641212,,,,,,
14487,98.462914,,,,,,
14488,98.765976,,,,,,
14489,98.086205,,,,,,
14490,98.758514,,,,,,
14491,98.161903,,,,,,
14492,98.873543,,,,,,
14493,98.445305,,,,,,
14494,98.408020,,,,,,
14495,98.395432,,,,,,
14496,98.275864,,,,,,
14497,98.485069,,,,,,
14498,98.056465,,,,,,
14499,98.961678,,,,,,
14500,97.982811,,,,,,
14501,98.716812,,,,,,
14502,98.647583,,,,,,
14503,98.543747,,,,,,
14504,98.239754,,,,,,
14505,98.800667,,,,,,
14506,98.647202,,,,,,
14507,98.693527,,,,,,
14508,98.262840,,,,,,
14509,98.412735,,,,,,
14510,98.549675,,,,,,
14511,98.497108,,,,,,
14512,98.650566,,,,,,
14513,97.795853,,,,,,
14514,98.542694,,,,,,
14515,98.737991,,,,,,
14516,98.484200,,,,,,
14517,98.549477,,,,,,
14518,97.808823,,,,,,
14519,98.196526,,,,,,
14520,98.183678,,,,,,
14521,98.386398,,,,,,
14522,98.228363,,,,,,
14523,98.139671,,,,,,
14524,97.875908,,,,,,
14525,98.095863,,,,,,
14526,98.410934,,,,,,
14527,98.049469,,,,,,
14528,98.833878,,,,,,
14529,98.319206,,,,,,
14530,98.276909,,,,,,
14531,98.631073,,,,,,
14532,98.286446,,,,,,
14533,98.054863,,,,,,
14534,97.879280,,,,,,
14535,98.813759,,,,,,
14536,98.419434,,,,,,
14537,98.483124,,,,,,
14538,98.678619,,,,,,
14539,97.451035,,,,,,
14540,98.358261,,,,,,
14541,98.579063,,,,,,
14542,98.618050,,,,,,
14543,98.012344,,,,,,
14544,98.337975,,,,,,
14545,97.729675,,,,,,
14546,97.684479,,,,,,
14547,98.405876,,,,,,
14548,98.785225,,,,,,
14549,98.239838,,,,,,
14550,97.012787,,,,,,
14551,97.786484,,,,,,
14552,98.802628,,,,,,
14553,98.034637,,,,,,
14554,97.823044,,,,,,
14555,98.235519,,,,,,
14556,98.797455,,,,,,
14557,98.047653,,,,,,
14558,98.612656,,,,,,
14559,96.875908,,,,,,
14560,98.465668,,,,,,
14561,97.869194,,,,,,
14562,98.751938,,,,,,
14563,98.839737,,,,,,
14564,98.430237,,,,,,
14565,98.923485,,,,,,
14566,98.694130,,,,,,
14567,98.587952,,,,,,
14568,98.440567,,,,,,
14569,98.479576,,,,,,
14570,98.491951,,,,,,
14571,98.702080,,,,,,
14572,98.405266,,,,,,
14573,98.207809,,,,,,
14574,98.559021,,,,,,
14575,98.340179,,,,,,
14576,97.743111,,,,,,
14577,98.216148,,,,,,
14578,97.722145,,,,,,
14579,98.368050,,,,,,
14580,98.498520,,,,,,
14581,97.902611,,,,,,
14582,98.204750,,,,,,
14583,98.486870,,,,,,
14584,97.895103,,,,,,
14585,98.198128,,,,,,
14586,98.472748,,,,,,
14587,97.572220,,,,,,
14588,98.975700,,,,,,
14589,97.979568,,,,,,
14590,98.346062,,,,,,
14591,98.668594,,,,,,
14592,98.137421,,,,,,
14593,98.520805,,,,,,
14594,98.010834,,,,,,
14595,98.746956,,,,,,
14596,97.600273,,,,,,
14597,98.137321,,,,,,
14598,98.316193,,,,,,
14600,,77.990000,0.116204,,,,
14600,98.501266,,,,,,
14601,98.197128,,,,,,
14602,98.724976,,,,,,
14603,98.453163,,,,,,
14604,98.007919,,,,,,
14605,97.437569,,,,,,
14606,98.822166,,,,,,
14607,98.769562,,,,,,
14608,98.477570,,,,,,
14609,98.438332,,,,,,
14610,98.359444,,,,,,
14611,98.788712,,,,,,
14612,98.870705,,,,,,
14613,98.751495,,,,,,
14614,98.574760,,,,,,
14615,98.054741,,,,,,
14616,97.900673,,,,,,
14617,98.635826,,,,,,
14618,98.774078,,,,,,
14619,98.395477,,,,,,
14620,98.494270,,,,,,
14621,98.738419,,,,,,
14622,98.830345,,,,,,
14623,98.300522,,,,,,
14624,98.420303,,,,,,
14625,98.326355,,,,,,
14626,98.100311,,,,,,
14627,98.027016,,,,,,
14628,98.200089,,,,,,
14629,98.334923,,,,,,
14630,99.069229,,,,,,
14631,98.336098,,,,,,
14632,98.353867,,,,,,
14633,98.490631,,,,,,
14634,98.116974,,,,,,
14635,97.750053,,,,,,
14636,98.054459,,,,,,
14637,97.638924,,,,,,
14638,97.992340,,,,,,
14639,98.789154,,,,,,
14640,98.109962,,,,,,
14641,98.623360,,,,,,
14642,98.212250,,,,,,
14643,98.388077,,,,,,
14644,98.410355,,,,,,
14645,98.231361,,,,,,
14646,98.580307,,,,,,
14647,98.458893,,,,,,
14648,98.124893,,,,,,
14649,98.136124,,,,,,
14650,98.455101,,,,,,
14651,98.567574,,,,,,
14652,98.496994,,,,,,
14653,98.685043,,,,,,
14654,98.674324,,,,,,
14655,98.188980,,,,,,
14656,99.006393,,,,,,
14657,98.486115,,,,,,
14658,98.319939,,,,,,
14659,98.470520,,,,,,
14660,98.677399,,,,,,
14661,97.866493,,,,,,
14662,97.872246,,,,,,
14663,98.253944,,,,,,
14664,98.433113,,,,,,
14665,98.824471,,,,,,
14666,98.446754,,,,,,
14667,98.246918,,,,,,
14668,98.529381,,,,,,
14669,97.608047,,,,,,
14670,98.388573,,,,,,
14671,98.149567,,,,,,
14672,98.152763,,,,,,
14673,97.880516,,,,,,
14674,98.379372,,,,,,
14675,98.646172,,,,,,
14676,98.512924,,,,,,
14677,97.852570,,,,,,
14678,98.281403,,,,,,
14679,98.039902,,,,,,
14680,98.249207,,,,,,
14681,98.318932,,,,,,
14682,98.135803,,,,,,
14683,98.737747,,,,,,
14684,98.676498,,,,,,
14685,98.604004,,,,,,
14686,98.495392,,,,,,
14687,98.845955,,,,,,
14688,98.259880,,,,,,
14689,98.147774,,,,,,
14690,98.233147,,,,,,
14691,98.547333,,,,,,
14692,97.740501,,,,,,
14693,98.597878,,,,,,
14694,97.646523,,,,,,
14695,98.196236,,,,,,
14696,98.718239,,,,,,
14697,98.432884,,,,,,
14698,98.066742,,,,,,
14699,98.104660,,,,,,
14700,98.291100,,,,,,
14701,98.587753,,,,,,
14702,98.246597,,,,,,
14703,98.613297,,,,,,
14704,98.418999,,,,,,
14705,99.103783,,,,,,
14706,97.164658,,,,,,
14707,98.132782,,,,,,
14708,98.601334,,,,,,
14709,97.836555,,,,,,
14710,98.438515,,,,,,
14711,98.700508,,,,,,
14712,98.450356,,,,,,
14713,98.683716,,,,,,
14714,97.849564,,,,,,
14715,98.517853,,,,,,
14716,98.255905,,,,,,
14717,98.163902,,,,,,
14718,98.249931,,,,,,
14719,97.571983,,,,,,
14720,98.603020,,,,,,
14721,98.280807,,,,,,
14722,98.618965,,,,,,
14723,98.641693,,,,,,
14724,98.066452,,,,,,
14725,97.953972,,,,,,
14726,98.754112,,,,,,
14727,98.322639,,,,,,
14728,98.601906,,,,,,
14729,98.343224,,,,,,
14730,98.028824,,,,,,
14731,98.392502,,,,,,
14732,97.271561,,,,,,
14733,97.854126,,,,,,
14734,98.193001,,,,,,
14735,98.004921,,,,,,
14736,98.606354,,,,,,
14737,98.588379,,,,,,
14738,98.481750,,,,,,
14739,97.598724,,,,,,
14740,98.735420,,,,,,
14741,97.991600,,,,,,
14742,98.419090,,,,,,
14743,98.653564,,,,,,
14744,97.993210,,,,,,
14745,98.009521,,,,,,
14746,98.286934,,,,,,
14747,97.966675,,,,,,
14748,98.467499,,,,,,
14749,98.625618,,,,,,
14750,98.704521,,,,,,
14751,98.457596,,,,,,
14752,98.776619,,,,,,
14753,98.783920,,,,,,
14754,97.677361,,,,,,
14755,98.380653,,,,,,
14756,97.845436,,,,,,
14757,98.515846,,,,,,
14758,98.682159,,,,,,
14759,98.158653,,,,,,
14760,98.122620,,,,,,
14761,98.834427,,,,,,
14762,98.152069,,,,,,
14763,98.279251,,,,,,
14764,98.332771,,,,,,
14765,98.187088,,,,,,
14766,98.686943,,,,,,
14767,98.879417,,,,,,
14768,98.363228,,,,,,
14769,98.608971,,,,,,
14770,98.542892,,,,,,
14771,98.033546,,,,,,
14772,98.312019,,,,,,
14773,98.439041,,,,,,
14774,98.059875,,,,,,
14775,98.432358,,,,,,
14776,98.892998,,,,,,
14777,98.331490,,,,,,
14778,98.095070,,,,,,
14779,97.896263,,,,,,
14780,98.426888,,,,,,
14781,98.993729,,,,,,
14782,98.183899,,,,,,
14783,98.850174,,,,,,
14784,97.823601,,,,,,
14785,98.563896,,,,,,
14786,98.341484,,,,,,
14787,97.725151,,,,,,
14788,97.852127,,,,,,
14789,98.316132,,,,,,
14790,98.848480,,,,,,
14791,98.374016,,,,,,
14792,97.933418,,,,,,
14793,98.438416,,,,,,
14794,98.946701,,,,,,
14795,98.111511,,,,,,
14796,98.087723,,,,,,
14797,98.339043,,,,,,
14798,98.920738,,,,,,
14800,,78.200000,0.118125,,,,
14800,98.678078,,,,,,
14801,98.451385,,,,,,
14802,98.394600,,,,,,
14803,98.517403,,,,,,
14804,97.647469,,,,,,
14805,98.644485,,,,,,
14806,98.414078,,,,,,
14807,98.305733,,,,,,
14808,98.458244,,,,,,
14809,98.215622,,,,,,
14810,97.358414,,,,,,
14811,98.030533,,,,,,
14812,98.407356,,,,,,
14813,98.840263,,,,,,
14814,98.402534,,,,,,
14815,98.507866,,,,,,
14816,98.131371,,,,,,
14817,97.204132,,,,,,
14818,98.623314,,,,,,
14819,98.393715,,,,,,
14820,98.162987,,,,,,
14821,98.323936,,,,,,
14822,97.838860,,,,,,
14823,98.729637,,,,,,
14824,98.491425,,,,,,
14825,98.871613,,,,,,
14826,98.023430,,,,,,
14827,98.767700,,,,,,
14828,98.780403,,,,,,
14829,98.913857,,,,,,
14830,99.021637,,,,,,
14831,98.282227,,,,,,
14832,98.975021,,,,,,
14833,98.124664,,,,,,
14834,98.515244,,,,,,
14835,98.713272,,,,,,
14836,98.755402,,,,,,
14837,98.039345,,,,,,
14838,98.041954,,,,,,
14839,98.231575,,,,,,
14840,98.340309,,,,,,
14841,98.584641,,,,,,
14842,98.385437,,,,,,
14843,98.660019,,,,,,
14844,97.849663,,,,,,
14845,98.047424,,,,,,
14846,98.705826,,,,,,
14847,98.428627,,,,,,
14848,98.517632,,,,,,
14849,98.072647,,,,,,
14850,98.084236,,,,,,
14851,98.308907,,,,,,
14852,98.740959,,,,,,
14853,98.409904,,,,,,
14854,97.797218,,,,,,
14855,98.423073,,,,,,
14856,98.236702,,,,,,
14857,98.578072,,,,,,
14858,98.720573,,,,,,
14859,98.398216,,,,,,
14860,98.195923,,,,,,
14861,98.933876,,,,,,
14862,98.587097,,,,,,
14863,98.852890,,,,,,
14864,98.441742,,,,,,
14865,98.613609,,,,,,
14866,98.706841,,,,,,
14867,98.472801,,,,,,
14868,98.114914,,,,,,
14869,98.397644,,,,,,
14870,98.356140,,,,,,
14871,98.806137,,,,,,
14872,98.613159,,,,,,
14873,98.027855,,,,,,
14874,98.587563,,,,,,
14875,98.299637,,,,,,
14876,98.522408,,,,,,
14877,98.869598,,,,,,
14878,98.252945,,,,,,
14879,98.297646,,,,,,
14880,98.819092,,,,,,
14881,98.866127,,,,,,
14882,98.324448,,,,,,
14883,98.564308,,,,,,
14884,98.025307,,,,,,
14885,98.411751,,,,,,
14886,98.026176,,,,,,
14887,98.432152,,,,,,
14888,98.814415,,,,,,
14889,97.522301,,,,,,
14890,97.835968,,,,,,
14891,98.505463,,,,,,
14892,98.260262,,,,,,
14893,98.699783,,,,,,
14894,98.497719,,,,,,
14895,98.442650,,,,,,
14896,98.753525,,,,,,
14897,98.546318,,,,,,
14898,98.382317,,,,,,
14899,98.800888,,,,,,
14900,98.273300,,,,,,
14901,98.635925,,,,,,
14902,98.146210,,,,,,
14903,98.201210,,,,,,
14904,98.281219,,,,,,
14905,97.915764,,,,,,
14906,98.354202,,,,,,
14907,98.701622,,,,,,
14908,98.769730,,,,,,
14909,97.756729,,,,,,
14910,98.121910,,,,,,
14911,98.522903,,,,,,
14912,98.914955,,,,,,
14913,97.172272,,,,,,
14914,97.982208,,,,,,
14915,98.618263,,,,,,
14916,98.937958,,,,,,
14917,98.911575,,,,,,
14918,98.365974,,,,,,
14919,98.552002,,,,,,
14920,98.478729,,,,,,
14921,98.159889,,,,,,
14922,98.672592,,,,,,
14923,98.444550,,,,,,
14924,98.269409,,,,,,
14925,98.453880,,,,,,
14926,98.820770,,,,,,
14927,98.578003,,,,,,
14928,98.532364,,,,,,
14929,97.662582,,,,,,
14930,98.034607,,,,,,
14931,98.439041,,,,,,
14932,98.086586,,,,,,
14933,98.520042,,,,,,
14934,98.127151,,,,,,
14935,98.961792,,,,,,
14936,98.696709,,,,,,
14937,98.527458,,,,,,
14938,98.342545,,,,,,
14939,97.695663,,,,,,
14940,98.162605,,,,,,
14941,98.114502,,,,,,
14942,98.263718,,,,,,
14943,98.446976,,,,,,
14944,98.398331,,,,,,
14945,98.972839,,,,,,
14946,98.496262,,,,,,
14947,97.572517,,,,,,
14948,97.777855,,,,,,
14949,97.954987,,,,,,
14950,98.037933,,,,,,
14951,97.868713,,,,,,
14952,98.559296,,,,,,
14953,98.616814,,,,,,
14954,98.315590,,,,,,
14955,98.356918,,,,,,
14956,98.398964,,,,,,
14957,97.900330,,,,,,
14958,98.164124,,,,,,
14959,98.457275,,,,,,
14960,97.942650,,,,,,
14961,98.204575,,,,,,
14962,98.481987,,,,,,
14963,98.093224,,,,,,
14964,98.531906,,,,,,
14965,98.043922,,,,,,
14966,98.646919,,,,,,
14967,98.256958,,,,,,
14968,98.263771,,,,,,
14969,98.541801,,,,,,
14970,98.313210,,,,,,
14971,98.495628,,,,,,
14972,97.607506,,,,,,
14973,98.710747,,,,,,
14974,97.767685,,,,,,
14975,98.275787,,,,,,
14976,98.453529,,,,,,
14977,98.016983,,,,,,
14978,98.677353,,,,,,
14979,98.599548,,,,,,
14980,98.689293,,,,,,
14981,98.132957,,,,,,
14982,98.311836,,,,,,
14983,98.497231,,,,,,
14984,98.051804,,,,,,
14985,97.911392,,,,,,
14986,98.449730,,,,,,
14987,98.335999,,,,,,
14988,98.726379,,,,,,
14989,98.612343,,,,,,
14990,99.051094,,,,,,
14991,98.324921,,,,,,
14992,99.005478,,,,,,
14993,98.702385,,,,,,
14994,98.419922,,,,,,
14995,98.383362,,,,,,
14996,98.476791,,,,,,
14997,98.131508,,,,,,
14998,97.647049,,,,,,
15000,,78.000000,0.114311,,,,
15000,98.090401,,,,,,
15001,98.854042,,,,,,
15002,98.706619,,,,,,
15003,98.428055,,,,,,
15004,98.308731,,,,,,
15005,97.973152,,,,,,
15006,98.011848,,,,,,
15007,98.207954,,,,,,
15008,98.382927,,,,,,
15009,97.741562,,,,,,
15010,98.133331,,,,,,
15011,98.645828,,,,,,
15012,98.832222,,,,,,
15013,98.623161,,,,,,
15014,98.319283,,,,,,
15015,98.345100,,,,,,
15016,98.127167,,,,,,
15017,98.822067,,,,,,
15018,98.495621,,,,,,
15019,98.241905,,,,,,
15020,98.305389,,,,,,
15021,98.400131,,,,,,
15022,97.746033,,,,,,
15023,98.509438,,,,,,
15024,98.279610,,,,,,
15025,98.420982,,,,,,
15026,98.017067,,,,,,
15027,98.457817,,,,,,
15028,97.510666,,,,,,
15029,98.564041,,,,,,
15030,98.165504,,,,,,
15031,97.937645,,,,,,
15032,98.347893,,,,,,
15033,98.463600,,,,,,
15034,98.525421,,,,,,
15035,98.543846,,,,,,
15036,98.765144,,,,,,
15037,98.164833,,,,,,
15038,98.456711,,,,,,
15039,98.410248,,,,,,
15040,98.701408,,,,,,
15041,98.120651,,,,,,
15042,98.498558,,,,,,
15043,98.459839,,,,,,
15044,98.516121,,,,,,
15045,98.482552,,,,,,
15046,97.763435,,,,,,
15047,98.824318,,,,,,
15048,98.713280,,,,,,
15049,98.277596,,,,,,
15050,98.307655,,,,,,
15051,98.117256,,,,,,
15052,98.572960,,,,,,
15053,98.640495,,,,,,
15054,98.754791,,,,,,
15055,98.173050,,,,,,
15056,97.932861,,,,,,
15057,97.968956,,,,,,
15058,98.353508,,,,,,
15059,97.984901,,,,,,
15060,97.824638,,,,,,
15061,98.432190,,,,,,
15062,98.275177,,,,,,
15063,98.508873,,,,,,
15064,98.571014,,,,,,
15065,98.368477,,,,,,
15066,98.524170,,,,,,
15067,97.699005,,,,,,
15068,98.046478,,,,,,
15069,98.231270,,,,,,
15070,97.700081,,,,,,
15071,98.147995,,,,,,
15072,98.758545,,,,,,
15073,97.903900,,,,,,
15074,98.123421,,,,,,
15075,98.512779,,,,,,
15076,98.581474,,,,,,
15077,98.564728,,,,,,
15078,98.638702,,,,,,
15079,98.591797,,,,,,
15080,98.390198,,,,,,
15081,98.274498,,,,,,
15082,98.632355,,,,,,
15083,98.315094,,,,,,
15084,98.146568,,,,,,
15085,98.850716,,,,,,
15086,98.503395,,,,,,
15087,98.069183,,,,,,
15088,98.187401,,,,,,
15089,98.622536,,,,,,
15090,99.020721,,,,,,
15091,98.681198,,,,,,
15092,98.525925,,,,,,
15093,98.640602,,,,,,
15094,99.046852,,,,,,
15095,98.201950,,,,,,
15096,98.633598,,,,,,
15097,98.306747,,,,,,
15098,98.697693,,,,,,
15099,97.779114,,,,,,
15100,98.736786,,,,,,
15101,98.527802,,,,,,
15102,98.212219,,,,,,
15103,98.382759,,,,,,
15104,98.589958,,,,,,
15105,98.128632,,,,,,
15106,98.448608,,,,,,
15107,98.834106,,,,,,
15108,98.752594,,,,,,
15109,98.674477,,,,,,
15110,98.439331,,,,,,
15111,97.874458,,,,,,
15112,98.651146,,,,,,
15113,98.151222,,,,,,
15114,97.981789,,,,,,
15115,98.360146,,,,,,
15116,98.193054,,,,,,
15117,98.714043,,,,,,
15118,98.522148,,,,,,
15119,98.029778,,,,,,
15120,98.228294,,,,,,
15121,98.172646,,,,,,
15122,98.585022,,,,,,
15123,98.392548,,,,,,
15124,98.300598,,,,,,
15125,98.319962,,,,,,
15126,98.702019,,,,,,
15127,98.153641,,,,,,
15128,98.890411,,,,,,
15129,98.309868,,,,,,
15130,98.401161,,,,,,
15131,98.628136,,,,,,
15132,97.775055,,,,,,
15133,98.537521,,,,,,
15134,98.905830,,,,,,
15135,98.167168,,,,,,
15136,98.553383,,,,,,
15137,98.741402,,,,,,
15138,98.754242,,,,,,
15139,98.526619,,,,,,
15140,98.840271,,,,,,
15141,97.553154,,,,,,
15142,98.821915,,,,,,
15143,98.225800,,,,,,
15144,98.587753,,,,,,
15145,97.874329,,,,,,
15146,98.283943,,,,,,
15147,98.334091,,,,,,
15148,98.015350,,,,,,
15149,98.357422,,,,,,
15150,98.391335,,,,,,
15151,98.070976,,,,,,
15152,98.293945,,,,,,
15153,98.845001,,,,,,
15154,98.252281,,,,,,
15155,98.337257,,,,,,
15156,98.756073,,,,,,
15157,98.447250,,,,,,
15158,98.769920,,,,,,
15159,98.217514,,,,,,
15160,98.663895,,,,,,
15161,98.679337,,,,,,
15162,98.869797,,,,,,
15163,98.533707,,,,,,
15164,98.492485,,,,,,
15165,98.045448,,,,,,
15166,98.583588,,,,,,
15167,98.060783,,,,,,
15168,98.097214,,,,,,
15169,97.704758,,,,,,
15170,98.185204,,,,,,
15171,98.407875,,,,,,
15172,98.984169,,,,,,
15173,98.253242,,,,,,
15174,97.709976,,,,,,
15175,98.597420,,,,,,
15176,98.496445,,,,,,
15177,98.506027,,,,,,
15178,98.107903,,,,,,
15179,98.210007,,,,,,
15180,98.618652,,,,,,
15181,98.368820,,,,,,
15182,98.526115,,,,,,
15183,98.670761,,,,,,
15184,98.059311,,,,,,
15185,98.568581,,,,,,
15186,97.705589,,,,,,
15187,97.729614,,,,,,
15188,98.138954,,,,,,
15189,98.884171,,,,,,
15190,98.570854,,,,,,
15191,98.789246,,,,,,
15192,98.662392,,,,,,
15193,98.435875,,,,,,
15194,98.561394,,,,,,
15195,98.831299,,,,,,
15196,98.451073,,,,,,
15197,98.381165,,,,,,
15198,98.982719,,,,,,
15200,,78.020000,0.113641,,,,
15200,97.894592,,,,,,
15201,98.433495,,,,,,
15202,98.264107,,,,,,
15203,98.059830,,,,,,
15204,98.514992,,,,,,
15205,98.830208,,,,,,
15206,98.499146,,,,,,
15207,98.345627,,,,,,
15208,98.590477,,,,,,
15209,97.924988,,,,,,
15210,98.490829,,,,,,
15211,98.703392,,,,,,
15212,98.388153,,,,,,
15213,98.344345,,,,,,
15214,98.542480,,,,,,
15215,98.356079,,,,,,
15216,97.804855,,,,,,
15217,98.567390,,,,,,
15218,98.395493,,,,,,
15219,98.358177,,,,,,
15220,98.175827,,,,,,
15221,97.940346,,,,,,
15222,98.274185,,,,,,
15223,98.315926,,,,,,
15224,97.957039,,,,,,
15225,98.690926,,,,,,
15226,98.692451,,,,,,
15227,98.485085,,,,,,
15228,98.701080,,,,,,
15229,98.303391,,,,,,
15230,98.071747,,,,,,
15231,98.067810,,,,,,
15232,98.515198,,,,,,
15233,98.631485,,,,,,
15234,98.044456,,,,,,
15235,98.903450,,,,,,
15236,98.743591,,,,,,
15237,98.331169,,,,,,
15238,98.162331,,,,,,
15239,97.999207,,,,,,
15240,98.813797,,,,,,
15241,98.564484,,,,,,
15242,98.168503,,,,,,
15243,98.619644,,,,,,
15244,97.826767,,,,,,
15245,97.546951,,,,,,
15246,97.630920,,,,,,
15247,98.767281,,,,,,
15248,98.295937,,,,,,
15249,98.370415,,,,,,
15250,98.249931,,,,,,
15251,98.850227,,,,,,
15252,98.343109,,,,,,
15253,98.278458,,,,,,
15254,98.789528,,,,,,
15255,98.461311,,,,,,
15256,97.871559,,,,,,
15257,98.165779,,,,,,
15258,98.524796,,,,,,
15259,97.594421,,,,,,
15260,98.401115,,,,,,
15261,98.621193,,,,,,
15262,98.015739,,,,,,
15263,98.647667,,,,,,
15264,98.283783,,,,,,
15265,97.629379,,,,,,
15266,98.295898,,,,,,
15267,98.358894,,,,,,
15268,97.786598,,,,,,
15269,98.735023,,,,,,
15270,98.199005,,,,,,
15271,97.887444,,,,,,
15272,98.776291,,,,,,
15273,98.678879,,,,,,
15274,98.445465,,,,,,
15275,98.444115,,,,,,
15276,98.186966,,,,,,
15277,98.624275,,,,,,
15278,98.235138,,,,,,
15279,98.392647,,,,,,
15280,98.751320,,,,,,
15281,98.755264,,,,,,
15282,98.013603,,,,,,
15283,98.315964,,,,,,
15284,98.509727,,,,,,
15285,98.996658,,,,,,
15286,98.403717,,,,,,
15287,97.695549,,,,,,
15288,98.521950,,,,,,
15289,97.569839,,,,,,
15290,98.795341,,,,,,
15291,98.311508,,,,,,
15292,98.402039,,,,,,
15293,98.395508,,,,,,
15294,97.788887,,,,,,
15295,98.327057,,,,,,
15296,98.423317,,,,,,
15297,98.327240,,,,,,
15298,97.689789,,,,,,
15299,98.745628,,,,,,
15300,98.908150,,,,,,
15301,98.613472,,,,,,
15302,98.723846,,,,,,
15303,98.428017,,,,,,
15304,98.886307,,,,,,
15305,98.415573,,,,,,
15306,98.401131,,,,,,
15307,98.496201,,,,,,
15308,98.548721,,,,,,
15309,98.181038,,,,,,
15310,98.327957,,,,,,
15311,98.703346,,,,,,
15312,98.525902,,,,,,
15313,98.404778,,,,,,
15314,98.084213,,,,,,
15315,98.329399,,,,,,
15316,97.892616,,,,,,
15317,97.692627,,,,,,
15318,98.286705,,,,,,
15319,98.741699,,,,,,
15320,98.611389,,,,,,
15321,98.855675,,,,,,
15322,97.781883,,,,,,
15323,98.411331,,,,,,
15324,98.596016,,,,,,
15325,97.601585,,,,,,
15326,98.336746,,,,,,
15327,98.762268,,,,,,
15328,98.648193,,,,,,
15329,98.722801,,,,,,
15330,98.715973,,,,,,
15331,98.071419,,,,,,
15332,98.287582,,,,,,
15333,98.184181,,,,,,
15334,98.440475,,,,,,
15335,98.833824,,,,,,
15336,98.628754,,,,,,
15337,98.930321,,,,,,
15338,97.783554,,,,,,
15339,98.651810,,,,,,
15340,98.395050,,,,,,
15341,98.477921,,,,,,
15342,97.916695,,,,,,
15343,98.744980,,,,,,
15344,98.783714,,,,,,
15345,98.208878,,,,,,
15346,98.133736,,,,,,
15347,98.042397,,,,,,
15348,97.928650,,,,,,
15349,98.024933,,,,,,
15350,98.599426,,,,,,
15351,98.150063,,,,,,
15352,98.457573,,,,,,
15353,97.882431,,,,,,
15354,98.310417,,,,,,
15355,98.493011,,,,,,
15356,98.438293,,,,,,
15357,97.941528,,,,,,
15358,97.980316,,,,,,
15359,98.682365,,,,,,
15360,98.724876,,,,,,
15361,98.927719,,,,,,
15362,98.371445,,,,,,
15363,98.562698,,,,,,
15364,98.590141,,,,,,
15365,98.756035,,,,,,
15366,98.435944,,,,,,
15367,98.597176,,,,,,
15368,98.365700,,,,,,
15369,97.881851,,,,,,
15370,98.327850,,,,,,
15371,98.543709,,,,,,
15372,97.689667,,,,,,
15373,98.288551,,,,,,
15374,98.080551,,,,,,
15375,98.352036,,,,,,
15376,98.560417,,,,,,
15377,98.590607,,,,,,
15378,98.585777,,,,,,
15379,98.530624,,,,,,
15380,98.316292,,,,,,
15381,98.256424,,,,,,
15382,98.095444,,,,,,
15383,98.076134,,,,,,
15384,98.724327,,,,,,
15385,99.111099,,,,,,
15386,98.332100,,,,,,
15387,98.379860,,,,,,
15388,98.628113,,,,,,
15389,98.854309,,,,,,
15390,98.408356,,,,,,
15391,98.714874,,,,,,
15392,98.849014,,,,,,
15393,98.249695,,,,,,
15394,98.387657,,,,,,
15395,98.290268,,,,,,
15396,97.761116,,,,,,
15397,98.548424,,,,,,
15398,98.323235,,,,,,
15400,,77.920000,0.117732,,,,
15400,98.979919,,,,,,
15401,98.920837,,,,,,
15402,98.135323,,,,,,
15403,98.558151,,,,,,
15404,98.594872,,,,,,
15405,98.498817,,,,,,
15406,98.711433,,,,,,
15407,98.220100,,,,,,
15408,98.430099,,,,,,
15409,98.122452,,,,,,
15410,98.057938,,,,,,
15411,98.095192,,,,,,
15412,97.749222,,,,,,
15413,98.320831,,,,,,
15414,98.248802,,,,,,
15415,98.467850,,,,,,
15416,97.921684,,,,,,
15417,97.672371,,,,,,
15418,98.839935,,,,,,
15419,98.375847,,,,,,
15420,98.362343,,,,,,
15421,98.667328,,,,,,
15422,98.648911,,,,,,
15423,98.170692,,,,,,
15424,98.412346,,,,,,
15425,98.569542,,,,,,
15426,98.534340,,,,,,
15427,98.181664,,,,,,
15428,98.350693,,,,,,
15429,98.510651,,,,,,
15430,98.534584,,,,,,
15431,98.454659,,,,,,
15432,98.305687,,,,,,
15433,98.268219,,,,,,
15434,97.897789,,,,,,
15435,98.324295,,,,,,
15436,98.260834,,,,,,
15437,97.702950,,,,,,
15438,98.325951,,,,,,
15439,98.351318,,,,,,
15440,98.619087,,,,,,
15441,98.588898,,,,,,
15442,98.238678,,,,,,
15443,98.096901,,,,,,
15444,98.870583,,,,,,
15445,98.070129,,,,,,
15446,98.885704,,,,,,
15447,98.790237,,,,,,
15448,98.218796,,,,,,
15449,98.456902,,,,,,
15450,98.330246,,,,,,
15451,98.120323,,,,,,
15452,98.699394,,,,,,
15453,98.227127,,,,,,
15454,98.767097,,,,,,
15455,98.660690,,,,,,
15456,98.161705,,,,,,
15457,98.596664,,,,,,
15458,98.555710,,,,,,
15459,98.554314,,,,,,
15460,98.136787,,,,,,
15461,98.898720,,,,,,
15462,98.985329,,,,,,
15463,98.326729,,,,,,
15464,98.778969,,,,,,
15465,98.531387,,,,,,
15466,98.512497,,,,,,
15467,98.622292,,,,,,
15468,98.765213,,,,,,
15469,98.548317,,,,,,
15470,98.686295,,,,,,
15471,98.508980,,,,,,
15472,98.670830,,,,,,
15473,98.558098,,,,,,
15474,98.193214,,,,,,
15475,97.493408,,,,,,
15476,98.808739,,,,,,
15477,98.143166,,,,,,
15478,98.266701,,,,,,
15479,98.616142,,,,,,
15480,98.293350,,,,,,
15481,98.462738,,,,,,
15482,98.426056,,,,,,
15483,98.693718,,,,,,
15484,98.533806,,,,,,
15485,97.751984,,,,,,
15486,97.669518,,,,,,
15487,98.774605,,,,,,
15488,98.103706,,,,,,
15489,98.802872,,,,,,
15490,98.560028,,,,,,
15491,98.563408,,,,,,
15492,98.409370,,,,,,
15493,98.253639,,,,,,
15494,98.408150,,,,,,
15495,98.166100,,,,,,
15496,98.490822,,,,,,
15497,98.214661,,,,,,
15498,98.429916,,,,,,
15499,98.703094,,,,,,
15500,97.797180,,,,,,
15501,98.187950,,,,,,
15502,97.757919,,,,,,
15503,98.565674,,,,,,
15504,98.172981,,,,,,
15505,97.977089,,,,,,
15506,98.921768,,,,,,
15507,97.920837,,,,,,
15508,98.563232,,,,,,
15509,98.643997,,,,,,
15510,98.928474,,,,,,
15511,98.744293,,,,,,
15512,98.268196,,,,,,
15513,98.574181,,,,,,
15514,98.312965,,,,,,
15515,98.354172,,,,,,
15516,98.400108,,,,,,
15517,98.368301,,,,,,
15518,98.006851,,,,,,
15519,98.919289,,,,,,
15520,98.723763,,,,,,
15521,98.561920,,,,,,
15522,98.117668,,,,,,
15523,98.406837,,,,,,
15524,98.085976,,,,,,
15525,98.899864,,,,,,
15526,97.871002,,,,,,
15527,98.272179,,,,,,
15528,98.519081,,,,,,
15529,98.016029,,,,,,
15530,98.886894,,,,,,
15531,98.227455,,,,,,
15532,98.151260,,,,,,
15533,97.123825,,,,,,
15534,98.646782,,,,,,
15535,98.231438,,,,,,
15536,98.611702,,,,,,
15537,97.936653,,,,,,
15538,97.765640,,,,,,
15539,98.563263,,,,,,
15540,98.763786,,,,,,
15541,98.689690,,,,,,
15542,98.417435,,,,,,
15543,98.673157,,,,,,
15544,97.897987,,,,,,
15545,98.364265,,,,,,
15546,98.803810,,,,,,
15547,98.273552,,,,,,
15548,98.428276,,,,,,
15549,98.823700,,,,,,
15550,98.070801,,,,,,
15551,98.006721,,,,,,
15552,98.224213,,,,,,
15553,98.542725,,,,,,
15554,98.814171,,,,,,
15555,98.488106,,,,,,
15556,98.452248,,,,,,
15557,98.540352,,,,,,
15558,98.443001,,,,,,
15559,97.988602,,,,,,
15560,98.610382,,,,,,
15561,98.237045,,,,,,
15562,98.118622,,,,,,
15563,98.307503,,,,,,
15564,98.281334,,,,,,
15565,98.495255,,,,,,
15566,98.726494,,,,,,
15567,98.353607,,,,,,
15568,98.988243,,,,,,
15569,98.563744,,,,,,
15570,98.051888,,,,,,
15571,98.297150,,,,,,
15572,98.076973,,,,,,
15573,98.947975,,,,,,
15574,98.090965,,,,,,
15575,97.939812,,,,,,
15576,98.831841,,,,,,
15577,98.680161,,,,,,
15578,98.353088,,,,,,
15579,98.437637,,,,,,
15580,98.584496,,,,,,
15581,98.177162,,,,,,
15582,97.816368,,,,,,
15583,98.659737,,,,,,
15584,98.171516,,,,,,
15585,98.561256,,,,,,
15586,98.113640,,,,,,
15587,98.208694,,,,,,
15588,98.364227,,,,,,
15589,98.300323,,,,,,
15590,98.333359,,,,,,
15591,98.387794,,,,,,
15592,98.172729,,,,,,
15593,98.733368,,,,,,
15594,98.355934,,,,,,
15595,98.345909,,,,,,
15596,98.794342,,,,,,
15597,98.616501,,,,,,
15598,98.299324,,,,,,
15600,,78.050000,0.117636,,,,
15600,98.231483,,,,,,
15601,98.287743,,,,,,
15602,98.040901,,,,,,
15603,98.227562,,,,,,
15604,98.095108,,,,,,
15605,98.007584,,,,,,
15606,98.693848,,,,,,
15607,97.711815,,,,,,
15608,98.528961,,,,,,
15609,98.537125,,,,,,
15610,98.625679,,,,,,
15611,98.348862,,,,,,
15612,98.450912,,,,,,
15613,98.576805,,,,,,
15614,98.676468,,,,,,
15615,98.330132,,,,,,
15616,98.559029,,,,,,
15617,98.177704,,,,,,
15618,98.291351,,,,,,
15619,98.200821,,,,,,
15620,98.309082,,,,,,
15621,98.739357,,,,,,
15622,98.639145,,,,,,
15623,98.496727,,,,,,
15624,97.869682,,,,,,
15625,98.713707,,,,,,
15626,98.498138,,,,,,
15627,98.171127,,,,,,
15628,96.900536,,,,,,
15629,98.768143,,,,,,
15630,97.538223,,,,,,
15631,98.511131,,,,,,
15632,98.985352,,,,,,
15633,98.207375,,,,,,
15634,98.448479,,,,,,
15635,98.088722,,,,,,
15636,98.583008,,,,,,
15637,98.570152,,,,,,
15638,98.006744,,,,,,
15639,98.085327,,,,,,
15640,98.458099,,,,,,
15641,98.024414,,,,,,
15642,98.663277,,,,,,
15643,98.598442,,,,,,
15644,98.677963,,,,,,
15645,98.325325,,,,,,
15646,98.455772,,,,,,
15647,97.761681,,,,,,
15648,98.130829,,,,,,
15649,98.939903,,,,,,
15650,99.024765,,,,,,
15651,98.553780,,,,,,
15652,98.824493,,,,,,
15653,98.238762,,,,,,
15654,98.693398,,,,,,
15655,97.762756,,,,,,
15656,98.810959,,,,,,
15657,98.509186,,,,,,
15658,98.126343,,,,,,
15659,99.001068,,,,,,
15660,98.596832,,,,,,
15661,98.512650,,,,,,
15662,98.418640,,,,,,
15663,97.608177,,,,,,
15664,98.798340,,,,,,
15665,98.170570,,,,,,
15666,98.857483,,,,,,
15667,98.636841,,,,,,
15668,98.531128,,,,,,
15669,98.490013,,,,,,
15670,98.320633,,,,,,
15671,97.776802,,,,,,
15672,98.236412,,,,,,
15673,98.314697,,,,,,
15674,98.992546,,,,,,
15675,98.178253,,,,,,
15676,98.449532,,,,,,
15677,98.690506,,,,,,
15678,98.268318,,,,,,
15679,97.938576,,,,,,
15680,98.442146,,,,,,
15681,98.398659,,,,,,
15682,98.840263,,,,,,
15683,98.245941,,,,,,
15684,98.337906,,,,,,
15685,98.584122,,,,,,
15686,98.757919,,,,,,
15687,98.738190,,,,,,
15688,97.904121,,,,,,
15689,98.850998,,,,,,
15690,98.516708,,,,,,
15691,98.410797,,,,,,
15692,98.777542,,,,,,
15693,98.468437,,,,,,
15694,98.211700,,,,,,
15695,97.770744,,,,,,
15696,98.551041,,,,,,
15697,98.232056,,,,,,
15698,97.430290,,,,,,
15699,98.485329,,,,,,
15700,98.135422,,,,,,
15701,98.475471,,,,,,
15702,98.832672,,,,,,
15703,98.864151,,,,,,
15704,98.376984,,,,,,
15705,97.256447,,,,,,
15706,98.346664,,,,,,
15707,98.329506,,,,,,
15708,98.221001,,,,,,
15709,98.559555,,,,,,
15710,98.755028,,,,,,
15711,98.209656,,,,,,
15712,98.573784,,,,,,
15713,98.412781,,,,,,
15714,99.060852,,,,,,
15715,98.385780,,,,,,
15716,98.682571,,,,,,
15717,99.159004,,,,,,
15718,97.852234,,,,,,
15719,98.372437,,,,,,
15720,98.615608,,,,,,
15721,98.953911,,,,,,
15722,98.292503,,,,,,
15723,98.013359,,,,,,
15724,98.971779,,,,,,
15725,98.214500,,,,,,
15726,98.539551,,,,,,
15727,98.272018,,,,,,
15728,98.709251,,,,,,
15729,98.621284,,,,,,
15730,98.022728,,,,,,
15731,98.193047,,,,,,
15732,97.517448,,,,,,
15733,98.764580,,,,,,
15734,98.734451,,,,,,
15735,98.691025,,,,,,
15736,98.277687,,,,,,
15737,98.895691,,,,,,
15738,98.452660,,,,,,
15739,97.577499,,,,,,
15740,98.657883,,,,,,
15741,98.453232,,,,,,
15742,98.562202,,,,,,
15743,98.458961,,,,,,
15744,98.841515,,,,,,
15745,98.683075,,,,,,
15746,97.833435,,,,,,
15747,98.396690,,,,,,
15748,98.134644,,,,,,
15749,97.989685,,,,,,
15750,98.002327,,,,,,
15751,98.590286,,,,,,
15752,98.143600,,,,,,
15753,98.318825,,,,,,
15754,98.192123,,,,,,
15755,98.348106,,,,,,
15756,98.769653,,,,,,
15757,98.704796,,,,,,
15758,98.443283,,,,,,
15759,98.614899,,,,,,
15760,97.378662,,,,,,
15761,98.211433,,,,,,
15762,97.785591,,,,,,
15763,98.035583,,,,,,
15764,98.356956,,,,,,
15765,98.495209,,,,,,
15766,98.106659,,,,,,
15767,98.814919,,,,,,
15768,98.751587,,,,,,
15769,98.785179,,,,,,
15770,98.307426,,,,,,
15771,98.090370,,,,,,
15772,98.259758,,,,,,
15773,98.575989,,,,,,
15774,98.049995,,,,,,
15775,98.483833,,,,,,
15776,98.687363,,,,,,
15777,98.365456,,,,,,
15778,98.485985,,,,,,
15779,98.445732,,,,,,
15780,98.101547,,,,,,
15781,98.433685,,,,,,
15782,98.677330,,,,,,
15783,98.818199,,,,,,
15784,98.915749,,,,,,
15785,97.590660,,,,,,
15786,97.630768,,,,,,
15787,98.729362,,,,,,
15788,98.090950,,,,,,
15789,98.536446,,,,,,
15790,97.695015,,,,,,
15791,97.732674,,,,,,
15792,98.336708,,,,,,
15793,97.410522,,,,,,
15794,98.991516,,,,,,
15795,98.601715,,,,,,
15796,98.321312,,,,,,
15797,98.502258,,,,,,
15798,98.238045,,,,,,
15800,,77.690000,0.116420,,,,
15800,98.592255,,,,,,
15801,98.215897,,,,,,
15802,98.516426,,,,,,
15803,98.464104,,,,,,
15804,98.416031,,,,,,
15805,98.536766,,,,,,
15806,98.335892,,,,,,
15807,97.595108,,,,,,
15808,98.336578,,,,,,
15809,98.784416,,,,,,
15810,98.550865,,,,,,
15811,96.996056,,,,,,
15812,98.417183,,,,,,
15813,98.376373,,,,,,
15814,98.106232,,,,,,
15815,98.702423,,,,,,
15816,98.228294,,,,,,
15817,98.322006,,,,,,
15818,98.795006,,,,,,
15819,98.528358,,,,,,
15820,98.140167,,,,,,
15821,98.323311,,,,,,
15822,98.874443,,,,,,
15823,98.467697,,,,,,
15824,97.105286,,,,,,
15825,98.742607,,,,,,
15826,98.670677,,,,,,
15827,98.005859,,,,,,
15828,97.845100,,,,,,
15829,98.200142,,,,,,
15830,98.477058,,,,,,
15831,98.484634,,,,,,
15832,98.677574,,,,,,
15833,98.340065,,,,,,
15834,98.154175,,,,,,
15835,98.521759,,,,,,
15836,97.816833,,,,,,
15837,97.967377,,,,,,
15838,98.339493,,,,,,
15839,97.914879,,,,,,
15840,98.525726,,,,,,
15841,98.686859,,,,,,
15842,98.182129,,,,,,
15843,97.948082,,,,,,
15844,98.041435,,,,,,
15845,98.133629,,,,,,
15846,98.898705,,,,,,
15847,97.181961,,,,,,
15848,98.751350,,,,,,
15849,98.257568,,,,,,
15850,98.792053,,,,,,
15851,98.401955,,,,,,
15852,97.859329,,,,,,
15853,97.932259,,,,,,
15854,98.379410,,,,,,
15855,98.549133,,,,,,
15856,98.574715,,,,,,
15857,98.854218,,,,,,
15858,97.555870,,,,,,
15859,98.556717,,,,,,
15860,98.578575,,,,,,
15861,98.632271,,,,,,
15862,98.454880,,,,,,
15863,98.191429,,,,,,
15864,98.319038,,,,,,
15865,98.161980,,,,,,
15866,98.336342,,,,,,
15867,97.768845,,,,,,
15868,98.552002,,,,,,
15869,98.533463,,,,,,
15870,98.743965,,,,,,
15871,99.190674,,,,,,
15872,97.472351,,,,,,
15873,98.459953,,,,,,
15874,98.747635,,,,,,
15875,98.445480,,,,,,
15876,98.387451,,,,,,
15877,98.514587,,,,,,
15878,98.293976,,,,,,
15879,98.271446,,,,,,
15880,98.708267,,,,,,
15881,97.372520,,,,,,
15882,98.305763,,,,,,
15883,98.381592,,,,,,
15884,98.786652,,,,,,
15885,98.279495,,,,,,
15886,98.409721,,,,,,
15887,97.440681,,,,,,
15888,98.576134,,,,,,
15889,98.385643,,,,,,
15890,98.361588,,,,,,
15891,98.392723,,,,,,
15892,98.956421,,,,,,
15893,98.037300,,,,,,
15894,98.640984,,,,,,
15895,97.671982,,,,,,
15896,98.111778,,,,,,
15897,98.197067,,,,,,
15898,96.951759,,,,,,
15899,97.942261,,,,,,
15900,98.027084,,,,,,
15901,98.250954,,,,,,
15902,98.869888,,,,,,
15903,98.350876,,,,,,
15904,98.703545,,,,,,
15905,98.484650,,,,,,
15906,98.733467,,,,,,
15907,98.476921,,,,,,
15908,98.372803,,,,,,
15909,98.468010,,,,,,
15910,98.375870,,,,,,
15911,99.026398,,,,,,
15912,97.738678,,,,,,
15913,98.116837,,,,,,
15914,97.488312,,,,,,
15915,97.490570,,,,,,
15916,97.423431,,,,,,
15917,97.969803,,,,,,
15918,98.022049,,,,,,
15919,98.388893,,,,,,
15920,98.504456,,,,,,
15921,98.414886,,,,,,
15922,98.333565,,,,,,
15923,98.464439,,,,,,
15924,98.156326,,,,,,
15925,98.827820,,,,,,
15926,98.606850,,,,,,
15927,98.268745,,,,,,
15928,98.293716,,,,,,
15929,98.642960,,,,,,
15930,98.284279,,,,,,
15931,98.609055,,,,,,
15932,98.147980,,,,,,
15933,98.613655,,,,,,
15934,97.863953,,,,,,
15935,98.799500,,,,,,
15936,98.312233,,,,,,
15937,97.947937,,,,,,
15938,98.690262,,,,,,
15939,98.299522,,,,,,
15940,98.322304,,,,,,
15941,98.574219,,,,,,
15942,98.630974,,,,,,
15943,98.283295,,,,,,
15944,98.685547,,,,,,
15945,98.552246,,,,,,
15946,98.647270,,,,,,
15947,98.225433,,,,,,
15948,97.728439,,,,,,
15949,98.231079,,,,,,
15950,98.118210,,,,,,
15951,98.883057,,,,,,
15952,98.720398,,,,,,
15953,98.779846,,,,,,
15954,97.468002,,,,,,
15955,98.877953,,,,,,
15956,98.622696,,,,,,
15957,98.113228,,,,,,
15958,99.058319,,,,,,
15959,97.597191,,,,,,
15960,97.580750,,,,,,
15961,98.181587,,,,,,
15962,98.624290,,,,,,
15963,98.360748,,,,,,
15964,98.688751,,,,,,
15965,98.417770,,,,,,
15966,97.719872,,,,,,
15967,98.289619,,,,,,
15968,98.364021,,,,,,
15969,98.617592,,,,,,
15970,98.637352,,,,,,
15971,98.699562,,,,,,
15972,98.970467,,,,,,
15973,97.932915,,,,,,
15974,98.759178,,,,,,
15975,98.419479,,,,,,
15976,97.950394,,,,,,
15977,98.035088,,,,,,
15978,98.310356,,,,,,
15979,98.401566,,,,,,
15980,98.568329,,,,,,
15981,98.118134,,,,,,
15982,98.860756,,,,,,
15983,98.836487,,,,,,
15984,98.782997,,,,,,
15985,98.636650,,,,,,
15986,97.415833,,,,,,
15987,98.567490,,,,,,
15988,98.023247,,,,,,
15989,97.880074,,,,,,
15990,98.594116,,,,,,
15991,98.393318,,,,,,
15992,98.121849,,,,,,
15993,98.521111,,,,,,
15994,98.405495,,,,,,
15995,98.434494,,,,,,
15996,98.413910,,,,,,
15997,98.566071,,,,,,
15998,98.095222,,,,,,
16000,,78.070000,0.112827,,,,
16000,98.049980,,,,,,
16001,99.060570,,,,,,
16002,98.668053,,,,,,
16003,97.961815,,,,,,
16004,98.247391,,,,,,
16005,98.396408,,,,,,
16006,98.406914,,,,,,
16007,98.964455,,,,,,
16008,97.364967,,,,,,
16009,98.609512,,,,,,
16010,97.905838,,,,,,
16011,97.330902,,,,,,
16012,98.357590,,,,,,
16013,97.878830,,,,,,
16014,98.675957,,,,,,
16015,98.801849,,,,,,
16016,98.904160,,,,,,
16017,97.959549,,,,,,
16018,98.890732,,,,,,
16019,97.777222,,,,,,
16020,97.867035,,,,,,
16021,98.071564,,,,,,
16022,98.861725,,,,,,
16023,98.190529,,,,,,
16024,98.013680,,,,,,
16025,98.152863,,,,,,
16026,98.510559,,,,,,
16027,98.631035,,,,,,
16028,98.263390,,,,,,
16029,98.851654,,,,,,
16030,98.372574,,,,,,
16031,98.505974,,,,,,
16032,98.242226,,,,,,
16033,98.540352,,,,,,
16034,98.216621,,,,,,
16035,98.151764,,,,,,
16036,98.723633,,,,,,
16037,98.759804,,,,,,
16038,97.549553,,,,,,
16039,98.230911,,,,,,
16040,97.928886,,,,,,
16041,98.230385,,,,,,
16042,98.246841,,,,,,
16043,98.899223,,,,,,
16044,98.609688,,,,,,
16045,98.330429,,,,,,
16046,98.539734,,,,,,
16047,98.400795,,,,,,
16048,98.434761,,,,,,
16049,97.997704,,,,,,
16050,98.415207,,,,,,
16051,98.818527,,,,,,
16052,99.080345,,,,,,
16053,98.028152,,,,,,
16054,98.249550,,,,,,
16055,98.619568,,,,,,
16056,98.471138,,,,,,
16057,97.706848,,,,,,
16058,98.684441,,,,,,
16059,99.001877,,,,,,
16060,98.236412,,,,,,
16061,98.116463,,,,,,
16062,98.240234,,,,,,
16063,98.555000,,,,,,
16064,98.692184,,,,,,
16065,98.532310,,,,,,
16066,98.094093,,,,,,
16067,98.486740,,,,,,
16068,98.356316,,,,,,
16069,98.980217,,,,,,
16070,98.541275,,,,,,
16071,98.628769,,,,,,
16072,98.074348,,,,,,
16073,98.579643,,,,,,
16074,98.597176,,,,,,
16075,98.418060,,,,,,
16076,98.217484,,,,,,
16077,98.275414,,,,,,
16078,98.661278,,,,,,
16079,98.918602,,,,,,
16080,98.469749,,,,,,
16081,98.486694,,,,,,
16082,98.834442,,,,,,
16083,98.002312,,,,,,
16084,98.481392,,,,,,
16085,98.431320,,,,,,
16086,98.188164,,,,,,
16087,98.691505,,,,,,
16088,98.130661,,,,,,
16089,98.808006,,,,,,
16090,98.946953,,,,,,
16091,98.552124,,,,,,
16092,98.455467,,,,,,
16093,97.934708,,,,,,
16094,98.405663,,,,,,
16095,98.448776,,,,,,
16096,98.768478,,,,,,
16097,98.598885,,,,,,
16098,98.004272,,,,,,
16099,98.236404,,,,,,
16100,98.350853,,,,,,
16101,98.057503,,,,,,
16102,98.260597,,,,,,
16103,98.353775,,,,,,
16104,98.093033,,,,,,
16105,98.237106,,,,,,
16106,97.887909,,,,,,
16107,98.823982,,,,,,
16108,97.844910,,,,,,
16109,98.805893,,,,,,
16110,98.073219,,,,,,
16111,98.142548,,,,,,
16112,98.028267,,,,,,
16113,98.462509,,,,,,
16114,98.394493,,,,,,
16115,98.777283,,,,,,
16116,98.436401,,,,,,
16117,98.774742,,,,,,
16118,98.141663,,,,,,
16119,97.864037,,,,,,
16120,98.813309,,,,,,
16121,98.336525,,,,,,
16122,98.123703,,,,,,
16123,98.503334,,,,,,
16124,98.537323,,,,,,
16125,98.371788,,,,,,
16126,98.333778,,,,,,
16127,98.605492,,,,,,
16128,97.734962,,,,,,
16129,98.345955,,,,,,
16130,98.185280,,,,,,
16131,98.764664,,,,,,
16132,98.058289,,,,,,
16133,98.350639,,,,,,
16134,98.450485,,,,,,
16135,98.737289,,,,,,
16136,98.687469,,,,,,
16137,98.682663,,,,,,
16138,98.986206,,,,,,
16139,98.139595,,,,,,
16140,98.414368,,,,,,
16141,98.385544,,,,,,
16142,98.178329,,,,,,
16143,98.173271,,,,,,
16144,98.407059,,,,,,
16145,98.181450,,,,,,
16146,98.355324,,,,,,
16147,98.517876,,,,,,
16148,98.575417,,,,,,
16149,98.505852,,,,,,
16150,98.954514,,,,,,
16151,98.554512,,,,,,
16152,98.226418,,,,,,
16153,98.294647,,,,,,
16154,98.155632,,,,,,
16155,98.956459,,,,,,
16156,98.770790,,,,,,
16157,98.549614,,,,,,
16158,97.659561,,,,,,
16159,97.826088,,,,,,
16160,97.725174,,,,,,
16161,98.334305,,,,,,
16162,98.825790,,,,,,
16163,98.104462,,,,,,
16164,98.359505,,,,,,
16165,98.781609,,,,,,
16166,98.858986,,,,,,
16167,98.610580,,,,,,
16168,98.177017,,,,,,
16169,98.319489,,,,,,
16170,98.566574,,,,,,
16171,97.570839,,,,,,
16172,97.538887,,,,,,
16173,98.339775,,,,,,
16174,97.975708,,,,,,
16175,98.700615,,,,,,
16176,98.111099,,,,,,
16177,98.659027,,,,,,
16178,98.141266,,,,,,
16179,98.145760,,,,,,
16180,98.542931,,,,,,
16181,97.969742,,,,,,
16182,98.805565,,,,,,
16183,98.130630,,,,,,
16184,97.642273,,,,,,
16185,98.414345,,,,,,
16186,98.065933,,,,,,
16187,98.568810,,,,,,
16188,98.464836,,,,,,
16189,98.538857,,,,,,
16190,98.547035,,,,,,
16191,98.472656,,,,,,
16192,98.104813,,,,,,
16193,98.745567,,,,,,
16194,98.124664,,,,,,
16195,98.349899,,,,,,
16196,98.355835,,,,,,
16197,98.552483,,,,,,
16198,98.636528,,,,,,
16200,,78.010000,0.115335,,,,
16200,98.611618,,,,,,
16201,98.035698,,,,,,
16202,98.710022,,,,,,
16203,98.487511,,,,,,
16204,97.725220,,,,,,
16205,98.732864,,,,,,
16206,98.622337,,,,,,
16207,98.885117,,,,,,
16208,98.758209,,,,,,
16209,98.238380,,,,,,
16210,98.675179,,,,,,
16211,98.416252,,,,,,
16212,98.600166,,,,,,
16213,98.365105,,,,,,
16214,98.544289,,,,,,
16215,98.528740,,,,,,
16216,97.773872,,,,,,
16217,98.930618,,,,,,
16218,98.051445,,,,,,
16219,98.034187,,,,,,
16220,98.563492,,,,,,
16221,98.823845,,,,,,
16222,98.526535,,,,,,
16223,98.913086,,,,,,
16224,98.904167,,,,,,
16225,98.806824,,,,,,
16226,98.272453,,,,,,
16227,98.449203,,,,,,
16228,97.843849,,,,,,
16229,98.291344,,,,,,
16230,98.505989,,,,,,
16231,98.161407,,,,,,
16232,97.748947,,,,,,
16233,98.399681,,,,,,
16234,99.032883,,,,,,
16235,98.737541,,,,,,
16236,98.313316,,,,,,
16237,97.713989,,,,,,
16238,98.673248,,,,,,
16239,98.645836,,,,,,
16240,98.337334,,,,,,
16241,97.761871,,,,,,
16242,98.859383,,,,,,
16243,98.405701,,,,,,
16244,98.355904,,,,,,
16245,98.634666,,,,,,
16246,98.464722,,,,,,
16247,98.913223,,,,,,
16248,98.184258,,,,,,
16249,98.449989,,,,,,
16250,98.376785,,,,,,
16251,98.870110,,,,,,
16252,99.151466,,,,,,
16253,98.761818,,,,,,
16254,98.195107,,,,,,
16255,98.242966,,,,,,
16256,97.930595,,,,,,
16257,98.445824,,,,,,
16258,97.867439,,,,,,
16259,98.217102,,,,,,
16260,98.022346,,,,,,
16261,97.717148,,,,,,
16262,98.219727,,,,,,
16263,98.276703,,,,,,
16264,97.875748,,,,,,
16265,98.339622,,,,,,
16266,98.137024,,,,,,
16267,98.518806,,,,,,
16268,98.114029,,,,,,
16269,98.430725,,,,,,
16270,98.863426,,,,,,
16271,98.927155,,,,,,
16272,97.515587,,,,,,
16273,98.520363,,,,,,
16274,98.552689,,,,,,
16275,98.456657,,,,,,
16276,98.794952,,,,,,
16277,98.203171,,,,,,
16278,98.080032,,,,,,
16279,98.616699,,,,,,
16280,98.023926,,,,,,
16281,98.910439,,,,,,
16282,98.600471,,,,,,
16283,97.579399,,,,,,
16284,98.558006,,,,,,
16285,98.424362,,,,,,
16286,98.700623,,,,,,
16287,98.628159,,,,,,
16288,98.076752,,,,,,
16289,98.296227,,,,,,
16290,96.995636,,,,,,
16291,98.578369,,,,,,
16292,98.739388,,,,,,
16293,98.468002,,,,,,
16294,98.197861,,,,,,
16295,98.824097,,,,,,
16296,98.418015,,,,,,
16297,98.681145,,,,,,
16298,98.602875,,,,,,
16299,98.790382,,,,,,
16300,98.466621,,,,,,
16301,98.195320,,,,,,
16302,98.509399,,,,,,
16303,98.808044,,,,,,
16304,98.237724,,,,,,
16305,98.333160,,,,,,
16306,98.359909,,,,,,
16307,98.872589,,,,,,
16308,98.171143,,,,,,
16309,98.038086,,,,,,
16310,99.095016,,,,,,
16311,98.149628,,,,,,
16312,97.503227,,,,,,
16313,97.486382,,,,,,
16314,96.989151,,,,,,
16315,98.560478,,,,,,
16316,98.614815,,,,,,
16317,98.660835,,,,,,
16318,98.429939,,,,,,
16319,97.319260,,,,,,
16320,98.231293,,,,,,
16321,98.681465,,,,,,
16322,98.642082,,,,,,
16323,98.197952,,,,,,
16324,98.351570,,,,,,
16325,98.699745,,,,,,
16326,98.748688,,,,,,
16327,98.135284,,,,,,
16328,98.611786,,,,,,
16329,98.265366,,,,,,
16330,98.524193,,,,,,
16331,98.341675,,,,,,
16332,98.217026,,,,,,
16333,98.628563,,,,,,
16334,98.693108,,,,,,
16335,97.935715,,,,,,
16336,98.314865,,,,,,
16337,98.932938,,,,,,
16338,98.302261,,,,,,
16339,98.263268,,,,,,
16340,98.451927,,,,,,
16341,98.636215,,,,,,
16342,98.333076,,,,,,
16343,98.883484,,,,,,
16344,98.204063,,,,,,
16345,98.489265,,,,,,
16346,98.704674,,,,,,
16347,98.804192,,,,,,
16348,98.491127,,,,,,
16349,97.950951,,,,,,
16350,98.787163,,,,,,
16351,99.074310,,,,,,
16352,98.138580,,,,,,
16353,98.815025,,,,,,
16354,98.496574,,,,,,
16355,98.444931,,,,,,
16356,98.108078,,,,,,
16357,98.649178,,,,,,
16358,98.777283,,,,,,
16359,97.768456,,,,,,
16360,98.915718,,,,,,
16361,98.713966,,,,,,
16362,97.740997,,,,,,
16363,98.219002,,,,,,
16364,98.324127,,,,,,
16365,98.550934,,,,,,
16366,97.839027,,,,,,
16367,97.861458,,,,,,
16368,98.907654,,,,,,
16369,98.250648,,,,,,
16370,98.397758,,,,,,
16371,98.607498,,,,,,
16372,98.182991,,,,,,
16373,98.667572,,,,,,
16374,98.261345,,,,,,
16375,98.524811,,,,,,
16376,98.289139,,,,,,
16377,98.405609,,,,,,
16378,98.943100,,,,,,
16379,98.072136,,,,,,
16380,98.567619,,,,,,
16381,98.321892,,,,,,
16382,97.770660,,,,,,
16383,98.515961,,,,,,
16384,98.514366,,,,,,
16385,98.769302,,,,,,
16386,98.269524,,,,,,
16387,98.470085,,,,,,
16388,98.318954,,,,,,
16389,98.346024,,,,,,
16390,98.729225,,,,,,
16391,98.259415,,,,,,
16392,97.823059,,,,,,
16393,98.368378,,,,,,
16394,98.588455,,,,,,
16395,98.160210,,,,,,
16396,98.552071,,,,,,
16397,98.610336,,,,,,
16398,98.511032,,,,,,
16400,,77.960000,0.115962,,,,
16400,98.168922,,,,,,
16401,97.911644,,,,,,
16402,97.804489,,,,,,
16403,98.285835,,,,,,
16404,97.677612,,,,,,
16405,98.482590,,,,,,
16406,98.338463,,,,,,
16407,98.081825,,,,,,
16408,98.347282,,,,,,
16409,98.692017,,,,,,
16410,98.400505,,,,,,
16411,98.514748,,,,,,
16412,98.554932,,,,,,
16413,98.612602,,,,,,
16414,98.059166,,,,,,
16415,99.168564,,,,,,
16416,98.016663,,,,,,
16417,98.666397,,,,,,
16418,98.600990,,,,,,
16419,98.350159,,,,,,
16420,99.060684,,,,,,
16421,98.575645,,,,,,
16422,98.429611,,,,,,
16423,98.504173,,,,,,
16424,98.448013,,,,,,
16425,98.569901,,,,,,
16426,98.496033,,,,,,
16427,98.078392,,,,,,
16428,98.884911,,,,,,
16429,98.756775,,,,,,
16430,98.544945,,,,,,
16431,98.853233,,,,,,
16432,98.521454,,,,,,
16433,97.974266,,,,,,
16434,98.574379,,,,,,
16435,98.733002,,,,,,
16436,98.303879,,,,,,
16437,98.491638,,,,,,
16438,97.832184,,,,,,
16439,98.572777,,,,,,
16440,98.724480,,,,,,
16441,97.838470,,,,,,
16442,98.917191,,,,,,
16443,98.614632,,,,,,
16444,98.506111,,,,,,
16445,98.365028,,,,,,
16446,98.568459,,,,,,
16447,97.627327,,,,,,
16448,97.954567,,,,,,
16449,98.426636,,,,,,
16450,98.264305,,,,,,
16451,98.287170,,,,,,
16452,98.006584,,,,,,
16453,98.208122,,,,,,
16454,98.897102,,,,,,
16455,98.379921,,,,,,
16456,98.530220,,,,,,
16457,98.384094,,,,,,
16458,98.195213,,,,,,
16459,98.631233,,,,,,
16460,98.532745,,,,,,
16461,98.046158,,,,,,
16462,98.745628,,,,,,
16463,98.164001,,,,,,
16464,98.773712,,,,,,
16465,98.406120,,,,,,
16466,98.002815,,,,,,
16467,98.341576,,,,,,
16468,98.630409,,,,,,
16469,98.669250,,,,,,
16470,98.221054,,,,,,
16471,97.878120,,,,,,
16472,98.005226,,,,,,
16473,98.685677,,,,,,
16474,98.600082,,,,,,
16475,98.393967,,,,,,
16476,98.339409,,,,,,
16477,98.779999,,,,,,
16478,97.814919,,,,,,
16479,98.957916,,,,,,
16480,98.277962,,,,,,
16481,98.945732,,,,,,
16482,97.885956,,,,,,
16483,98.855598,,,,,,
16484,98.284714,,,,,,
16485,98.349129,,,,,,
16486,98.433121,,,,,,
16487,98.400917,,,,,,
16488,98.911964,,,,,,
16489,99.029144,,,,,,
16490,98.733368,,,,,,
16491,97.884239,,,,,,
16492,98.983261,,,,,,
16493,97.924286,,,,,,
16494,97.480659,,,,,,
16495,97.745842,,,,,,
16496,98.606087,,,,,,
16497,98.436913,,,,,,
16498,98.375404,,,,,,
16499,98.639015,,,,,,
16500,98.146027,,,,,,
16501,98.803299,,,,,,
16502,98.081909,,,,,,
16503,98.407448,,,,,,
16504,98.495033,,,,,,
16505,98.807365,,,,,,
16506,98.428238,,,,,,
16507,97.986099,,,,,,
16508,98.841393,,,,,,
16509,98.343979,,,,,,
16510,98.173347,,,,,,
16511,98.413551,,,,,,
16512,97.749344,,,,,,
16513,98.741707,,,,,,
16514,98.432037,,,,,,
16515,98.188515,,,,,,
16516,98.698280,,,,,,
16517,98.230927,,,,,,
16518,98.352608,,,,,,
16519,98.212875,,,,,,
16520,98.324409,,,,,,
16521,98.536751,,,,,,
16522,98.097977,,,,,,
16523,98.359528,,,,,,
16524,97.575668,,,,,,
16525,98.460960,,,,,,
16526,98.545425,,,,,,
16527,98.325676,,,,,,
16528,97.506470,,,,,,
16529,98.618935,,,,,,
16530,98.447205,,,,,,
16531,98.681992,,,,,,
16532,98.748108,,,,,,
16533,98.398033,,,,,,
16534,98.266708,,,,,,
16535,98.578171,,,,,,
16536,98.349625,,,,,,
16537,97.929855,,,,,,
16538,98.807938,,,,,,
16539,98.775185,,,,,,
16540,97.844398,,,,,,
16541,98.204880,,,,,,
16542,98.452293,,,,,,
16543,98.581039,,,,,,
16544,98.002708,,,,,,
16545,98.385437,,,,,,
16546,98.520950,,,,,,
16547,98.764641,,,,,,
16548,98.311272,,,,,,
16549,98.827400,,,,,,
16550,98.287926,,,,,,
16551,98.589256,,,,,,
16552,98.681030,,,,,,
16553,98.610123,,,,,,
16554,98.383430,,,,,,
16555,98.659004,,,,,,
16556,97.734436,,,,,,
16557,98.065269,,,,,,
16558,98.601387,,,,,,
16559,97.411827,,,,,,
16560,98.650642,,,,,,
16561,97.349709,,,,,,
16562,98.938423,,,,,,
16563,98.670486,,,,,,
16564,98.390846,,,,,,
16565,98.551926,,,,,,
16566,98.681145,,,,,,
16567,98.420059,,,,,,
16568,98.544258,,,,,,
16569,98.477142,,,,,,
16570,98.143326,,,,,,
16571,98.532898,,,,,,
16572,98.477386,,,,,,
16573,98.549042,,,,,,
16574,98.332626,,,,,,
16575,98.207970,,,,,,
16576,98.805328,,,,,,
16577,98.360092,,,,,,
16578,98.706581,,,,,,
16579,98.617035,,,,,,
16580,98.519760,,,,,,
16581,98.961922,,,,,,
16582,98.844467,,,,,,
16583,97.672081,,,,,,
16584,98.035881,,,,,,
16585,98.506142,,,,,,
16586,98.624161,,,,,,
16587,97.695610,,,,,,
16588,98.470741,,,,,,
16589,98.233116,,,,,,
16590,98.875923,,,,,,
16591,98.336800,,,,,,
16592,98.902130,,,,,,
16593,98.505302,,,,,,
16594,98.048775,,,,,,
16595,97.673271,,,,,,
16596,98.178940,,,,,,
16597,98.583931,,,,,,
16598,98.650024,,,,,,
16600,,78.100000,0.114957,,,,
16600,98.582428,,,,,,
16601,98.651382,,,,,,
16602,98.926353,,,,,,
16603,98.670418,,,,,,
16604,98.811928,,,,,,
16605,98.298553,,,,,,
16606,98.188110,,,,,,
16607,98.240067,,,,,,
16608,98.642784,,,,,,
16609,97.821831,,,,,,
16610,98.818954,,,,,,
16611,97.836990,,,,,,
16612,98.477913,,,,,,
16613,98.783371,,,,,,
16614,98.358353,,,,,,
16615,98.939613,,,,,,
16616,98.169579,,,,,,
16617,98.635536,,,,,,
16618,98.230888,,,,,,
16619,98.515678,,,,,,
16620,98.162636,,,,,,
16621,97.731201,,,,,,
16622,97.671661,,,,,,
16623,98.697197,,,,,,
16624,98.659325,,,,,,
16625,98.276924,,,,,,
16626,98.443176,,,,,,
16627,98.425430,,,,,,
16628,98.557503,,,,,,
16629,98.615921,,,,,,
16630,99.077423,,,,,,
16631,98.759323,,,,,,
16632,98.279800,,,,,,
16633,98.910530,,,,,,
16634,98.491959,,,,,,
16635,98.748573,,,,,,
16636,98.382629,,,,,,
16637,98.739914,,,,,,
16638,98.170326,,,,,,
16639,98.601906,,,,,,
16640,98.382507,,,,,,
16641,98.496231,,,,,,
16642,98.470428,,,,,,
16643,98.221207,,,,,,
16644,98.833855,,,,,,
16645,98.455284,,,,,,
16646,97.995026,,,,,,
16647,98.475304,,,,,,
16648,98.648941,,,,,,
16649,98.614601,,,,,,
16650,98.189186,,,,,,
16651,98.544678,,,,,,
16652,98.436630,,,,,,
16653,98.593498,,,,,,
16654,98.520508,,,,,,
16655,98.658943,,,,,,
16656,98.777344,,,,,,
16657,98.636703,,,,,,
16658,97.727142,,,,,,
16659,98.817635,,,,,,
16660,98.146164,,,,,,
16661,97.590935,,,,,,
16662,97.811653,,,,,,
16663,98.538887,,,,,,
16664,98.673264,,,,,,
16665,98.213089,,,,,,
16666,98.474785,,,,,,
16667,98.101990,,,,,,
16668,98.205421,,,,,,
16669,97.669357,,,,,,
16670,98.556801,,,,,,
16671,98.340866,,,,,,
16672,98.936005,,,,,,
16673,98.658119,,,,,,
16674,98.223122,,,,,,
16675,98.493233,,,,,,
16676,98.453026,,,,,,
16677,98.345955,,,,,,
16678,98.780174,,,,,,
16679,98.166344,,,,,,
16680,98.301895,,,,,,
16681,98.382156,,,,,,
16682,98.433121,,,,,,
16683,98.855873,,,,,,
16684,98.442650,,,,,,
16685,98.297676,,,,,,
16686,98.560120,,,,,,
16687,98.265129,,,,,,
16688,98.366783,,,,,,
16689,98.555443,,,,,,
16690,98.518951,,,,,,
16691,97.557915,,,,,,
16692,98.277611,,,,,,
16693,98.509079,,,,,,
16694,98.829140,,,,,,
16695,98.125809,,,,,,
16696,98.373283,,,,,,
16697,98.501610,,,,,,
16698,98.487549,,,,,,
16699,98.571602,,,,,,
16700,98.456627,,,,,,
16701,98.550224,,,,,,
16702,98.654617,,,,,,
16703,98.182083,,,,,,
16704,98.243210,,,,,,
16705,98.204659,,,,,,
16706,98.694664,,,,,,
16707,98.711555,,,,,,
16708,98.906715,,,,,,
16709,98.406219,,,,,,
16710,98.574997,,,,,,
16711,98.811050,,,,,,
16712,98.354729,,,,,,
16713,98.588409,,,,,,
16714,98.412407,,,,,,
16715,98.848999,,,,,,
16716,98.638664,,,,,,
16717,98.128654,,,,,,
16718,98.053360,,,,,,
16719,98.720978,,,,,,
16720,98.406746,,,,,,
16721,97.965012,,,,,,
16722,98.877640,,,,,,
16723,98.708725,,,,,,
16724,97.884048,,,,,,
16725,97.981583,,,,,,
16726,98.528954,,,,,,
16727,98.112328,,,,,,
16728,97.621239,,,,,,
16729,97.624229,,,,,,
16730,98.156494,,,,,,
16731,98.330559,,,,,,
16732,98.599342,,,,,,
16733,98.336090,,,,,,
16734,98.045395,,,,,,
16735,98.508026,,,,,,
16736,98.240356,,,,,,
16737,98.872971,,,,,,
16738,98.491394,,,,,,
16739,98.448967,,,,,,
16740,98.681679,,,,,,
16741,97.636787,,,,,,
16742,98.509766,,,,,,
16743,98.756920,,,,,,
16744,98.908279,,,,,,
16745,98.334602,,,,,,
16746,98.716568,,,,,,
16747,97.686775,,,,,,
16748,98.651482,,,,,,
16749,98.704422,,,,,,
16750,98.150818,,,,,,
16751,98.578072,,,,,,
16752,98.270927,,,,,,
16753,98.887985,,,,,,
16754,98.237671,,,,,,
16755,98.218475,,,,,,
16756,98.472786,,,,,,
16757,98.952728,,,,,,
16758,98.331139,,,,,,
16759,98.803246,,,,,,
16760,98.435654,,,,,,
16761,98.643982,,,,,,
16762,98.605042,,,,,,
16763,98.281654,,,,,,
16764,97.709068,,,,,,
16765,98.080589,,,,,,
16766,98.740158,,,,,,
16767,99.050903,,,,,,
16768,98.745758,,,,,,
16769,97.910416,,,,,,
16770,98.020462,,,,,,
16771,98.902992,,,,,,
16772,98.786133,,,,,,
16773,98.454308,,,,,,
16774,97.888527,,,,,,
16775,98.282997,,,,,,
16776,98.733322,,,,,,
16777,98.575409,,,,,,
16778,98.501709,,,,,,
16779,98.612846,,,,,,
16780,98.525063,,,,,,
16781,98.455338,,,,,,
16782,98.562653,,,,,,
16783,97.928986,,,,,,
16784,98.872498,,,,,,
16785,97.936996,,,,,,
16786,98.634094,,,,,,
16787,98.532982,,,,,,
16788,98.255348,,,,,,
16789,98.400757,,,,,,
16790,97.927444,,,,,,
16791,98.309830,,,,,,
16792,98.360870,,,,,,
16793,98.754883,,,,,,
16794,98.852264,,,,,,
16795,98.478767,,,,,,
16796,98.001923,,,,,,
16797,98.863632,,,,,,
16798,98.749435,,,,,,
16800,,78.000000,0.113912,,,,
16800,98.778137,,,,,,
16801,98.717102,,,,,,
16802,97.932098,,,,,,
16803,98.307480,,,,,,
16804,98.586197,,,,,,
16805,98.289421,,,,,,
16806,98.629349,,,,,,
16807,98.357903,,,,,,
16808,98.406136,,,,,,
16809,98.289421,,,,,,
16810,98.739174,,,,,,
16811,98.621452,,,,,,
16812,98.104874,,,,,,
16813,98.692024,,,,,,
16814,98.173019,,,,,,
16815,98.225327,,,,,,
16816,98.404732,,,,,,
16817,98.163223,,,,,,
16818,98.519417,,,,,,
16819,98.700348,,,,,,
16820,98.530334,,,,,,
16821,98.187027,,,,,,
16822,97.995331,,,,,,
16823,98.548431,,,,,,
16824,98.876419,,,,,,
16825,98.277382,,,,,,
16826,98.362427,,,,,,
16827,98.196732,,,,,,
16828,98.625084,,,,,,
16829,98.455795,,,,,,
16830,98.697365,,,,,,
16831,98.523453,,,,,,
16832,98.509422,,,,,,
16833,98.894112,,,,,,
16834,98.809494,,,,,,
16835,98.495819,,,,,,
16836,98.233047,,,,,,
16837,98.115776,,,,,,
16838,98.686508,,,,,,
16839,98.846687,,,,,,
16840,98.130226,,,,,,
16841,98.231422,,,,,,
16842,98.176941,,,,,,
16843,98.804779,,,,,,
16844,98.839905,,,,,,
16845,98.514069,,,,,,
16846,98.145615,,,,,,
16847,97.725571,,,,,,
16848,97.925476,,,,,,
16849,98.768723,,,,,,
16850,98.248009,,,,,,
16851,98.641968,,,,,,
16852,97.900078,,,,,,
16853,98.638252,,,,,,
16854,98.570374,,,,,,
16855,98.495384,,,,,,
16856,98.373703,,,,,,
16857,98.649178,,,,,,
16858,98.617722,,,,,,
16859,98.511635,,,,,,
16860,98.753304,,,,,,
16861,98.201599,,,,,,
16862,97.557037,,,,,,
16863,98.054230,,,,,,
16864,98.631721,,,,,,
16865,98.945724,,,,,,
16866,98.858620,,,,,,
16867,98.354668,,,,,,
16868,98.215530,,,,,,
16869,97.812820,,,,,,
16870,98.906372,,,,,,
16871,98.091316,,,,,,
16872,98.721222,,,,,,
16873,97.516434,,,,,,
16874,98.992249,,,,,,
16875,97.955238,,,,,,
16876,98.623505,,,,,,
16877,98.181602,,,,,,
16878,98.805176,,,,,,
16879,98.736046,,,,,,
16880,98.212807,,,,,,
16881,98.787415,,,,,,
16882,98.577454,,,,,,
16883,98.453445,,,,,,
16884,98.867294,,,,,,
16885,98.266136,,,,,,
16886,97.695152,,,,,,
16887,98.544884,,,,,,
16888,98.315338,,,,,,
16889,97.837074,,,,,,
16890,98.462410,,,,,,
16891,98.085182,,,,,,
16892,98.370796,,,,,,
16893,98.558693,,,,,,
16894,97.332230,,,,,,
16895,98.477676,,,,,,
16896,98.601891,,,,,,
16897,98.772552,,,,,,
16898,98.022545,,,,,,
16899,98.404381,,,,,,
16900,98.510910,,,,,,
16901,98.222298,,,,,,
16902,98.568062,,,,,,
16903,97.630836,,,,,,
16904,98.226608,,,,,,
16905,98.947311,,,,,,
16906,98.769966,,,,,,
16907,97.840530,,,,,,
16908,98.007355,,,,,,
16909,98.441612,,,,,,
16910,98.279312,,,,,,
16911,98.198769,,,,,,
16912,98.459526,,,,,,
16913,98.874275,,,,,,
16914,98.402260,,,,,,
16915,98.394264,,,,,,
16916,98.558250,,,,,,
16917,98.467590,,,,,,
16918,98.580193,,,,,,
16919,98.270805,,,,,,
16920,98.743347,,,,,,
16921,98.719765,,,,,,
16922,97.824539,,,,,,
16923,98.509697,,,,,,
16924,97.874992,,,,,,
16925,98.958527,,,,,,
16926,98.814346,,,,,,
16927,98.678062,,,,,,
16928,98.134003,,,,,,
16929,98.086800,,,,,,
16930,98.853889,,,,,,
16931,98.715492,,,,,,
16932,98.411720,,,,,,
16933,99.039909,,,,,,
16934,98.654846,,,,,,
16935,98.840469,,,,,,
16936,97.974792,,,,,,
16937,97.663055,,,,,,
16938,98.520905,,,,,,
16939,98.114372,,,,,,
16940,98.283470,,,,,,
16941,98.552727,,,,,,
16942,98.499962,,,,,,
16943,98.361168,,,,,,
16944,98.434677,,,,,,
16945,98.112930,,,,,,
16946,98.217674,,,,,,
16947,98.726112,,,,,,
16948,98.532661,,,,,,
16949,98.438248,,,,,,
16950,98.328674,,,,,,
16951,98.457405,,,,,,
16952,97.812256,,,,,,
16953,98.167419,,,,,,
16954,98.231354,,,,,,
16955,98.577484,,,,,,
16956,99.048187,,,,,,
16957,98.078110,,,,,,
16958,98.541039,,,,,,
16959,98.474426,,,,,,
16960,98.541588,,,,,,
16961,98.299461,,,,,,
16962,98.727585,,,,,,
16963,98.645828,,,,,,
16964,98.081688,,,,,,
16965,98.842361,,,,,,
16966,98.620338,,,,,,
16967,98.049614,,,,,,
16968,98.026733,,,,,,
16969,98.546204,,,,,,
16970,98.461937,,,,,,
16971,98.584618,,,,,,
16972,98.544121,,,,,,
16973,99.006081,,,,,,
16974,98.615120,,,,,,
16975,98.618614,,,,,,
16976,98.764114,,,,,,
16977,98.672783,,,,,,
16978,98.793953,,,,,,
16979,98.305847,,,,,,
16980,98.734329,,,,,,
16981,98.531059,,,,,,
16982,98.483963,,,,,,
16983,98.968346,,,,,,
16984,98.230537,,,,,,
16985,97.745804,,,,,,
16986,98.541740,,,,,,
16987,98.386543,,,,,,
16988,98.518967,,,,,,
16989,98.815475,,,,,,
16990,98.802177,,,,,,
16991,98.897293,,,,,,
16992,98.003227,,,,,,
16993,98.404526,,,,,,
16994,98.082115,,,,,,
16995,98.956039,,,,,,
16996,97.508896,,,,,,
16997,98.520073,,,,,,
16998,98.374146,,,,,,
17000,,77.960000,0.114652,,,,
17000,98.684174,,,,,,
17001,97.676758,,,,,,
17002,98.413132,,,,,,
17003,98.162506,,,,,,
17004,98.276352,,,,,,
17005,98.521172,,,,,,
17006,98.445740,,,,,,
17007,98.582237,,,,,,
17008,98.745193,,,,,,
17009,98.204514,,,,,,
17010,98.110291,,,,,,
17011,98.418938,,,,,,
17012,98.478035,,,,,,
17013,98.599808,,,,,,
17014,98.402969,,,,,,
17015,98.643692,,,,,,
17016,98.698616,,,,,,
17017,98.547272,,,,,,
17018,98.470680,,,,,,
17019,98.481468,,,,,,
17020,98.172104,,,,,,
17021,98.790176,,,,,,
17022,98.474022,,,,,,
17023,98.111702,,,,,,
17024,98.276505,,,,,,
17025,98.698128,,,,,,
17026,98.539894,,,,,,
17027,97.997581,,,,,,
17028,98.165947,,,,,,
17029,98.377235,,,,,,
17030,98.495934,,,,,,
17031,98.524010,,,,,,
17032,98.608452,,,,,,
17033,98.778847,,,,,,
17034,98.027710,,,,,,
17035,98.877884,,,,,,
17036,97.644211,,,,,,
17037,98.487831,,,,,,
17038,98.101913,,,,,,
17039,98.216118,,,,,,
17040,98.152374,,,,,,
17041,97.984375,,,,,,
17042,98.562767,,,,,,
17043,97.820503,,,,,,
17044,97.993752,,,,,,
17045,98.361771,,,,,,
17046,98.640594,,,,,,
17047,97.907288,,,,,,
17048,97.437103,,,,,,
17049,98.358734,,,,,,
17050,98.790062,,,,,,
17051,98.114815,,,,,,
17052,97.915985,,,,,,
17053,98.354836,,,,,,
17054,98.288696,,,,,,
17055,98.397774,,,,,,
17056,98.073097,,,,,,
17057,98.659515,,,,,,
17058,98.938606,,,,,,
17059,98.857414,,,,,,
17060,97.930908,,,,,,
17061,98.140656,,,,,,
17062,97.943634,,,,,,
17063,98.605339,,,,,,
17064,98.518250,,,,,,
17065,98.956406,,,,,,
17066,98.441727,,,,,,
17067,98.287170,,,,,,
17068,98.557434,,,,,,
17069,98.136505,,,,,,
17070,98.885498,,,,,,
17071,98.516945,,,,,,
17072,98.715172,,,,,,
17073,98.526993,,,,,,
17074,98.665062,,,,,,
17075,98.875061,,,,,,
17076,98.723999,,,,,,
17077,98.945824,,,,,,
17078,98.719849,,,,,,
17079,98.731773,,,,,,
17080,98.508911,,,,,,
17081,98.728539,,,,,,
17082,98.643784,,,,,,
17083,98.314072,,,,,,
17084,98.542091,,,,,,
17085,98.184982,,,,,,
17086,98.404335,,,,,,
17087,97.985023,,,,,,
17088,98.189613,,,,,,
17089,98.800667,,,,,,
17090,98.598259,,,,,,
17091,98.539932,,,,,,
17092,98.250420,,,,,,
17093,97.574997,,,,,,
17094,98.758987,,,,,,
17095,98.581146,,,,,,
17096,98.667068,,,,,,
17097,97.280754,,,,,,
17098,98.283897,,,,,,
17099,98.194855,,,,,,
17100,98.197090,,,,,,
17101,98.535004,,,,,,
17102,99.022690,,,,,,
17103,98.733543,,,,,,
17104,98.329308,,,,,,
17105,98.907127,,,,,,
17106,97.838516,,,,,,
17107,98.769936,,,,,,
17108,98.080109,,,,,,
17109,98.747581,,,,,,
17110,97.841599,,,,,,
17111,98.100182,,,,,,
17112,98.359138,,,,,,
17113,99.001602,,,,,,
17114,98.296432,,,,,,
17115,98.439987,,,,,,
17116,98.487640,,,,,,
17117,98.750099,,,,,,
17118,97.843506,,,,,,
17119,98.158310,,,,,,
17120,98.387375,,,,,,
17121,98.926964,,,,,,
17122,98.572884,,,,,,
17123,98.350273,,,,,,
17124,97.853561,,,,,,
17125,98.428673,,,,,,
17126,98.341125,,,,,,
17127,98.582932,,,,,,
17128,98.812408,,,,,,
17129,98.343414,,,,,,
17130,98.532509,,,,,,
17131,98.034210,,,,,,
17132,98.764320,,,,,,
17133,97.811943,,,,,,
17134,98.719604,,,,,,
17135,98.656281,,,,,,
17136,98.386162,,,,,,
17137,97.735382,,,,,,
17138,98.151672,,,,,,
17139,98.407997,,,,,,
17140,98.637459,,,,,,
17141,98.764130,,,,,,
17142,98.298325,,,,,,
17143,98.721176,,,,,,
17144,98.404076,,,,,,
17145,98.572899,,,,,,
17146,98.584618,,,,,,
17147,98.838028,,,,,,
17148,98.119453,,,,,,
17149,98.694351,,,,,,
17150,98.760284,,,,,,
17151,98.990776,,,,,,
17152,98.387512,,,,,,
17153,98.700821,,,,,,
17154,98.225960,,,,,,
17155,98.584778,,,,,,
17156,98.400223,,,,,,
17157,98.340614,,,,,,
17158,98.798912,,,,,,
17159,98.891884,,,,,,
17160,98.209961,,,,,,
17161,97.813324,,,,,,
17162,98.538063,,,,,,
17163,98.578041,,,,,,
17164,97.934143,,,,,,
17165,98.814438,,,,,,
17166,98.610489,,,,,,
17167,98.942245,,,,,,
17168,98.382484,,,,,,
17169,98.334244,,,,,,
17170,98.177094,,,,,,
17171,97.831314,,,,,,
17172,98.363533,,,,,,
17173,98.500244,,,,,,
17174,98.656021,,,,,,
17175,98.446388,,,,,,
17176,98.336792,,,,,,
17177,98.304070,,,,,,
17178,98.157906,,,,,,
17179,98.544495,,,,,,
17180,98.539505,,,,,,
17181,98.633881,,,,,,
17182,98.282761,,,,,,
17183,98.251175,,,,,,
17184,98.776512,,,,,,
17185,98.298111,,,,,,
17186,98.802887,,,,,,
17187,98.204880,,,,,,
17188,98.741974,,,,,,
17189,98.703903,,,,,,
17190,98.438965,,,,,,
17191,98.236481,,,,,,
17192,98.219086,,,,,,
17193,98.351624,,,,,,
17194,98.576187,,,,,,
17195,98.354530,,,,,,
17196,98.224350,,,,,,
17197,98.515144,,,,,,
17198,98.841187,,,,,,
17200,,78.180000,0.117430,,,,
17200,98.513695,,,,,,
17201,98.317787,,,,,,
17202,98.709595,,,,,,
17203,98.763916,,,,,,
17204,98.146767,,,,,,
17205,98.432716,,,,,,
17206,98.520775,,,,,,
17207,98.753876,,,,,,
17208,98.548584,,,,,,
17209,98.569466,,,,,,
17210,97.523438,,,,,,
17211,98.378151,,,,,,
17212,98.849014,,,,,,
17213,98.891815,,,,,,
17214,98.371330,,,,,,
17215,98.946915,,,,,,
17216,98.720612,,,,,,
17217,97.886688,,,,,,
17218,98.380753,,,,,,
17219,98.536324,,,,,,
17220,98.225708,,,,,,
17221,98.470512,,,,,,
17222,97.673927,,,,,,
17223,98.737602,,,,,,
17224,97.586655,,,,,,
17225,98.059273,,,,,,
17226,98.671814,,,,,,
17227,98.407906,,,,,,
17228,98.732330,,,,,,
17229,98.470116,,,,,,
17230,98.402298,,,,,,
17231,98.419174,,,,,,
17232,98.382919,,,,,,
17233,98.411797,,,,,,
17234,98.312218,,,,,,
17235,98.762535,,,,,,
17236,98.592987,,,,,,
17237,97.890343,,,,,,
17238,98.700081,,,,,,
17239,98.336563,,,,,,
17240,98.653801,,,,,,
17241,98.781731,,,,,,
17242,97.767502,,,,,,
17243,98.924973,,,,,,
17244,98.380165,,,,,,
17245,97.958534,,,,,,
17246,98.502800,,,,,,
17247,98.688042,,,,,,
17248,98.185669,,,,,,
17249,98.557182,,,,,,
17250,98.202179,,,,,,
17251,98.713326,,,,,,
17252,99.048477,,,,,,
17253,98.605003,,,,,,
17254,98.652519,,,,,,
17255,98.464172,,,,,,
17256,98.021973,,,,,,
17257,98.588646,,,,,,
17258,98.207649,,,,,,
17259,98.034393,,,,,,
17260,98.257202,,,,,,
17261,98.656746,,,,,,
17262,98.838051,,,,,,
17263,98.755890,,,,,,
17264,98.836639,,,,,,
17265,97.817467,,,,,,
17266,98.559830,,,,,,
17267,98.604820,,,,,,
17268,98.942833,,,,,,
17269,97.919891,,,,,,
17270,98.223557,,,,,,
17271,98.529533,,,,,,
17272,98.451462,,,,,,
17273,98.659630,,,,,,
17274,98.201729,,,,,,
17275,98.431854,,,,,,
17276,98.135307,,,,,,
17277,98.269577,,,,,,
17278,98.480019,,,,,,
17279,97.805519,,,,,,
17280,97.859146,,,,,,
17281,98.898857,,,,,,
17282,98.211586,,,,,,
17283,98.575104,,,,,,
17284,97.969444,,,,,,
17285,98.846107,,,,,,
17286,98.402580,,,,,,
17287,98.499214,,,,,,
17288,98.586685,,,,,,
17289,98.714264,,,,,,
17290,98.519798,,,,,,
17291,98.400276,,,,,,
17292,97.692703,,,,,,
17293,98.314514,,,,,,
17294,98.379570,,,,,,
17295,98.120064,,,,,,
17296,98.475136,,,,,,
17297,97.975380,,,,,,
17298,98.548393,,,,,,
17299,98.608871,,,,,,
17300,98.695045,,,,,,
17301,97.968201,,,,,,
17302,98.647285,,,,,,
17303,98.585381,,,,,,
17304,98.507240,,,,,,
17305,98.471489,,,,,,
17306,98.894531,,,,,,
17307,98.449684,,,,,,
17308,98.654091,,,,,,
17309,98.504272,,,,,,
17310,98.155930,,,,,,
17311,98.724052,,,,,,
17312,98.955368,,,,,,
17313,98.447197,,,,,,
17314,98.671028,,,,,,
17315,98.210968,,,,,,
17316,98.693802,,,,,,
17317,98.032181,,,,,,
17318,98.217270,,,,,,
17319,98.553352,,,,,,
17320,98.227463,,,,,,
17321,98.512611,,,,,,
17322,98.483170,,,,,,
17323,98.345024,,,,,,
17324,98.430580,,,,,,
17325,98.321144,,,,,,
17326,98.306282,,,,,,
17327,97.996223,,,,,,
17328,98.444000,,,,,,
17329,98.161362,,,,,,
17330,98.046227,,,,,,
17331,98.027092,,,,,,
17332,99.126076,,,,,,
17333,98.320549,,,,,,
17334,98.777328,,,,,,
17335,98.512222,,,,,,
17336,97.850571,,,,,,
17337,98.025543,,,,,,
17338,98.247734,,,,,,
17339,98.803703,,,,,,
17340,98.785400,,,,,,
17341,98.144592,,,,,,
17342,98.391747,,,,,,
17343,98.204697,,,,,,
17344,98.481689,,,,,,
17345,97.966507,,,,,,
17346,98.361382,,,,,,
17347,98.564896,,,,,,
17348,98.915466,,,,,,
17349,98.558182,,,,,,
17350,98.371666,,,,,,
17351,98.684303,,,,,,
17352,98.649643,,,,,,
17353,98.797157,,,,,,
17354,98.192902,,,,,,
17355,98.594406,,,,,,
17356,98.710960,,,,,,
17357,98.948479,,,,,,
17358,98.376740,,,,,,
17359,98.872963,,,,,,
17360,97.798332,,,,,,
17361,98.870865,,,,,,
17362,98.742050,,,,,,
17363,98.120468,,,,,,
17364,98.716576,,,,,,
17365,98.177948,,,,,,
17366,98.693817,,,,,,
17367,98.613853,,,,,,
17368,98.446640,,,,,,
17369,98.399658,,,,,,
17370,98.326202,,,,,,
17371,98.051682,,,,,,
17372,98.346893,,,,,,
17373,97.969269,,,,,,
17374,98.754257,,,,,,
17375,98.379791,,,,,,
17376,98.097046,,,,,,
17377,98.597710,,,,,,
17378,97.525490,,,,,,
17379,98.691185,,,,,,
17380,98.376022,,,,,,
17381,98.453964,,,,,,
17382,98.319695,,,,,,
17383,98.801117,,,,,,
17384,98.705696,,,,,,
17385,98.079391,,,,,,
17386,98.742722,,,,,,
17387,98.711449,,,,,,
17388,98.436508,,,,,,
17389,97.918098,,,,,,
17390,98.745560,,,,,,
17391,98.407402,,,,,,
17392,98.450981,,,,,,
17393,98.525696,,,,,,
17394,98.427078,,,,,,
17395,98.137154,,,,,,
17396,98.681824,,,,,,
17397,97.858070,,,,,,
17398,97.821228,,,,,,
17400,,78.100000,0.112007,,,,
17400,98.823853,,,,,,
17401,98.043159,,,,,,
17402,98.284904,,,,,,
17403,98.571426,,,,,,
17404,98.252518,,,,,,
17405,98.702934,,,,,,
17406,98.603355,,,,,,
17407,98.713623,,,,,,
17408,98.209045,,,,,,
17409,98.818382,,,,,,
17410,98.536972,,,,,,
17411,98.681984,,,,,,
17412,99.110397,,,,,,
17413,98.618141,,,,,,
17414,98.574318,,,,,,
17415,98.089195,,,,,,
17416,98.885429,,,,,,
17417,98.633904,,,,,,
17418,98.664673,,,,,,
17419,98.572456,,,,,,
17420,98.598640,,,,,,
17421,99.113708,,,,,,
17422,98.345985,,,,,,
17423,98.650444,,,,,,
17424,97.669235,,,,,,
17425,98.719154,,,,,,
17426,98.868027,,,,,,
17427,97.991112,,,,,,
17428,98.847443,,,,,,
17429,98.701706,,,,,,
17430,97.684273,,,,,,
17431,98.314369,,,,,,
17432,98.724075,,,,,,
17433,98.264442,,,,,,
17434,97.668335,,,,,,
17435,98.369453,,,,,,
17436,98.575661,,,,,,
17437,98.330246,,,,,,
17438,97.865860,,,,,,
17439,97.980476,,,,,,
17440,99.188492,,,,,,
17441,98.179955,,,,,,
17442,98.393875,,,,,,
17443,98.212128,,,,,,
17444,98.338081,,,,,,
17445,98.536720,,,,,,
17446,98.424095,,,,,,
17447,98.915016,,,,,,
17448,98.447197,,,,,,
17449,98.118027,,,,,,
17450,98.374947,,,,,,
17451,98.803146,,,,,,
17452,98.285179,,,,,,
17453,98.249825,,,,,,
17454,98.960495,,,,,,
17455,98.441170,,,,,,
17456,98.532906,,,,,,
17457,98.622208,,,,,,
17458,98.205841,,,,,,
17459,98.674248,,,,,,
17460,98.544205,,,,,,
17461,98.619576,,,,,,
17462,98.496788,,,,,,
17463,97.902367,,,,,,
17464,98.739479,,,,,,
17465,98.391586,,,,,,
17466,98.127380,,,,,,
17467,97.767784,,,,,,
17468,98.514725,,,,,,
17469,98.167488,,,,,,
17470,98.631516,,,,,,
17471,97.929405,,,,,,
17472,98.436363,,,,,,
17473,98.122543,,,,,,
17474,97.871712,,,,,,
17475,98.779007,,,,,,
17476,98.665199,,,,,,
17477,98.793358,,,,,,
17478,98.007088,,,,,,
17479,98.950890,,,,,,
17480,98.666992,,,,,,
17481,98.437813,,,,,,
17482,98.959763,,,,,,
17483,99.004150,,,,,,
17484,98.670898,,,,,,
17485,98.821976,,,,,,
17486,98.520035,,,,,,
17487,98.214584,,,,,,
17488,98.231674,,,,,,
17489,97.876053,,,,,,
17490,98.190407,,,,,,
17491,98.513771,,,,,,
17492,98.486694,,,,,,
17493,98.800743,,,,,,
17494,98.072067,,,,,,
17495,98.673676,,,,,,
17496,98.160263,,,,,,
17497,98.472397,,,,,,
17498,98.558037,,,,,,
17499,98.811348,,,,,,
17500,98.784729,,,,,,
17501,98.335815,,,,,,
17502,98.394600,,,,,,
17503,98.532837,,,,,,
17504,98.563339,,,,,,
17505,98.835831,,,,,,
17506,98.668312,,,,,,
17507,98.413582,,,,,,
17508,98.729813,,,,,,
17509,98.759758,,,,,,
17510,98.218758,,,,,,
17511,98.272842,,,,,,
17512,98.164856,,,,,,
17513,99.054863,,,,,,
17514,98.571220,,,,,,
17515,98.502708,,,,,,
17516,98.559456,,,,,,
17517,98.663147,,,,,,
17518,98.345840,,,,,,
17519,98.094933,,,,,,
17520,98.884521,,,,,,
17521,98.407112,,,,,,
17522,98.735100,,,,,,
17523,98.128815,,,,,,
17524,98.381653,,,,,,
17525,98.437492,,,,,,
17526,98.727257,,,,,,
17527,98.508423,,,,,,
17528,98.450874,,,,,,
17529,98.072922,,,,,,
17530,98.768501,,,,,,
17531,98.608078,,,,,,
17532,98.820824,,,,,,
17533,98.700592,,,,,,
17534,98.758751,,,,,,
17535,98.432266,,,,,,
17536,98.300972,,,,,,
17537,98.494392,,,,,,
17538,98.908020,,,,,,
17539,98.710312,,,,,,
17540,98.622810,,,,,,
17541,98.281273,,,,,,
17542,97.636520,,,,,,
17543,98.542282,,,,,,
17544,98.341118,,,,,,
17545,98.380898,,,,,,
17546,98.180107,,,,,,
17547,98.861465,,,,,,
17548,98.336777,,,,,,
17549,98.741714,,,,,,
17550,98.579468,,,,,,
17551,98.299309,,,,,,
17552,98.324203,,,,,,
17553,97.739723,,,,,,
17554,98.646996,,,,,,
17555,98.545502,,,,,,
17556,97.973381,,,,,,
17557,98.572151,,,,,,
17558,98.738914,,,,,,
17559,98.632622,,,,,,
17560,98.229584,,,,,,
17561,98.245720,,,,,,
17562,98.118675,,,,,,
17563,98.620743,,,,,,
17564,97.962929,,,,,,
17565,97.975090,,,,,,
17566,98.595154,,,,,,
17567,98.491447,,,,,,
17568,98.327446,,,,,,
17569,98.388557,,,,,,
17570,97.575096,,,,,,
17571,98.663666,,,,,,
17572,98.539154,,,,,,
17573,98.536644,,,,,,
17574,98.256790,,,,,,
17575,98.914200,,,,,,
17576,98.560738,,,,,,
17577,98.571724,,,,,,
17578,98.370514,,,,,,
17579,98.708244,,,,,,
17580,98.294830,,,,,,
17581,97.656731,,,,,,
17582,98.423782,,,,,,
17583,98.753456,,,,,,
17584,99.040344,,,,,,
17585,98.517639,,,,,,
17586,97.210266,,,,,,
17587,99.086380,,,,,,
17588,98.238083,,,,,,
17589,98.807777,,,,,,
17590,98.450401,,,,,,
17591,98.515572,,,,,,
17592,98.647758,,,,,,
17593,98.603226,,,,,,
17594,98.953354,,,,,,
17595,98.526863,,,,,,
17596,97.723328,,,,,,
17597,98.367165,,,,,,
17598,98.428551,,,,,,
17600,,77.830000,0.113051,,,,
17600,98.041748,,,,,,
17601,98.782784,,,,,,
17602,98.705597,,,,,,
17603,98.831802,,,,,,
17604,98.868042,,,,,,
17605,97.918266,,,,,,
17606,98.831047,,,,,,
17607,98.862877,,,,,,
17608,97.739922,,,,,,
17609,99.013565,,,,,,
17610,98.867912,,,,,,
17611,97.547638,,,,,,
17612,97.738968,,,,,,
17613,98.294777,,,,,,
17614,98.666176,,,,,,
17615,98.479706,,,,,,
17616,98.519257,,,,,,
17617,97.802452,,,,,,
17618,98.723228,,,,,,
17619,99.009071,,,,,,
17620,98.443642,,,,,,
17621,98.609695,,,,,,
17622,98.825691,,,,,,
17623,97.985779,,,,,,
17624,98.714806,,,,,,
17625,98.743248,,,,,,
17626,98.225555,,,,,,
17627,98.955315,,,,,,
17628,98.503113,,,,,,
17629,97.607483,,,,,,
17630,98.277580,,,,,,
17631,98.886139,,,,,,
17632,98.092896,,,,,,
17633,98.236298,,,,,,
17634,98.341362,,,,,,
17635,98.347794,,,,,,
17636,98.318451,,,,,,
17637,98.572083,,,,,,
17638,97.762711,,,,,,
17639,98.434135,,,,,,
17640,98.636551,,,,,,
17641,98.527580,,,,,,
17642,98.770721,,,,,,
17643,98.812653,,,,,,
17644,98.392624,,,,,,
17645,98.756058,,,,,,
17646,98.580429,,,,,,
17647,98.826950,,,,,,
17648,97.954391,,,,,,
17649,98.866798,,,,,,
17650,98.069450,,,,,,
17651,98.330246,,,,,,
17652,98.457481,,,,,,
17653,97.528542,,,,,,
17654,98.542923,,,,,,
17655,98.122444,,,,,,
17656,98.636902,,,,,,
17657,98.899368,,,,,,
17658,98.977333,,,,,,
17659,98.274246,,,,,,
17660,98.107140,,,,,,
17661,98.795471,,,,,,
17662,98.310677,,,,,,
17663,97.938271,,,,,,
17664,98.546944,,,,,,
17665,99.044281,,,,,,
17666,98.472984,,,,,,
17667,98.264732,,,,,,
17668,98.593277,,,,,,
17669,98.922264,,,,,,
17670,98.072029,,,,,,
17671,98.062584,,,,,,
17672,98.155281,,,,,,
17673,98.623489,,,,,,
17674,98.553993,,,,,,
17675,98.146477,,,,,,
17676,97.925331,,,,,,
17677,98.521469,,,,,,
17678,98.231918,,,,,,
17679,98.492317,,,,,,
17680,98.543121,,,,,,
17681,98.295189,,,,,,
17682,98.704437,,,,,,
17683,98.500191,,,,,,
17684,98.787628,,,,,,
17685,98.587517,,,,,,
17686,98.400581,,,,,,
17687,98.901390,,,,,,
17688,98.989426,,,,,,
17689,99.150009,,,,,,
17690,98.657585,,,,,,
17691,98.545074,,,,,,
17692,98.118980,,,,,,
17693,98.379272,,,,,,
17694,98.206223,,,,,,
17695,98.531700,,,,,,
17696,98.492958,,,,,,
17697,98.245300,,,,,,
17698,98.740181,,,,,,
17699,98.864471,,,,,,
17700,99.015511,,,,,,
17701,97.880516,,,,,,
17702,98.864349,,,,,,
17703,98.237663,,,,,,
17704,98.505775,,,,,,
17705,98.533134,,,,,,
17706,98.643433,,,,,,
17707,98.410583,,,,,,
17708,98.019714,,,,,,
17709,98.416870,,,,,,
17710,98.688850,,,,,,
17711,98.765579,,,,,,
17712,98.102364,,,,,,
17713,98.502541,,,,,,
17714,98.651276,,,,,,
17715,98.575417,,,,,,
17716,98.401596,,,,,,
17717,98.387222,,,,,,
17718,98.799263,,,,,,
17719,98.177322,,,,,,
17720,98.020836,,,,,,
17721,98.655167,,,,,,
17722,98.207268,,,,,,
17723,98.453270,,,,,,
17724,98.798546,,,,,,
17725,98.005013,,,,,,
17726,98.284409,,,,,,
17727,99.122551,,,,,,
17728,98.570671,,,,,,
17729,98.280312,,,,,,
17730,98.586784,,,,,,
17731,98.622337,,,,,,
17732,97.885681,,,,,,
17733,97.646370,,,,,,
17734,98.966232,,,,,,
17735,98.189491,,,,,,
17736,98.257912,,,,,,
17737,98.017738,,,,,,
17738,98.268158,,,,,,
17739,98.567039,,,,,,
17740,98.411591,,,,,,
17741,97.904312,,,,,,
17742,98.451141,,,,,,
17743,98.396553,,,,,,
17744,98.725983,,,,,,
17745,98.220222,,,,,,
17746,98.227341,,,,,,
17747,97.377571,,,,,,
17748,98.135368,,,,,,
17749,98.538910,,,,,,
17750,98.652367,,,,,,
17751,98.436981,,,,,,
17752,98.191414,,,,,,
17753,97.885040,,,,,,
17754,98.776535,,,,,,
17755,98.295227,,,,,,
17756,97.636055,,,,,,
17757,98.025055,,,,,,
17758,98.326614,,,,,,
17759,98.709358,,,,,,
17760,98.322098,,,,,,
17761,98.350990,,,,,,
17762,98.806076,,,,,,
17763,98.296135,,,,,,
17764,98.755318,,,,,,
17765,98.327789,,,,,,
17766,98.708984,,,,,,
17767,98.692383,,,,,,
17768,98.253593,,,,,,
17769,98.464592,,,,,,
17770,98.773224,,,,,,
17771,98.376427,,,,,,
17772,98.579674,,,,,,
17773,98.395813,,,,,,
17774,98.849312,,,,,,
17775,98.518661,,,,,,
17776,98.910454,,,,,,
17777,99.004700,,,,,,
17778,98.099678,,,,,,
17779,98.608742,,,,,,
17780,98.741714,,,,,,
17781,98.277832,,,,,,
17782,97.727303,,,,,,
17783,98.545624,,,,,,
17784,97.961807,,,,,,
17785,97.757072,,,,,,
17786,98.384018,,,,,,
17787,98.804123,,,,,,
17788,98.251778,,,,,,
17789,97.807182,,,,,,
17790,98.520630,,,,,,
17791,98.750511,,,,,,
17792,98.879189,,,,,,
17793,99.012726,,,,,,
17794,98.873718,,,,,,
17795,98.474556,,,,,,
17796,98.881424,,,,,,
17797,98.878754,,,,,,
17798,98.299332,,,,,,
17800,,78.160000,0.115036,,,,
17800,98.787270,,,,,,
17801,98.188728,,,,,,
17802,98.791946,,,,,,
17803,98.038498,,,,,,
17804,98.427620,,,,,,
17805,98.855507,,,,,,
17806,98.772224,,,,,,
17807,98.681976,,,,,,
17808,98.631889,,,,,,
17809,97.808464,,,,,,
17810,97.973091,,,,,,
17811,98.678535,,,,,,
17812,98.384514,,,,,,
17813,98.576324,,,,,,
17814,98.189682,,,,,,
17815,98.200310,,,,,,
17816,98.264130,,,,,,
17817,98.667664,,,,,,
17818,98.586525,,,,,,
17819,98.774628,,,,,,
17820,98.515564,,,,,,
17821,98.948219,,,,,,
17822,98.984932,,,,,,
17823,98.437157,,,,,,
17824,98.627960,,,,,,
17825,98.251213,,,,,,
17826,98.598976,,,,,,
17827,98.541763,,,,,,
17828,98.511116,,,,,,
17829,98.643738,,,,,,
17830,97.731941,,,,,,
17831,98.668228,,,,,,
17832,98.047478,,,,,,
17833,98.101471,,,,,,
17834,98.642937,,,,,,
17835,98.528778,,,,,,
17836,98.611298,,,,,,
17837,98.201248,,,,,,
17838,98.494469,,,,,,
17839,98.585716,,,,,,
17840,97.967232,,,,,,
17841,97.680534,,,,,,
17842,97.837982,,,,,,
17843,98.303139,,,,,,
17844,98.083504,,,,,,
17845,98.440643,,,,,,
17846,98.668793,,,,,,
17847,98.118065,,,,,,
17848,98.258392,,,,,,
17849,97.852196,,,,,,
17850,98.639191,,,,,,
17851,98.537392,,,,,,
17852,98.912056,,,,,,
17853,97.837685,,,,,,
17854,98.493935,,,,,,
17855,98.288383,,,,,,
17856,98.215607,,,,,,
17857,98.183739,,,,,,
17858,98.593750,,,,,,
17859,98.149986,,,,,,
17860,98.648186,,,,,,
17861,98.267281,,,,,,
17862,98.714355,,,,,,
17863,98.489487,,,,,,
17864,98.819199,,,,,,
17865,98.195442,,,,,,
17866,98.824646,,,,,,
17867,98.195633,,,,,,
17868,98.694786,,,,,,
17869,98.449707,,,,,,
17870,98.760391,,,,,,
17871,97.610603,,,,,,
17872,98.035866,,,,,,
17873,98.431915,,,,,,
17874,98.570107,,,,,,
17875,98.317314,,,,,,
17876,98.691292,,,,,,
17877,98.813408,,,,,,
17878,98.207687,,,,,,
17879,98.098885,,,,,,
17880,98.466431,,,,,,
17881,98.254105,,,,,,
17882,98.633553,,,,,,
17883,98.789993,,,,,,
17884,98.693512,,,,,,
17885,98.492920,,,,,,
17886,98.861366,,,,,,
17887,98.805450,,,,,,
17888,98.544601,,,,,,
17889,98.202049,,,,,,
17890,98.352379,,,,,,
17891,98.319550,,,,,,
17892,98.751114,,,,,,
17893,98.741272,,,,,,
17894,98.439041,,,,,,
17895,98.156731,,,,,,
17896,98.256256,,,,,,
17897,98.213173,,,,,,
17898,98.493523,,,,,,
17899,98.093803,,,,,,
17900,97.988159,,,,,,
17901,98.534142,,,,,,
17902,98.659554,,,,,,
17903,98.327202,,,,,,
17904,98.154945,,,,,,
17905,98.307602,,,,,,
17906,98.884148,,,,,,
17907,98.452873,,,,,,
17908,98.978165,,,,,,
17909,98.847557,,,,,,
17910,98.735153,,,,,,
17911,98.038376,,,,,,
17912,98.771667,,,,,,
17913,98.553116,,,,,,
17914,98.822395,,,,,,
17915,97.779785,,,,,,
17916,99.114418,,,,,,
17917,98.705124,,,,,,
17918,98.969604,,,,,,
17919,98.313301,,,,,,
17920,98.504501,,,,,,
17921,98.751938,,,,,,
17922,98.407021,,,,,,
17923,98.298752,,,,,,
17924,98.637543,,,,,,
17925,97.829269,,,,,,
17926,98.176170,,,,,,
17927,98.817108,,,,,,
17928,97.906952,,,,,,
17929,98.385071,,,,,,
17930,98.421471,,,,,,
17931,98.527588,,,,,,
17932,98.831871,,,,,,
17933,98.138786,,,,,,
17934,98.989441,,,,,,
17935,98.199493,,,,,,
17936,98.027191,,,,,,
17937,98.563965,,,,,,
17938,98.371452,,,,,,
17939,98.557335,,,,,,
17940,98.748184,,,,,,
17941,98.298714,,,,,,
17942,98.487312,,,,,,
17943,98.434349,,,,,,
17944,98.712105,,,,,,
17945,97.898651,,,,,,
17946,98.580513,,,,,,
17947,98.046860,,,,,,
17948,98.595261,,,,,,
17949,98.693352,,,,,,
17950,98.689781,,,,,,
17951,98.897339,,,,,,
17952,98.593132,,,,,,
17953,98.507645,,,,,,
17954,98.723328,,,,,,
17955,98.086945,,,,,,
17956,98.573883,,,,,,
17957,98.595673,,,,,,
17958,98.181900,,,,,,
17959,98.679146,,,,,,
17960,98.691742,,,,,,
17961,98.812317,,,,,,
17962,98.085571,,,,,,
17963,98.450516,,,,,,
17964,98.615807,,,,,,
17965,98.562943,,,,,,
17966,98.167511,,,,,,
17967,98.618340,,,,,,
17968,98.590729,,,,,,
17969,98.371590,,,,,,
17970,98.197647,,,,,,
17971,98.453606,,,,,,
17972,98.275299,,,,,,
17973,98.289597,,,,,,
17974,98.476479,,,,,,
17975,98.809357,,,,,,
17976,98.514862,,,,,,
17977,98.255424,,,,,,
17978,98.575340,,,,,,
17979,98.818367,,,,,,
17980,98.396706,,,,,,
17981,97.963409,,,,,,
17982,98.738548,,,,,,
17983,98.772964,,,,,,
17984,98.755325,,,,,,
17985,98.704552,,,,,,
17986,98.197227,,,,,,
17987,98.667061,,,,,,
17988,98.718391,,,,,,
17989,97.719719,,,,,,
17990,98.327095,,,,,,
17991,98.172386,,,,,,
17992,97.499138,,,,,,
17993,98.589134,,,,,,
17994,98.274055,,,,,,
17995,98.743340,,,,,,
17996,98.488892,,,,,,
17997,98.449814,,,,,,
17998,98.420326,,,,,,
18000,,78.160000,0.113119,,,,
18000,98.758293,,,,,,
18001,98.203987,,,,,,
18002,98.725105,,,,,,
18003,98.816750,,,,,,
18004,97.721001,,,,,,
18005,98.859627,,,,,,
18006,98.347412,,,,,,
18007,98.796356,,,,,,
18008,98.316086,,,,,,
18009,98.428688,,,,,,
18010,98.401505,,,,,,
18011,98.463058,,,,,,
18012,97.775635,,,,,,
18013,98.502434,,,,,,
18014,97.693298,,,,,,
18015,97.987961,,,,,,
18016,97.914726,,,,,,
18017,98.415390,,,,,,
18018,97.491005,,,,,,
18019,98.528633,,,,,,
18020,98.400032,,,,,,
18021,98.138908,,,,,,
18022,98.384850,,,,,,
18023,98.485893,,,,,,
18024,98.920692,,,,,,
18025,98.456001,,,,,,
18026,98.195190,,,,,,
18027,98.777916,,,,,,
18028,98.667381,,,,,,
18029,98.527748,,,,,,
18030,98.506714,,,,,,
18031,98.110863,,,,,,
18032,98.231033,,,,,,
18033,98.388329,,,,,,
18034,98.247833,,,,,,
18035,98.007629,,,,,,
18036,98.665504,,,,,,
18037,99.091759,,,,,,
18038,98.669983,,,,,,
18039,98.863457,,,,,,
18040,98.480179,,,,,,
18041,98.358887,,,,,,
18042,98.501488,,,,,,
18043,97.740334,,,,,,
18044,98.899208,,,,,,
18045,98.785957,,,,,,
18046,98.712929,,,,,,
18047,98.806709,,,,,,
18048,98.718132,,,,,,
18049,98.572990,,,,,,
18050,98.165237,,,,,,
18051,98.563080,,,,,,
18052,98.653458,,,,,,
18053,98.596359,,,,,,
18054,98.047104,,,,,,
18055,98.492493,,,,,,
18056,98.394066,,,,,,
18057,98.648643,,,,,,
18058,99.061592,,,,,,
18059,98.722252,,,,,,
18060,98.286758,,,,,,
18061,98.144264,,,,,,
18062,98.560699,,,,,,
18063,98.492035,,,,,,
18064,98.210823,,,,,,
18065,98.567978,,,,,,
18066,98.410294,,,,,,
18067,98.318741,,,,,,
18068,98.295914,,,,,,
18069,97.894760,,,,,,
18070,98.046890,,,,,,
18071,98.388008,,,,,,
18072,98.016785,,,,,,
18073,97.988625,,,,,,
18074,98.441780,,,,,,
18075,98.015663,,,,,,
18076,98.850807,,,,,,
18077,98.653320,,,,,,
18078,98.283745,,,,,,
18079,98.726212,,,,,,
18080,98.474464,,,,,,
18081,98.755524,,,,,,
18082,98.569038,,,,,,
18083,98.687096,,,,,,
18084,98.220604,,,,,,
18085,98.435814,,,,,,
18086,98.595284,,,,,,
18087,98.658302,,,,,,
18088,98.201546,,,,,,
18089,98.552361,,,,,,
18090,98.502289,,,,,,
18091,98.402481,,,,,,
18092,97.754860,,,,,,
18093,98.694839,,,,,,
18094,98.335632,,,,,,
18095,98.760841,,,,,,
18096,98.768753,,,,,,
18097,98.717896,,,,,,
18098,98.080032,,,,,,
18099,98.678146,,,,,,
18100,98.807098,,,,,,
18101,98.643799,,,,,,
18102,98.918579,,,,,,
18103,98.679657,,,,,,
18104,98.262268,,,,,,
18105,98.460732,,,,,,
18106,98.533920,,,,,,
18107,98.680664,,,,,,
18108,98.821678,,,,,,
18109,98.753670,,,,,,
18110,98.038330,,,,,,
18111,98.775002,,,,,,
18112,98.467850,,,,,,
18113,98.650566,,,,,,
18114,98.600479,,,,,,
18115,98.429817,,,,,,
18116,97.984993,,,,,,
18117,97.754303,,,,,,
18118,98.550880,,,,,,
18119,98.456459,,,,,,
18120,98.790932,,,,,,
18121,98.382973,,,,,,
18122,98.402252,,,,,,
18123,98.469315,,,,,,
18124,97.953865,,,,,,
18125,98.460571,,,,,,
18126,98.833717,,,,,,
18127,98.719955,,,,,,
18128,98.756157,,,,,,
18129,98.444252,,,,,,
18130,98.529938,,,,,,
18131,98.136566,,,,,,
18132,98.392128,,,,,,
18133,98.465324,,,,,,
18134,97.957199,,,,,,
18135,98.796875,,,,,,
18136,98.906082,,,,,,
18137,98.682091,,,,,,
18138,98.253120,,,,,,
18139,98.425774,,,,,,
18140,99.010620,,,,,,
18141,98.382011,,,,,,
18142,98.406731,,,,,,
18143,98.015671,,,,,,
18144,98.920486,,,,,,
18145,98.302345,,,,,,
18146,99.033348,,,,,,
18147,98.584045,,,,,,
18148,98.504799,,,,,,
18149,97.861473,,,,,,
18150,98.664413,,,,,,
18151,98.602577,,,,,,
18152,97.769707,,,,,,
18153,98.001709,,,,,,
18154,98.149902,,,,,,
18155,98.469383,,,,,,
18156,98.644386,,,,,,
18157,99.145699,,,,,,
18158,98.783798,,,,,,
18159,98.741478,,,,,,
18160,98.372169,,,,,,
18161,98.781479,,,,,,
18162,98.762413,,,,,,
18163,98.170837,,,,,,
18164,98.678482,,,,,,
18165,97.484856,,,,,,
18166,98.046799,,,,,,
18167,98.820877,,,,,,
18168,98.940376,,,,,,
18169,98.568863,,,,,,
18170,98.472466,,,,,,
18171,97.654648,,,,,,
18172,98.605316,,,,,,
18173,98.850319,,,,,,
18174,98.627327,,,,,,
18175,98.471436,,,,,,
18176,98.528954,,,,,,
18177,98.345833,,,,,,
18178,98.781441,,,,,,
18179,98.194160,,,,,,
18180,98.759781,,,,,,
18181,98.269485,,,,,,
18182,98.613625,,,,,,
18183,98.770737,,,,,,
18184,98.578110,,,,,,
18185,98.233192,,,,,,
18186,98.539482,,,,,,
18187,98.507500,,,,,,
18188,98.072662,,,,,,
18189,98.203308,,,,,,
18190,98.646851,,,,,,
18191,98.436684,,,,,,
18192,97.931946,,,,,,
18193,98.150421,,,,,,
18194,98.433395,,,,,,
18195,98.486282,,,,,,
18196,98.299622,,,,,,
18197,98.243980,,,,,,
18198,98.736519,,,,,,
18200,,78.050000,0.111690,,,,
18200,98.210258,,,,,,
18201,98.848785,,,,,,
18202,98.497337,,,,,,
18203,98.806953,,,,,,
18204,98.408577,,,,,,
18205,97.909065,,,,,,
18206,98.162262,,,,,,
18207,98.757874,,,,,,
18208,98.834412,,,,,,
18209,98.607430,,,,,,
18210,97.890381,,,,,,
18211,98.549454,,,,,,
18212,98.430855,,,,,,
18213,98.811378,,,,,,
18214,98.974510,,,,,,
18215,98.325043,,,,,,
18216,98.227325,,,,,,
18217,98.707123,,,,,,
18218,98.416756,,,,,,
18219,98.599800,,,,,,
18220,98.234406,,,,,,
18221,98.552414,,,,,,
18222,98.417076,,,,,,
18223,98.483574,,,,,,
18224,98.879150,,,,,,
18225,98.349510,,,,,,
18226,98.971893,,,,,,
18227,98.018349,,,,,,
18228,98.157303,,,,,,
18229,98.836868,,,,,,
18230,98.641098,,,,,,
18231,98.326523,,,,,,
18232,98.845123,,,,,,
18233,98.160812,,,,,,
18234,98.710953,,,,,,
18235,98.938736,,,,,,
18236,98.702866,,,,,,
18237,98.824867,,,,,,
18238,97.959663,,,,,,
18239,98.946838,,,,,,
18240,98.392303,,,,,,
18241,98.386238,,,,,,
18242,98.759880,,,,,,
18243,98.500175,,,,,,
18244,97.784889,,,,,,
18245,98.331207,,,,,,
18246,98.678917,,,,,,
18247,98.322845,,,,,,
18248,98.630531,,,,,,
18249,98.243942,,,,,,
18250,98.571594,,,,,,
18251,98.564461,,,,,,
18252,98.505730,,,,,,
18253,98.053787,,,,,,
18254,98.782234,,,,,,
18255,98.162735,,,,,,
18256,98.067543,,,,,,
18257,97.767746,,,,,,
18258,98.860970,,,,,,
18259,98.288063,,,,,,
18260,98.278557,,,,,,
18261,98.625694,,,,,,
18262,98.334244,,,,,,
18263,98.360222,,,,,,
18264,98.500381,,,,,,
18265,98.355095,,,,,,
18266,98.008644,,,,,,
18267,98.752518,,,,,,
18268,98.110397,,,,,,
18269,98.691017,,,,,,
18270,98.405243,,,,,,
18271,98.514778,,,,,,
18272,98.030762,,,,,,
18273,98.834534,,,,,,
18274,98.183624,,,,,,
18275,98.391884,,,,,,
18276,98.274536,,,,,,
18277,98.108986,,,,,,
18278,98.711319,,,,,,
18279,98.402023,,,,,,
18280,98.510643,,,,,,
18281,98.530182,,,,,,
18282,98.584534,,,,,,
18283,98.400055,,,,,,
18284,98.822601,,,,,,
18285,98.189644,,,,,,
18286,98.824081,,,,,,
18287,98.513229,,,,,,
18288,98.256020,,,,,,
18289,98.600372,,,,,,
18290,99.084976,,,,,,
18291,98.070549,,,,,,
18292,98.454910,,,,,,
18293,98.469330,,,,,,
18294,98.754593,,,,,,
18295,98.412598,,,,,,
18296,98.559898,,,,,,
18297,98.354813,,,,,,
18298,98.453987,,,,,,
18299,98.776970,,,,,,
18300,98.372154,,,,,,
18301,98.736237,,,,,,
18302,97.340027,,,,,,
18303,98.038795,,,,,,
18304,98.374367,,,,,,
18305,98.491837,,,,,,
18306,98.765961,,,,,,
18307,97.926483,,,,,,
18308,98.628326,,,,,,
18309,98.861931,,,,,,
18310,98.652260,,,,,,
18311,98.270119,,,,,,
18312,98.038063,,,,,,
18313,97.906960,,,,,,
18314,98.573700,,,,,,
18315,98.619064,,,,,,
18316,98.795662,,,,,,
18317,98.649132,,,,,,
18318,98.416061,,,,,,
18319,97.709564,,,,,,
18320,98.703819,,,,,,
18321,98.347130,,,,,,
18322,98.899452,,,,,,
18323,98.818520,,,,,,
18324,98.733704,,,,,,
18325,98.059128,,,,,,
18326,98.933914,,,,,,
18327,98.435707,,,,,,
18328,98.361618,,,,,,
18329,98.455124,,,,,,
18330,98.697136,,,,,,
18331,98.418335,,,,,,
18332,98.571442,,,,,,
18333,98.570068,,,,,,
18334,97.952843,,,,,,
18335,98.736130,,,,,,
18336,98.119400,,,,,,
18337,98.783005,,,,,,
18338,98.685738,,,,,,
18339,99.036987,,,,,,
18340,98.591034,,,,,,
18341,98.486755,,,,,,
18342,98.182632,,,,,,
18343,98.275017,,,,,,
18344,98.249084,,,,,,
18345,98.331337,,,,,,
18346,98.699005,,,,,,
18347,98.955994,,,,,,
18348,97.759277,,,,,,
18349,98.088211,,,,,,
18350,98.637398,,,,,,
18351,98.265297,,,,,,
18352,98.713203,,,,,,
18353,98.849579,,,,,,
18354,98.868019,,,,,,
18355,98.883743,,,,,,
18356,98.648422,,,,,,
18357,98.559319,,,,,,
18358,98.644844,,,,,,
18359,98.754288,,,,,,
18360,98.835838,,,,,,
18361,98.909195,,,,,,
18362,99.113205,,,,,,
18363,98.470192,,,,,,
18364,97.986298,,,,,,
18365,98.741745,,,,,,
18366,98.639488,,,,,,
18367,98.453941,,,,,,
18368,98.759369,,,,,,
18369,98.563606,,,,,,
18370,98.369461,,,,,,
18371,97.155998,,,,,,
18372,98.617706,,,,,,
18373,98.602737,,,,,,
18374,99.024597,,,,,,
18375,98.596313,,,,,,
18376,99.054482,,,,,,
18377,98.550934,,,,,,
18378,99.001816,,,,,,
18379,98.152473,,,,,,
18380,98.221298,,,,,,
18381,98.787193,,,,,,
18382,98.048965,,,,,,
18383,98.640930,,,,,,
18384,98.484695,,,,,,
18385,98.304802,,,,,,
18386,98.003693,,,,,,
18387,98.116676,,,,,,
18388,98.744759,,,,,,
18389,98.319008,,,,,,
18390,98.501060,,,,,,
18391,98.281578,,,,,,
18392,98.825775,,,,,,
18393,97.857727,,,,,,
18394,97.367859,,,,,,
18395,98.245087,,,,,,
18396,98.525131,,,,,,
18397,98.530724,,,,,,
18398,98.741425,,,,,,
18400,,78.030000,0.118518,,,,
18400,98.035301,,,,,,
18401,98.217506,,,,,,
18402,98.361794,,,,,,
18403,98.546822,,,,,,
18404,98.435753,,,,,,
18405,98.727463,,,,,,
18406,98.817398,,,,,,
18407,98.302750,,,,,,
18408,98.853806,,,,,,
18409,98.228790,,,,,,
18410,98.821098,,,,,,
18411,98.460594,,,,,,
18412,98.938683,,,,,,
18413,98.752739,,,,,,
18414,98.584892,,,,,,
18415,98.688766,,,,,,
18416,98.111115,,,,,,
18417,98.411438,,,,,,
18418,98.455124,,,,,,
18419,98.891373,,,,,,
18420,98.018845,,,,,,
18421,98.697975,,,,,,
18422,98.489937,,,,,,
18423,98.546753,,,,,,
18424,98.649544,,,,,,
18425,98.403198,,,,,,
18426,98.438072,,,,,,
18427,98.060013,,,,,,
18428,98.329445,,,,,,
18429,98.605980,,,,,,
18430,98.610840,,,,,,
18431,98.375656,,,,,,
18432,98.648186,,,,,,
18433,98.865761,,,,,,
18434,98.128181,,,,,,
18435,98.401169,,,,,,
18436,98.290024,,,,,,
18437,98.630356,,,,,,
18438,98.806091,,,,,,
18439,98.388893,,,,,,
18440,98.703201,,,,,,
18441,98.086426,,,,,,
18442,98.704056,,,,,,
18443,97.248062,,,,,,
18444,98.763222,,,,,,
18445,98.517250,,,,,,
18446,98.162590,,,,,,
18447,98.736435,,,,,,
18448,98.814613,,,,,,
18449,98.079773,,,,,,
18450,98.773445,,,,,,
18451,97.887444,,,,,,
18452,97.953270,,,,,,
18453,98.457588,,,,,,
18454,98.819122,,,,,,
18455,98.282539,,,,,,
18456,98.734970,,,,,,
18457,98.362808,,,,,,
18458,98.474190,,,,,,
18459,98.000282,,,,,,
18460,98.674149,,,,,,
18461,98.610649,,,,,,
18462,98.257843,,,,,,
18463,98.418983,,,,,,
18464,98.666626,,,,,,
18465,98.593346,,,,,,
18466,98.155914,,,,,,
18467,98.753677,,,,,,
18468,98.978760,,,,,,
18469,98.276825,,,,,,
18470,98.368004,,,,,,
18471,98.726875,,,,,,
18472,98.010033,,,,,,
18473,98.175163,,,,,,
18474,98.344482,,,,,,
18475,98.713997,,,,,,
18476,98.462753,,,,,,
18477,99.004669,,,,,,
18478,98.967346,,,,,,
18479,98.629845,,,,,,
18480,98.303345,,,,,,
18481,98.049995,,,,,,
18482,98.549179,,,,,,
18483,98.072945,,,,,,
18484,97.856010,,,,,,
18485,98.417091,,,,,,
18486,98.671303,,,,,,
18487,98.286293,,,,,,
18488,98.812492,,,,,,
18489,98.779762,,,,,,
18490,98.028183,,,,,,
18491,98.435135,,,,,,
18492,98.301765,,,,,,
18493,98.602463,,,,,,
18494,98.839386,,,,,,
18495,98.229912,,,,,,
18496,98.543610,,,,,,
18497,98.239914,,,,,,
18498,99.079285,,,,,,
18499,98.635483,,,,,,
18500,98.395897,,,,,,
18501,98.636322,,,,,,
18502,98.037148,,,,,,
18503,98.638733,,,,,,
18504,98.616814,,,,,,
18505,98.084160,,,,,,
18506,98.508392,,,,,,
18507,98.825027,,,,,,
18508,98.309601,,,,,,
18509,98.788467,,,,,,
18510,98.399849,,,,,,
18511,98.821793,,,,,,
18512,98.681274,,,,,,
18513,98.453232,,,,,,
18514,98.493690,,,,,,
18515,97.919243,,,,,,
18516,98.854218,,,,,,
18517,98.006027,,,,,,
18518,97.900558,,,,,,
18519,98.501595,,,,,,
18520,98.960648,,,,,,
18521,98.537659,,,,,,
18522,98.414673,,,,,,
18523,97.959511,,,,,,
18524,98.860901,,,,,,
18525,98.818619,,,,,,
18526,98.567291,,,,,,
18527,98.723213,,,,,,
18528,97.673195,,,,,,
18529,98.808044,,,,,,
18530,98.682686,,,,,,
18531,98.429466,,,,,,
18532,97.998146,,,,,,
18533,98.320023,,,,,,
18534,98.112587,,,,,,
18535,98.664780,,,,,,
18536,98.510605,,,,,,
18537,98.117615,,,,,,
18538,98.479492,,,,,,
18539,98.461143,,,,,,
18540,98.389580,,,,,,
18541,98.661438,,,,,,
18542,98.553909,,,,,,
18543,98.317841,,,,,,
18544,98.479843,,,,,,
18545,98.141243,,,,,,
18546,98.832085,,,,,,
18547,98.699760,,,,,,
18548,98.505333,,,,,,
18549,98.213249,,,,,,
18550,98.217766,,,,,,
18551,98.359650,,,,,,
18552,98.767921,,,,,,
18553,98.673248,,,,,,
18554,98.337936,,,,,,
18555,98.909622,,,,,,
18556,98.377174,,,,,,
18557,98.681778,,,,,,
18558,98.339813,,,,,,
18559,98.646317,,,,,,
18560,98.613373,,,,,,
18561,96.276894,,,,,,
18562,98.652428,,,,,,
18563,97.827751,,,,,,
18564,98.628059,,,,,,
18565,98.315834,,,,,,
18566,97.711372,,,,,,
18567,98.957108,,,,,,
18568,99.015984,,,,,,
18569,98.178116,,,,,,
18570,98.776482,,,,,,
18571,98.953270,,,,,,
18572,98.021111,,,,,,
18573,98.905357,,,,,,
18574,97.960510,,,,,,
18575,98.494537,,,,,,
18576,98.635643,,,,,,
18577,98.056442,,,,,,
18578,98.755035,,,,,,
18579,98.640282,,,,,,
18580,98.934624,,,,,,
18581,98.624298,,,,,,
18582,98.473091,,,,,,
18583,98.629036,,,,,,
18584,98.889641,,,,,,
18585,98.615517,,,,,,
18586,97.449348,,,,,,
18587,98.697227,,,,,,
18588,98.219566,,,,,,
18589,98.575890,,,,,,
18590,98.581734,,,,,,
18591,98.605804,,,,,,
18592,98.691406,,,,,,
18593,97.494072,,,,,,
18594,98.762665,,,,,,
18595,98.020638,,,,,,
18596,98.558960,,,,,,
18597,97.966965,,,,,,
18598,98.308830,,,,,,
18600,,78.050000,0.112128,,,,
18600,98.694633,,,,,,
18601,98.059311,,,,,,
18602,98.873375,,,,,,
18603,98.552666,,,,,,
18604,98.251625,,,,,,
18605,98.752502,,,,,,
18606,98.879845,,,,,,
18607,98.646240,,,,,,
18608,98.363419,,,,,,
18609,98.410408,,,,,,
18610,98.258072,,,,,,
18611,98.650490,,,,,,
18612,98.427406,,,,,,
18613,98.419739,,,,,,
18614,98.640221,,,,,,
18615,98.146103,,,,,,
18616,98.625664,,,,,,
18617,98.995369,,,,,,
18618,98.528778,,,,,,
18619,98.180061,,,,,,
18620,98.521713,,,,,,
18621,98.245178,,,,,,
18622,98.756844,,,,,,
18623,98.843864,,,,,,
18624,98.917038,,,,,,
18625,98.473831,,,,,,
18626,97.775345,,,,,,
18627,98.491074,,,,,,
18628,98.270958,,,,,,
18629,97.838547,,,,,,
18630,98.811554,,,,,,
18631,98.457092,,,,,,
18632,97.932831,,,,,,
18633,98.553291,,,,,,
18634,97.347748,,,,,,
18635,98.797989,,,,,,
18636,98.624039,,,,,,
18637,98.511406,,,,,,
18638,98.239258,,,,,,
18639,98.328812,,,,,,
18640,98.726738,,,,,,
18641,98.473236,,,,,,
18642,98.858093,,,,,,
18643,98.539688,,,,,,
18644,98.487076,,,,,,
18645,98.319679,,,,,,
18646,97.897469,,,,,,
18647,98.990891,,,,,,
18648,97.960899,,,,,,
18649,97.764320,,,,,,
18650,98.771927,,,,,,
18651,98.711891,,,,,,
18652,97.766174,,,,,,
18653,98.443268,,,,,,
18654,98.402695,,,,,,
18655,98.288879,,,,,,
18656,98.897926,,,,,,
18657,98.414078,,,,,,
18658,98.426331,,,,,,
18659,98.140007,,,,,,
18660,98.496284,,,,,,
18661,98.798187,,,,,,
18662,98.594337,,,,,,
18663,98.248566,,,,,,
18664,98.556435,,,,,,
18665,98.271500,,,,,,
18666,98.267334,,,,,,
18667,98.271454,,,,,,
18668,98.846962,,,,,,
18669,98.458153,,,,,,
18670,98.586647,,,,,,
18671,98.492386,,,,,,
18672,98.321861,,,,,,
18673,97.951462,,,,,,
18674,98.307281,,,,,,
18675,98.379471,,,,,,
18676,98.605736,,,,,,
18677,98.383377,,,,,,
18678,97.647041,,,,,,
18679,98.051125,,,,,,
18680,98.908157,,,,,,
18681,98.733673,,,,,,
18682,98.239296,,,,,,
18683,98.399902,,,,,,
18684,98.693596,,,,,,
18685,98.589157,,,,,,
18686,98.611885,,,,,,
18687,98.956848,,,,,,
18688,98.414528,,,,,,
18689,98.482330,,,,,,
18690,98.312286,,,,,,
18691,97.792297,,,,,,
18692,98.402306,,,,,,
18693,98.834099,,,,,,
18694,98.796295,,,,,,
18695,98.572189,,,,,,
18696,98.564537,,,,,,
18697,98.331032,,,,,,
18698,98.466835,,,,,,
18699,98.605370,,,,,,
18700,98.456993,,,,,,
18701,98.339409,,,,,,
18702,98.225471,,,,,,
18703,97.614571,,,,,,
18704,97.947853,,,,,,
18705,98.240097,,,,,,
18706,97.998100,,,,,,
18707,98.247345,,,,,,
18708,98.307800,,,,,,
18709,98.407104,,,,,,
18710,98.748787,,,,,,
18711,98.991333,,,,,,
18712,98.397514,,,,,,
18713,98.241051,,,,,,
18714,97.886902,,,,,,
18715,98.637405,,,,,,
18716,98.611488,,,,,,
18717,98.431519,,,,,,
18718,98.815285,,,,,,
18719,98.515648,,,,,,
18720,98.528061,,,,,,
18721,98.323555,,,,,,
18722,98.906891,,,,,,
18723,97.995567,,,,,,
18724,98.607384,,,,,,
18725,98.724983,,,,,,
18726,98.619499,,,,,,
18727,98.525635,,,,,,
18728,98.254768,,,,,,
18729,98.720100,,,,,,
18730,98.700699,,,,,,
18731,98.415733,,,,,,
18732,98.690918,,,,,,
18733,98.520416,,,,,,
18734,98.343964,,,,,,
18735,98.257317,,,,,,
18736,98.278023,,,,,,
18737,98.744438,,,,,,
18738,98.751648,,,,,,
18739,98.139244,,,,,,
18740,98.813148,,,,,,
18741,98.359016,,,,,,
18742,97.841125,,,,,,
18743,98.442131,,,,,,
18744,98.645538,,,,,,
18745,98.074486,,,,,,
18746,98.527992,,,,,,
18747,98.429382,,,,,,
18748,97.947311,,,,,,
18749,98.241661,,,,,,
18750,98.025040,,,,,,
18751,98.791985,,,,,,
18752,98.282715,,,,,,
18753,98.059914,,,,,,
18754,98.151459,,,,,,
18755,98.589050,,,,,,
18756,99.130905,,,,,,
18757,99.057411,,,,,,
18758,98.835251,,,,,,
18759,98.431541,,,,,,
18760,98.435242,,,,,,
18761,98.375374,,,,,,
18762,98.197601,,,,,,
18763,98.539276,,,,,,
18764,98.648224,,,,,,
18765,98.149063,,,,,,
18766,98.846954,,,,,,
18767,98.734398,,,,,,
18768,98.311127,,,,,,
18769,98.482719,,,,,,
18770,98.764908,,,,,,
18771,98.805771,,,,,,
18772,98.646286,,,,,,
18773,98.801575,,,,,,
18774,98.172844,,,,,,
18775,98.516449,,,,,,
18776,98.746132,,,,,,
18777,98.109055,,,,,,
18778,98.668091,,,,,,
18779,98.518173,,,,,,
18780,98.647552,,,,,,
18781,98.356155,,,,,,
18782,98.618477,,,,,,
18783,98.540955,,,,,,
18784,97.791779,,,,,,
18785,97.920433,,,,,,
18786,97.985840,,,,,,
18787,98.596306,,,,,,
18788,98.398460,,,,,,
18789,98.031631,,,,,,
18790,98.422966,,,,,,
18791,97.957413,,,,,,
18792,98.252510,,,,,,
18793,98.579636,,,,,,
18794,98.937904,,,,,,
18795,98.336662,,,,,,
18796,98.053131,,,,,,
18797,98.381332,,,,,,
18798,98.790245,,,,,,
18800,,78.090000,0.112341,,,,
18800,98.867973,,,,,,
18801,98.895546,,,,,,
18802,99.005135,,,,,,
18803,98.466972,,,,,,
18804,99.168152,,,,,,
18805,98.256172,,,,,,
18806,97.966408,,,,,,
18807,98.284210,,,,,,
18808,98.236153,,,,,,
18809,98.594559,,,,,,
18810,98.722855,,,,,,
18811,98.678108,,,,,,
18812,98.413422,,,,,,
18813,98.712120,,,,,,
18814,98.401382,,,,,,
18815,98.315247,,,,,,
18816,97.332375,,,,,,
18817,99.148956,,,,,,
18818,98.511726,,,,,,
18819,98.487099,,,,,,
18820,98.743103,,,,,,
18821,98.353203,,,,,,
18822,98.690491,,,,,,
18823,98.737625,,,,,,
18824,98.939697,,,,,,
18825,98.248993,,,,,,
18826,98.558189,,,,,,
18827,98.593956,,,,,,
18828,97.951942,,,,,,
18829,98.813637,,,,,,
18830,98.619514,,,,,,
18831,99.016640,,,,,,
18832,98.717758,,,,,,
18833,98.072021,,,,,,
18834,98.602509,,,,,,
18835,98.636108,,,,,,
18836,98.552292,,,,,,
18837,98.400230,,,,,,
18838,98.240211,,,,,,
18839,98.598831,,,,,,
18840,98.683777,,,,,,
18841,98.599426,,,,,,
18842,98.606575,,,,,,
18843,98.722122,,,,,,
18844,98.355812,,,,,,
18845,98.509651,,,,,,
18846,98.393768,,,,,,
18847,97.858139,,,,,,
18848,98.691376,,,,,,
18849,98.356316,,,,,,
18850,98.598267,,,,,,
18851,98.449783,,,,,,
18852,98.628487,,,,,,
18853,98.290504,,,,,,
18854,98.406158,,,,,,
18855,97.816010,,,,,,
18856,98.745163,,,,,,
18857,98.185402,,,,,,
18858,98.176628,,,,,,
18859,98.716270,,,,,,
18860,99.087410,,,,,,
18861,97.995689,,,,,,
18862,98.358345,,,,,,
18863,98.659424,,,,,,
18864,98.865471,,,,,,
18865,98.984695,,,,,,
18866,98.602570,,,,,,
18867,98.385994,,,,,,
18868,98.755753,,,,,,
18869,98.885025,,,,,,
18870,98.957413,,,,,,
18871,97.811752,,,,,,
18872,98.600212,,,,,,
18873,98.564087,,,,,,
18874,98.528259,,,,,,
18875,98.432053,,,,,,
18876,98.162651,,,,,,
18877,98.290375,,,,,,
18878,98.779793,,,,,,
18879,98.571770,,,,,,
18880,98.958626,,,,,,
18881,98.308266,,,,,,
18882,98.780571,,,,,,
18883,98.721115,,,,,,
18884,98.090195,,,,,,
18885,98.425613,,,,,,
18886,98.671371,,,,,,
18887,97.972282,,,,,,
18888,98.493698,,,,,,
18889,98.281471,,,,,,
18890,98.878571,,,,,,
18891,98.433258,,,,,,
18892,98.484901,,,,,,
18893,98.311058,,,,,,
18894,97.737968,,,,,,
18895,98.646820,,,,,,
18896,98.055733,,,,,,
18897,97.418320,,,,,,
18898,98.843781,,,,,,
18899,98.338768,,,,,,
18900,98.568100,,,,,,
18901,98.604851,,,,,,
18902,98.239326,,,,,,
18903,98.672958,,,,,,
18904,97.923241,,,,,,
18905,97.993210,,,,,,
18906,98.685974,,,,,,
18907,98.749565,,,,,,
18908,98.691750,,,,,,
18909,97.934967,,,,,,
18910,98.835960,,,,,,
18911,98.420250,,,,,,
18912,98.426407,,,,,,
18913,98.338562,,,,,,
18914,98.241005,,,,,,
18915,98.939056,,,,,,
18916,98.340790,,,,,,
18917,97.992706,,,,,,
18918,97.633987,,,,,,
18919,98.662834,,,,,,
18920,98.055908,,,,,,
18921,98.408249,,,,,,
18922,98.752716,,,,,,
18923,98.213135,,,,,,
18924,98.212112,,,,,,
18925,98.938423,,,,,,
18926,98.570564,,,,,,
18927,98.319138,,,,,,
18928,98.034950,,,,,,
18929,98.853294,,,,,,
18930,98.761047,,,,,,
18931,98.323662,,,,,,
18932,98.065170,,,,,,
18933,98.763687,,,,,,
18934,98.829407,,,,,,
18935,98.703140,,,,,,
18936,98.482689,,,,,,
18937,98.455795,,,,,,
18938,98.514702,,,,,,
18939,98.408661,,,,,,
18940,97.825638,,,,,,
18941,98.643379,,,,,,
18942,98.626984,,,,,,
18943,98.014870,,,,,,
18944,98.595596,,,,,,
18945,98.318398,,,,,,
18946,98.274551,,,,,,
18947,97.939987,,,,,,
18948,98.251930,,,,,,
18949,98.942024,,,,,,
18950,98.572769,,,,,,
18951,98.838921,,,,,,
18952,98.380020,,,,,,
18953,98.513092,,,,,,
18954,98.073418,,,,,,
18955,98.867767,,,,,,
18956,97.278702,,,,,,
18957,98.989708,,,,,,
18958,98.763107,,,,,,
18959,99.123215,,,,,,
18960,98.708496,,,,,,
18961,98.184235,,,,,,
18962,98.274864,,,,,,
18963,98.899162,,,,,,
18964,98.891640,,,,,,
18965,98.440613,,,,,,
18966,98.199326,,,,,,
18967,98.479774,,,,,,
18968,98.672760,,,,,,
18969,97.851936,,,,,,
18970,98.375664,,,,,,
18971,98.519608,,,,,,
18972,98.408577,,,,,,
18973,98.331856,,,,,,
18974,98.518730,,,,,,
18975,97.713860,,,,,,
18976,98.500061,,,,,,
18977,98.345497,,,,,,
18978,98.743370,,,,,,
18979,98.594475,,,,,,
18980,98.630951,,,,,,
18981,98.125671,,,,,,
18982,98.536568,,,,,,
18983,98.644859,,,,,,
18984,98.577858,,,,,,
18985,98.224258,,,,,,
18986,97.910362,,,,,,
18987,98.492012,,,,,,
18988,98.695656,,,,,,
18989,98.846466,,,,,,
18990,98.241165,,,,,,
18991,98.758995,,,,,,
18992,98.699753,,,,,,
18993,98.342506,,,,,,
18994,97.648636,,,,,,
18995,98.026131,,,,,,
18996,98.396179,,,,,,
18997,98.821312,,,,,,
18998,98.760811,,,,,,
19000,,78.120000,0.119186,,,,
19000,98.099152,,,,,,
19001,98.442574,,,,,,
19002,98.181252,,,,,,
19003,98.349388,,,,,,
19004,98.399834,,,,,,
19005,98.708397,,,,,,
19006,98.922470,,,,,,
19007,99.003250,,,,,,
19008,98.644157,,,,,,
19009,98.771545,,,,,,
19010,98.608505,,,,,,
19011,98.334099,,,,,,
19012,98.833717,,,,,,
19013,97.670799,,,,,,
19014,98.906891,,,,,,
19015,97.900215,,,,,,
19016,98.671844,,,,,,
19017,98.459274,,,,,,
19018,98.709923,,,,,,
19019,98.624237,,,,,,
19020,98.271927,,,,,,
19021,98.590141,,,,,,
19022,98.309067,,,,,,
19023,98.919373,,,,,,
19024,98.621834,,,,,,
19025,98.664536,,,,,,
19026,98.344460,,,,,,
19027,98.761948,,,,,,
19028,98.457603,,,,,,
19029,98.621819,,,,,,
19030,98.374939,,,,,,
19031,98.782364,,,,,,
19032,99.093094,,,,,,
19033,98.656960,,,,,,
19034,98.575684,,,,,,
19035,98.161804,,,,,,
19036,98.842903,,,,,,
19037,98.304314,,,,,,
19038,98.409645,,,,,,
19039,98.453201,,,,,,
19040,97.827110,,,,,,
19041,98.182472,,,,,,
19042,98.659187,,,,,,
19043,98.902145,,,,,,
19044,97.990822,,,,,,
19045,98.772285,,,,,,
19046,98.076431,,,,,,
19047,98.017006,,,,,,
19048,98.321030,,,,,,
19049,98.354301,,,,,,
19050,98.317657,,,,,,
19051,98.452904,,,,,,
19052,98.492172,,,,,,
19053,98.764656,,,,,,
19054,98.555321,,,,,,
19055,98.342010,,,,,,
19056,98.386215,,,,,,
19057,98.576591,,,,,,
19058,98.787842,,,,,,
19059,98.024956,,,,,,
19060,98.392189,,,,,,
19061,98.650970,,,,,,
19062,98.452950,,,,,,
19063,98.962204,,,,,,
19064,98.808998,,,,,,
19065,97.544708,,,,,,
19066,98.577995,,,,,,
19067,97.975662,,,,,,
19068,98.595215,,,,,,
19069,98.598846,,,,,,
19070,98.101532,,,,,,
19071,98.493736,,,,,,
19072,98.760017,,,,,,
19073,98.434502,,,,,,
19074,98.958412,,,,,,
19075,98.488708,,,,,,
19076,98.769310,,,,,,
19077,98.321182,,,,,,
19078,98.353767,,,,,,
19079,98.435081,,,,,,
19080,98.189995,,,,,,
19081,98.668671,,,,,,
19082,98.609795,,,,,,
19083,98.150696,,,,,,
19084,98.851532,,,,,,
19085,98.875374,,,,,,
19086,98.953049,,,,,,
19087,98.585213,,,,,,
19088,98.398209,,,,,,
19089,98.140182,,,,,,
19090,98.442223,,,,,,
19091,98.301147,,,,,,
19092,97.953110,,,,,,
19093,98.533569,,,,,,
19094,98.196861,,,,,,
19095,98.575096,,,,,,
19096,98.041656,,,,,,
19097,98.171211,,,,,,
19098,98.694748,,,,,,
19099,98.295341,,,,,,
19100,98.303040,,,,,,
19101,98.872162,,,,,,
19102,98.088486,,,,,,
19103,97.960846,,,,,,
19104,98.605904,,,,,,
19105,98.115425,,,,,,
19106,98.483459,,,,,,
19107,98.273636,,,,,,
19108,98.794296,,,,,,
19109,98.417648,,,,,,
19110,98.488167,,,,,,
19111,98.884605,,,,,,
19112,98.690514,,,,,,
19113,98.830170,,,,,,
19114,98.389793,,,,,,
19115,98.956070,,,,,,
19116,98.427254,,,,,,
19117,97.698639,,,,,,
19118,98.548096,,,,,,
19119,98.179901,,,,,,
19120,98.523155,,,,,,
19121,98.368599,,,,,,
19122,98.692894,,,,,,
19123,98.362625,,,,,,
19124,98.830811,,,,,,
19125,98.702873,,,,,,
19126,98.590736,,,,,,
19127,98.240921,,,,,,
19128,98.200058,,,,,,
19129,98.971779,,,,,,
19130,98.811417,,,,,,
19131,98.091652,,,,,,
19132,98.956238,,,,,,
19133,98.310501,,,,,,
19134,98.908867,,,,,,
19135,98.225342,,,,,,
19136,98.865845,,,,,,
19137,98.156792,,,,,,
19138,98.539017,,,,,,
19139,98.529434,,,,,,
19140,98.941116,,,,,,
19141,97.642860,,,,,,
19142,98.247559,,,,,,
19143,98.597763,,,,,,
19144,98.241226,,,,,,
19145,98.231010,,,,,,
19146,98.636734,,,,,,
19147,98.316185,,,,,,
19148,98.319366,,,,,,
19149,98.625916,,,,,,
19150,98.438171,,,,,,
19151,98.745171,,,,,,
19152,98.562790,,,,,,
19153,98.737305,,,,,,
19154,98.719841,,,,,,
19155,98.393890,,,,,,
19156,98.444427,,,,,,
19157,98.140602,,,,,,
19158,98.346626,,,,,,
19159,98.836288,,,,,,
19160,99.117790,,,,,,
19161,98.544769,,,,,,
19162,98.787621,,,,,,
19163,98.771576,,,,,,
19164,98.732361,,,,,,
19165,98.459778,,,,,,
19166,98.238876,,,,,,
19167,98.853798,,,,,,
19168,98.483002,,,,,,
19169,98.560463,,,,,,
19170,98.238922,,,,,,
19171,98.583260,,,,,,
19172,98.722183,,,,,,
19173,98.514214,,,,,,
19174,98.301186,,,,,,
19175,97.664467,,,,,,
19176,98.907715,,,,,,
19177,98.394424,,,,,,
19178,98.217369,,,,,,
19179,98.465569,,,,,,
19180,98.857399,,,,,,
19181,98.771049,,,,,,
19182,98.718132,,,,,,
19183,98.951065,,,,,,
19184,98.729492,,,,,,
19185,98.867424,,,,,,
19186,98.983345,,,,,,
19187,98.843201,,,,,,
19188,98.635605,,,,,,
19189,98.256889,,,,,,
19190,98.021103,,,,,,
19191,98.394333,,,,,,
19192,98.195419,,,,,,
19193,98.521805,,,,,,
19194,98.385193,,,,,,
19195,98.148155,,,,,,
19196,98.535912,,,,,,
19197,98.816338,,,,,,
19198,98.625412,,,,,,
19200,,78.070000,0.116227,,,,
19200,98.714211,,,,,,
19201,98.243896,,,,,,
19202,98.568123,,,,,,
19203,98.476097,,,,,,
19204,98.302078,,,,,,
19205,97.927284,,,,,,
19206,98.192802,,,,,,
19207,98.818764,,,,,,
19208,98.552849,,,,,,
19209,98.844795,,,,,,
19210,98.763397,,,,,,
19211,97.802063,,,,,,
19212,97.969604,,,,,,
19213,98.064575,,,,,,
19214,97.951546,,,,,,
19215,98.441566,,,,,,
19216,98.165001,,,,,,
19217,97.905106,,,,,,
19218,98.906647,,,,,,
19219,98.619125,,,,,,
19220,97.847626,,,,,,
19221,98.323730,,,,,,
19222,98.402420,,,,,,
19223,98.085205,,,,,,
19224,97.948196,,,,,,
19225,98.644211,,,,,,
19226,98.260635,,,,,,
19227,98.411652,,,,,,
19228,99.140358,,,,,,
19229,98.793350,,,,,,
19230,98.226463,,,,,,
19231,98.601555,,,,,,
19232,98.607697,,,,,,
19233,98.455589,,,,,,
19234,97.997040,,,,,,
19235,98.568993,,,,,,
19236,98.427521,,,,,,
19237,98.715134,,,,,,
19238,97.998680,,,,,,
19239,98.006836,,,,,,
19240,98.488075,,,,,,
19241,98.599670,,,,,,
19242,98.582664,,,,,,
19243,98.762779,,,,,,
19244,98.281387,,,,,,
19245,99.009201,,,,,,
19246,98.513191,,,,,,
19247,98.206856,,,,,,
19248,98.138748,,,,,,
19249,98.670952,,,,,,
19250,98.722839,,,,,,
19251,98.616570,,,,,,
19252,98.778961,,,,,,
19253,98.993904,,,,,,
19254,98.559410,,,,,,
19255,98.735016,,,,,,
19256,98.006355,,,,,,
19257,98.630867,,,,,,
19258,98.622871,,,,,,
19259,98.358238,,,,,,
19260,98.113800,,,,,,
19261,98.233009,,,,,,
19262,98.770775,,,,,,
19263,98.557831,,,,,,
19264,98.744209,,,,,,
19265,98.787849,,,,,,
19266,98.373833,,,,,,
19267,98.272285,,,,,,
19268,98.468048,,,,,,
19269,97.863533,,,,,,
19270,98.577957,,,,,,
19271,98.122910,,,,,,
19272,98.786346,,,,,,
19273,98.596207,,,,,,
19274,98.808517,,,,,,
19275,98.489273,,,,,,
19276,98.194252,,,,,,
19277,98.391609,,,,,,
19278,98.893623,,,,,,
19279,98.856194,,,,,,
19280,97.339928,,,,,,
19281,98.148483,,,,,,
19282,98.687691,,,,,,
19283,98.022156,,,,,,
19284,98.313911,,,,,,
19285,98.157654,,,,,,
19286,98.031044,,,,,,
19287,98.975800,,,,,,
19288,98.648369,,,,,,
19289,98.947296,,,,,,
19290,98.556656,,,,,,
19291,98.506256,,,,,,
19292,98.791252,,,,,,
19293,98.518402,,,,,,
19294,98.805908,,,,,,
19295,98.998367,,,,,,
19296,98.708916,,,,,,
19297,98.073311,,,,,,
19298,98.905304,,,,,,
19299,98.230446,,,,,,
19300,98.453575,,,,,,
19301,98.385872,,,,,,
19302,98.818718,,,,,,
19303,98.427383,,,,,,
19304,98.553970,,,,,,
19305,98.251099,,,,,,
19306,98.642967,,,,,,
19307,98.829834,,,,,,
19308,98.118240,,,,,,
19309,97.298424,,,,,,
19310,97.906738,,,,,,
19311,98.672897,,,,,,
19312,98.703033,,,,,,
19313,97.780670,,,,,,
19314,98.405319,,,,,,
19315,98.501625,,,,,,
19316,98.362221,,,,,,
19317,98.699188,,,,,,
19318,98.734879,,,,,,
19319,98.734810,,,,,,
19320,97.422325,,,,,,
19321,98.349350,,,,,,
19322,98.490982,,,,,,
19323,97.995377,,,,,,
19324,98.816551,,,,,,
19325,98.734589,,,,,,
19326,98.906197,,,,,,
19327,98.587906,,,,,,
19328,98.633270,,,,,,
19329,98.631638,,,,,,
19330,98.959618,,,,,,
19331,98.306526,,,,,,
19332,98.398270,,,,,,
19333,98.587219,,,,,,
19334,98.799103,,,,,,
19335,97.960716,,,,,,
19336,98.181931,,,,,,
19337,98.035667,,,,,,
19338,98.544899,,,,,,
19339,98.505959,,,,,,
19340,98.720818,,,,,,
19341,98.439156,,,,,,
19342,98.311050,,,,,,
19343,98.955376,,,,,,
19344,98.891983,,,,,,
19345,98.719543,,,,,,
19346,98.217003,,,,,,
19347,98.520981,,,,,,
19348,98.864655,,,,,,
19349,98.782387,,,,,,
19350,98.905502,,,,,,
19351,99.084198,,,,,,
19352,98.548470,,,,,,
19353,98.810356,,,,,,
19354,98.847221,,,,,,
19355,98.246010,,,,,,
19356,98.547012,,,,,,
19357,98.969467,,,,,,
19358,98.480339,,,,,,
19359,98.440193,,,,,,
19360,98.789200,,,,,,
19361,98.058250,,,,,,
19362,98.670494,,,,,,
19363,97.840271,,,,,,
19364,98.563232,,,,,,
19365,98.474892,,,,,,
19366,98.714928,,,,,,
19367,98.688461,,,,,,
19368,98.351280,,,,,,
19369,98.078636,,,,,,
19370,98.383347,,,,,,
19371,98.554443,,,,,,
19372,98.094368,,,,,,
19373,98.336380,,,,,,
19374,98.299866,,,,,,
19375,98.528854,,,,,,
19376,98.512177,,,,,,
19377,98.418129,,,,,,
19378,98.357033,,,,,,
19379,98.084778,,,,,,
19380,98.659721,,,,,,
19381,98.620529,,,,,,
19382,98.526657,,,,,,
19383,98.204231,,,,,,
19384,98.178001,,,,,,
19385,97.671333,,,,,,
19386,98.884415,,,,,,
19387,98.324417,,,,,,
19388,98.193398,,,,,,
19389,98.855324,,,,,,
19390,98.711235,,,,,,
19391,98.308594,,,,,,
19392,98.337059,,,,,,
19393,98.009140,,,,,,
19394,98.660278,,,,,,
19395,98.623901,,,,,,
19396,98.683815,,,,,,
19397,98.551743,,,,,,
19398,98.773254,,,,,,
19400,,78.090000,0.113625,,,,
19400,97.894089,,,,,,
19401,98.646805,,,,,,
19402,98.794945,,,,,,
19403,96.957191,,,,,,
19404,97.867332,,,,,,
19405,98.923508,,,,,,
19406,98.270638,,,,,,
19407,98.739021,,,,,,
19408,98.616158,,,,,,
19409,98.470863,,,,,,
19410,98.558578,,,,,,
19411,98.728310,,,,,,
19412,98.650177,,,,,,
19413,98.284149,,,,,,
19414,98.519310,,,,,,
19415,98.648468,,,,,,
19416,97.633865,,,,,,
19417,98.281029,,,,,,
19418,98.803429,,,,,,
19419,98.380707,,,,,,
19420,98.659866,,,,,,
19421,98.480980,,,,,,
19422,98.075615,,,,,,
19423,98.405746,,,,,,
19424,98.680092,,,,,,
19425,98.838264,,,,,,
19426,98.775681,,,,,,
19427,97.609825,,,,,,
19428,98.466873,,,,,,
19429,98.806290,,,,,,
19430,98.337494,,,,,,
19431,98.877846,,,,,,
19432,98.164383,,,,,,
19433,98.512314,,,,,,
19434,98.289848,,,,,,
19435,98.364891,,,,,,
19436,98.357933,,,,,,
19437,98.564682,,,,,,
19438,98.370766,,,,,,
19439,98.734116,,,,,,
19440,99.075264,,,,,,
19441,98.503189,,,,,,
19442,99.288162,,,,,,
19443,98.211876,,,,,,
19444,98.439598,,,,,,
19445,98.847397,,,,,,
19446,98.360130,,,,,,
19447,98.775299,,,,,,
19448,98.779518,,,,,,
19449,98.766937,,,,,,
19450,98.631546,,,,,,
19451,98.766296,,,,,,
19452,98.727821,,,,,,
19453,98.669800,,,,,,
19454,98.406464,,,,,,
19455,98.417671,,,,,,
19456,98.207832,,,,,,
19457,98.381584,,,,,,
19458,98.721466,,,,,,
19459,98.219032,,,,,,
19460,98.533440,,,,,,
19461,98.248123,,,,,,
19462,98.458939,,,,,,
19463,98.716202,,,,,,
19464,98.050232,,,,,,
19465,98.882805,,,,,,
19466,98.974983,,,,,,
19467,97.679596,,,,,,
19468,98.663429,,,,,,
19469,98.580025,,,,,,
19470,98.597527,,,,,,
19471,98.760414,,,,,,
19472,98.489143,,,,,,
19473,98.117226,,,,,,
19474,98.068306,,,,,,
19475,98.613045,,,,,,
19476,97.262909,,,,,,
19477,98.634369,,,,,,
19478,98.558716,,,,,,
19479,98.932549,,,,,,
19480,98.853577,,,,,,
19481,98.442841,,,,,,
19482,98.093391,,,,,,
19483,97.640388,,,,,,
19484,98.195457,,,,,,
19485,98.901596,,,,,,
19486,98.489235,,,,,,
19487,98.713310,,,,,,
19488,98.827583,,,,,,
19489,98.277374,,,,,,
19490,98.827461,,,,,,
19491,98.671036,,,,,,
19492,98.202393,,,,,,
19493,98.448914,,,,,,
19494,98.751060,,,,,,
19495,98.302673,,,,,,
19496,98.171242,,,,,,
19497,98.808540,,,,,,
19498,98.257027,,,,,,
19499,98.229889,,,,,,
19500,98.984894,,,,,,
19501,98.808533,,,,,,
19502,98.981178,,,,,,
19503,98.277832,,,,,,
19504,98.897026,,,,,,
19505,98.600647,,,,,,
19506,98.407692,,,,,,
19507,98.225777,,,,,,
19508,98.311447,,,,,,
19509,98.847916,,,,,,
19510,98.889557,,,,,,
19511,98.493256,,,,,,
19512,98.414001,,,,,,
19513,98.352989,,,,,,
19514,98.732231,,,,,,
19515,98.658363,,,,,,
19516,98.189972,,,,,,
19517,98.518440,,,,,,
19518,98.211128,,,,,,
19519,98.621422,,,,,,
19520,98.318710,,,,,,
19521,98.252113,,,,,,
19522,98.206932,,,,,,
19523,98.294266,,,,,,
19524,97.608849,,,,,,
19525,98.064438,,,,,,
19526,98.580948,,,,,,
19527,98.162392,,,,,,
19528,98.645256,,,,,,
19529,98.800034,,,,,,
19530,98.328011,,,,,,
19531,98.113335,,,,,,
19532,98.565407,,,,,,
19533,98.037613,,,,,,
19534,98.642670,,,,,,
19535,98.315727,,,,,,
19536,98.799446,,,,,,
19537,98.812347,,,,,,
19538,98.279579,,,,,,
19539,99.063171,,,,,,
19540,98.518211,,,,,,
19541,97.978249,,,,,,
19542,98.458824,,,,,,
19543,98.812401,,,,,,
19544,98.394547,,,,,,
19545,98.606987,,,,,,
19546,98.461540,,,,,,
19547,98.125046,,,,,,
19548,98.834373,,,,,,
19549,98.489761,,,,,,
19550,97.957993,,,,,,
19551,98.832916,,,,,,
19552,98.772034,,,,,,
19553,98.425659,,,,,,
19554,98.540901,,,,,,
19555,98.290474,,,,,,
19556,97.743874,,,,,,
19557,98.368019,,,,,,
19558,98.613525,,,,,,
19559,98.644478,,,,,,
19560,98.286514,,,,,,
19561,98.163376,,,,,,
19562,98.836891,,,,,,
19563,98.373451,,,,,,
19564,98.906540,,,,,,
19565,98.896477,,,,,,
19566,98.469307,,,,,,
19567,98.596191,,,,,,
19568,98.021973,,,,,,
19569,98.901566,,,,,,
19570,98.465576,,,,,,
19571,98.552551,,,,,,
19572,98.019875,,,,,,
19573,98.641777,,,,,,
19574,98.426041,,,,,,
19575,98.616791,,,,,,
19576,98.955956,,,,,,
19577,98.490578,,,,,,
19578,98.801514,,,,,,
19579,98.173790,,,,,,
19580,98.768654,,,,,,
19581,98.254318,,,,,,
19582,99.074966,,,,,,
19583,98.343529,,,,,,
19584,98.830841,,,,,,
19585,98.259911,,,,,,
19586,98.601570,,,,,,
19587,98.333595,,,,,,
19588,98.608963,,,,,,
19589,98.326591,,,,,,
19590,98.729294,,,,,,
19591,99.069847,,,,,,
19592,98.561615,,,,,,
19593,98.111443,,,,,,
19594,98.183792,,,,,,
19595,98.409012,,,,,,
19596,98.419174,,,,,,
19597,98.608261,,,,,,
19598,98.554230,,,,,,
19600,,78.160000,0.112851,,,,
19600,97.513733,,,,,,
19601,98.560089,,,,,,
19602,99.015579,,,,,,
19603,98.690147,,,,,,
19604,99.026482,,,,,,
19605,97.194229,,,,,,
19606,98.540970,,,,,,
19607,98.683350,,,,,,
19608,98.278923,,,,,,
19609,98.231461,,,,,,
19610,97.511429,,,,,,
19611,98.298332,,,,,,
19612,99.034531,,,,,,
19613,97.843216,,,,,,
19614,98.432747,,,,,,
19615,98.841286,,,,,,
19616,98.826614,,,,,,
19617,98.174400,,,,,,
19618,99.206917,,,,,,
19619,98.239403,,,,,,
19620,99.044266,,,,,,
19621,98.845848,,,,,,
19622,98.581329,,,,,,
19623,98.617905,,,,,,
19624,98.721878,,,,,,
19625,98.518547,,,,,,
19626,98.335304,,,,,,
19627,98.769188,,,,,,
19628,98.254211,,,,,,
19629,98.381836,,,,,,
19630,98.710663,,,,,,
19631,98.628555,,,,,,
19632,98.619621,,,,,,
19633,98.755287,,,,,,
19634,98.167694,,,,,,
19635,98.799301,,,,,,
19636,98.620491,,,,,,
19637,98.189171,,,,,,
19638,98.677269,,,,,,
19639,98.526596,,,,,,
19640,98.794846,,,,,,
19641,98.521111,,,,,,
19642,98.192734,,,,,,
19643,98.023293,,,,,,
19644,98.530670,,,,,,
19645,98.454163,,,,,,
19646,98.713051,,,,,,
19647,98.040375,,,,,,
19648,97.866852,,,,,,
19649,98.860611,,,,,,
19650,98.522560,,,,,,
19651,98.608948,,,,,,
19652,98.637955,,,,,,
19653,98.492027,,,,,,
19654,98.491745,,,,,,
19655,98.509674,,,,,,
19656,98.322876,,,,,,
19657,98.722328,,,,,,
19658,98.654594,,,,,,
19659,98.803329,,,,,,
19660,98.401390,,,,,,
19661,98.569855,,,,,,
19662,98.464035,,,,,,
19663,98.170845,,,,,,
19664,98.359390,,,,,,
19665,98.405037,,,,,,
19666,98.839645,,,,,,
19667,98.531914,,,,,,
19668,98.259102,,,,,,
19669,98.668640,,,,,,
19670,98.161041,,,,,,
19671,98.892159,,,,,,
19672,98.089378,,,,,,
19673,98.815491,,,,,,
19674,98.699867,,,,,,
19675,98.422356,,,,,,
19676,98.432068,,,,,,
19677,96.968605,,,,,,
19678,98.228691,,,,,,
19679,98.433327,,,,,,
19680,98.043938,,,,,,
19681,98.085083,,,,,,
19682,97.919182,,,,,,
19683,98.826195,,,,,,
19684,98.356232,,,,,,
19685,98.686203,,,,,,
19686,97.588356,,,,,,
19687,98.454254,,,,,,
19688,97.968491,,,,,,
19689,98.753922,,,,,,
19690,98.509544,,,,,,
19691,98.770256,,,,,,
19692,98.548218,,,,,,
19693,98.559570,,,,,,
19694,98.402016,,,,,,
19695,98.474884,,,,,,
19696,99.003273,,,,,,
19697,99.039337,,,,,,
19698,98.631325,,,,,,
19699,98.087555,,,,,,
19700,98.652580,,,,,,
19701,98.809013,,,,,,
19702,98.705635,,,,,,
19703,98.799667,,,,,,
19704,98.792786,,,,,,
19705,98.613335,,,,,,
19706,98.495323,,,,,,
19707,98.538490,,,,,,
19708,98.838066,,,,,,
19709,98.693047,,,,,,
19710,98.350243,,,,,,
19711,98.911201,,,,,,
19712,98.514008,,,,,,
19713,98.582932,,,,,,
19714,98.612953,,,,,,
19715,98.827324,,,,,,
19716,98.815811,,,,,,
19717,97.895226,,,,,,
19718,98.547035,,,,,,
19719,98.563789,,,,,,
19720,98.182693,,,,,,
19721,98.647560,,,,,,
19722,98.218529,,,,,,
19723,98.880302,,,,,,
19724,98.517319,,,,,,
19725,98.250557,,,,,,
19726,98.870934,,,,,,
19727,98.795876,,,,,,
19728,98.488121,,,,,,
19729,98.563820,,,,,,
19730,98.808556,,,,,,
19731,98.506721,,,,,,
19732,98.280945,,,,,,
19733,97.836967,,,,,,
19734,98.326401,,,,,,
19735,98.255493,,,,,,
19736,98.519333,,,,,,
19737,98.516563,,,,,,
19738,98.573753,,,,,,
19739,99.003136,,,,,,
19740,98.072006,,,,,,
19741,98.654182,,,,,,
19742,98.079155,,,,,,
19743,98.348640,,,,,,
19744,98.072701,,,,,,
19745,98.500099,,,,,,
19746,98.201790,,,,,,
19747,99.045074,,,,,,
19748,98.823997,,,,,,
19749,97.924911,,,,,,
19750,98.412323,,,,,,
19751,98.171715,,,,,,
19752,98.444679,,,,,,
19753,98.859047,,,,,,
19754,98.554626,,,,,,
19755,98.118279,,,,,,
19756,98.209694,,,,,,
19757,98.542206,,,,,,
19758,98.997917,,,,,,
19759,98.639435,,,,,,
19760,98.361679,,,,,,
19761,98.776947,,,,,,
19762,98.470512,,,,,,
19763,98.757500,,,,,,
19764,98.952179,,,,,,
19765,98.373100,,,,,,
19766,98.853088,,,,,,
19767,98.786865,,,,,,
19768,97.886543,,,,,,
19769,97.142860,,,,,,
19770,98.930252,,,,,,
19771,98.434006,,,,,,
19772,98.529678,,,,,,
19773,98.387802,,,,,,
19774,98.403862,,,,,,
19775,98.700706,,,,,,
19776,97.602951,,,,,,
19777,98.816437,,,,,,
19778,98.076241,,,,,,
19779,98.820740,,,,,,
19780,98.396858,,,,,,
19781,98.162018,,,,,,
19782,98.063728,,,,,,
19783,97.837730,,,,,,
19784,98.919075,,,,,,
19785,99.084183,,,,,,
19786,98.245506,,,,,,
19787,98.746208,,,,,,
19788,98.986450,,,,,,
19789,98.604408,,,,,,
19790,98.601830,,,,,,
19791,98.442726,,,,,,
19792,98.832870,,,,,,
19793,98.281822,,,,,,
19794,98.105698,,,,,,
19795,97.928024,,,,,,
19796,98.497765,,,,,,
19797,98.160980,,,,,,
19798,98.840408,,,,,,
19800,,78.210000,0.114828,,,,
19800,98.768585,,,,,,
19801,98.382088,,,,,,
19802,98.444908,,,,,,
19803,98.439018,,,,,,
19804,98.938560,,,,,,
19805,98.735252,,,,,,
19806,98.124237,,,,,,
19807,98.318703,,,,,,
19808,98.767197,,,,,,
19809,98.479691,,,,,,
19810,98.969826,,,,,,
19811,97.494942,,,,,,
19812,98.309662,,,,,,
19813,98.647133,,,,,,
19814,98.633263,,,,,,
19815,98.065254,,,,,,
19816,98.446800,,,,,,
19817,98.145889,,,,,,
19818,98.906258,,,,,,
19819,98.929405,,,,,,
19820,97.952774,,,,,,
19821,98.677605,,,,,,
19822,98.879982,,,,,,
19823,98.137238,,,,,,
19824,98.873306,,,,,,
19825,98.650688,,,,,,
19826,98.749229,,,,,,
19827,98.720863,,,,,,
19828,98.764687,,,,,,
19829,98.153397,,,,,,
19830,98.872810,,,,,,
19831,98.189415,,,,,,
19832,98.705498,,,,,,
19833,98.498146,,,,,,
19834,97.947922,,,,,,
19835,98.916466,,,,,,
19836,98.825127,,,,,,
19837,98.661118,,,,,,
19838,97.565102,,,,,,
19839,98.471275,,,,,,
19840,98.808342,,,,,,
19841,98.385406,,,,,,
19842,99.064209,,,,,,
19843,98.280273,,,,,,
19844,98.389709,,,,,,
19845,98.539467,,,,,,
19846,98.398170,,,,,,
19847,99.014778,,,,,,
19848,98.123489,,,,,,
19849,98.436867,,,,,,
19850,98.790138,,,,,,
19851,98.717590,,,,,,
19852,98.785660,,,,,,
19853,98.970917,,,,,,
19854,97.653946,,,,,,
19855,98.514969,,,,,,
19856,98.136826,,,,,,
19857,98.659554,,,,,,
19858,98.057533,,,,,,
19859,98.396980,,,,,,
19860,98.173332,,,,,,
19861,98.955048,,,,,,
19862,98.287750,,,,,,
19863,98.422180,,,,,,
19864,98.952637,,,,,,
19865,98.109062,,,,,,
19866,97.463570,,,,,,
19867,98.634720,,,,,,
19868,98.646172,,,,,,
19869,98.957680,,,,,,
19870,98.184044,,,,,,
19871,98.244934,,,,,,
19872,98.191216,,,,,,
19873,98.657738,,,,,,
19874,98.742744,,,,,,
19875,98.176758,,,,,,
19876,98.694664,,,,,,
19877,98.168823,,,,,,
19878,99.049057,,,,,,
19879,98.486038,,,,,,
19880,98.591820,,,,,,
19881,97.876526,,,,,,
19882,99.025894,,,,,,
19883,98.735603,,,,,,
19884,98.854607,,,,,,
19885,97.896523,,,,,,
19886,98.411591,,,,,,
19887,98.676018,,,,,,
19888,98.184135,,,,,,
19889,98.051598,,,,,,
19890,98.727440,,,,,,
19891,98.941605,,,,,,
19892,98.545715,,,,,,
19893,98.570427,,,,,,
19894,98.222450,,,,,,
19895,98.069611,,,,,,
19896,98.741058,,,,,,
19897,98.715187,,,,,,
19898,98.300034,,,,,,
19899,98.470428,,,,,,
19900,98.496262,,,,,,
19901,98.541481,,,,,,
19902,98.675476,,,,,,
19903,98.820107,,,,,,
19904,98.916130,,,,,,
19905,98.260117,,,,,,
19906,98.181526,,,,,,
19907,98.474510,,,,,,
19908,98.914452,,,,,,
19909,98.496284,,,,,,
19910,98.684959,,,,,,
19911,98.332680,,,,,,
19912,98.163544,,,,,,
19913,98.728065,,,,,,
19914,98.803047,,,,,,
19915,98.509491,,,,,,
19916,98.163383,,,,,,
19917,98.129463,,,,,,
19918,98.529663,,,,,,
19919,98.608139,,,,,,
19920,99.110672,,,,,,
19921,98.483284,,,,,,
19922,98.751587,,,,,,
19923,98.276131,,,,,,
19924,98.533424,,,,,,
19925,98.196220,,,,,,
19926,97.888123,,,,,,
19927,98.122726,,,,,,
19928,98.484756,,,,,,
19929,98.763313,,,,,,
19930,98.508392,,,,,,
19931,98.610352,,,,,,
19932,98.868057,,,,,,
19933,98.682877,,,,,,
19934,98.418655,,,,,,
19935,98.553116,,,,,,
19936,98.893997,,,,,,
19937,96.655670,,,,,,
19938,98.636833,,,,,,
19939,98.829422,,,,,,
19940,98.303635,,,,,,
19941,98.364738,,,,,,
19942,98.756508,,,,,,
19943,98.741776,,,,,,
19944,98.761703,,,,,,
19945,98.814217,,,,,,
19946,98.439728,,,,,,
19947,98.790405,,,,,,
19948,98.350044,,,,,,
19949,98.488403,,,,,,
19950,98.885994,,,,,,
19951,98.211105,,,,,,
19952,98.359207,,,,,,
19953,98.654884,,,,,,
19954,97.992844,,,,,,
19955,98.642029,,,,,,
19956,98.482422,,,,,,
19957,98.177719,,,,,,
19958,98.357498,,,,,,
19959,99.105652,,,,,,
19960,98.223389,,,,,,
19961,98.675957,,,,,,
19962,98.643600,,,,,,
19963,98.393112,,,,,,
19964,98.167198,,,,,,
19965,98.681686,,,,,,
19966,98.570343,,,,,,
19967,98.563110,,,,,,
19968,98.478088,,,,,,
19969,98.646873,,,,,,
19970,98.381706,,,,,,
19971,98.510094,,,,,,
19972,98.175461,,,,,,
19973,98.699814,,,,,,
19974,98.069366,,,,,,
19975,98.546898,,,,,,
19976,98.459381,,,,,,
19977,98.426842,,,,,,
19978,98.577171,,,,,,
19979,98.368408,,,,,,
19980,98.861191,,,,,,
19981,98.564064,,,,,,
19982,98.477699,,,,,,
19983,98.636726,,,,,,
19984,98.416412,,,,,,
19985,98.416534,,,,,,
19986,98.903656,,,,,,
19987,98.216492,,,,,,
19988,98.522560,,,,,,
19989,98.493874,,,,,,
19990,98.450394,,,,,,
19991,98.424530,,,,,,
19992,98.885674,,,,,,
19993,98.853058,,,,,,
19994,98.125221,,,,,,
19995,98.159683,,,,,,
19996,98.044624,,,,,,
19997,98.203354,,,,,,
19998,98.857208,,,,,,
20000,,78.070000,0.112404,,,,
20000,98.393501,,,,,,
20001,98.918098,,,,,,
20002,99.010696,,,,,,
20003,98.477524,,,,,,
20004,98.763275,,,,,,
20005,98.228210,,,,,,
20006,98.672089,,,,,,
20007,98.330208,,,,,,
20008,98.821007,,,,,,
20009,98.046829,,,,,,
20010,98.583130,,,,,,
20011,98.518127,,,,,,
20012,98.570343,,,,,,
20013,98.811356,,,,,,
20014,98.807846,,,,,,
20015,97.983795,,,,,,
20016,98.556541,,,,,,
20017,97.940140,,,,,,
20018,98.848625,,,,,,
20019,98.287308,,,,,,
20020,98.857414,,,,,,
20021,98.546555,,,,,,
20022,97.852043,,,,,,
20023,98.683754,,,,,,
20024,98.887108,,,,,,
20025,98.511696,,,,,,
20026,98.695618,,,,,,
20027,98.558334,,,,,,
20028,98.596619,,,,,,
20029,98.666389,,,,,,
20030,99.084953,,,,,,
20031,98.635712,,,,,,
20032,99.001778,,,,,,
20033,98.708344,,,,,,
20034,98.551460,,,,,,
20035,98.435661,,,,,,
20036,98.201103,,,,,,
20037,98.520546,,,,,,
20038,98.616951,,,,,,
20039,98.624794,,,,,,
20040,97.216187,,,,,,
20041,98.151833,,,,,,
20042,98.486847,,,,,,
20043,98.647652,,,,,,
20044,98.111816,,,,,,
20045,98.345184,,,,,,
20046,98.261536,,,,,,
20047,98.760643,,,,,,
20048,98.799408,,,,,,
20049,98.391113,,,,,,
20050,98.733696,,,,,,
20051,97.987724,,,,,,
20052,99.019966,,,,,,
20053,98.696472,,,,,,
20054,98.954849,,,,,,
20055,98.312225,,,,,,
20056,98.764938,,,,,,
20057,98.506927,,,,,,
20058,98.615646,,,,,,
20059,98.708778,,,,,,
20060,98.775642,,,,,,
20061,98.245316,,,,,,
20062,98.528252,,,,,,
20063,98.082207,,,,,,
20064,98.920174,,,,,,
20065,97.962746,,,,,,
20066,98.237061,,,,,,
20067,98.456100,,,,,,
20068,98.250237,,,,,,
20069,99.012711,,,,,,
20070,99.051949,,,,,,
20071,98.130188,,,,,,
20072,98.383881,,,,,,
20073,98.341995,,,,,,
20074,98.810074,,,,,,
20075,98.319656,,,,,,
20076,98.396057,,,,,,
20077,98.664963,,,,,,
20078,97.929382,,,,,,
20079,98.909653,,,,,,
20080,98.630272,,,,,,
20081,98.887123,,,,,,
20082,98.815720,,,,,,
20083,98.282028,,,,,,
20084,98.100151,,,,,,
20085,97.960098,,,,,,
20086,98.199379,,,,,,
20087,98.560020,,,,,,
20088,98.479889,,,,,,
20089,98.532440,,,,,,
20090,98.604851,,,,,,
20091,98.579681,,,,,,
20092,98.830482,,,,,,
20093,98.392448,,,,,,
20094,98.894043,,,,,,
20095,97.663658,,,,,,
20096,98.674477,,,,,,
20097,98.796608,,,,,,
20098,98.224152,,,,,,
20099,98.496887,,,,,,
20100,98.890099,,,,,,
20101,98.930946,,,,,,
20102,97.975822,,,,,,
20103,98.910294,,,,,,
20104,98.311188,,,,,,
20105,98.763435,,,,,,
20106,98.823685,,,,,,
20107,98.848595,,,,,,
20108,98.392982,,,,,,
20109,97.722160,,,,,,
20110,98.230270,,,,,,
20111,98.419792,,,,,,
20112,98.397705,,,,,,
20113,98.643761,,,,,,
20114,98.451691,,,,,,
20115,98.538010,,,,,,
20116,98.552208,,,,,,
20117,98.462273,,,,,,
20118,98.335091,,,,,,
20119,98.668678,,,,,,
20120,98.466476,,,,,,
20121,98.563232,,,,,,
20122,98.497467,,,,,,
20123,98.309364,,,,,,
20124,98.099968,,,,,,
20125,98.715057,,,,,,
20126,98.191650,,,,,,
20127,98.684311,,,,,,
20128,98.142609,,,,,,
20129,98.327919,,,,,,
20130,98.802887,,,,,,
20131,98.775146,,,,,,
20132,98.507660,,,,,,
20133,98.173264,,,,,,
20134,98.447227,,,,,,
20135,99.032127,,,,,,
20136,97.352348,,,,,,
20137,98.372322,,,,,,
20138,98.295410,,,,,,
20139,98.852142,,,,,,
20140,98.989143,,,,,,
20141,98.494019,,,,,,
20142,99.038750,,,,,,
20143,98.174187,,,,,,
20144,98.465202,,,,,,
20145,97.758781,,,,,,
20146,98.488976,,,,,,
20147,98.326286,,,,,,
20148,98.460907,,,,,,
20149,98.705223,,,,,,
20150,98.733742,,,,,,
20151,97.655907,,,,,,
20152,98.850548,,,,,,
20153,98.583397,,,,,,
20154,98.605530,,,,,,
20155,98.665733,,,,,,
20156,97.967896,,,,,,
20157,98.528030,,,,,,
20158,98.298897,,,,,,
20159,98.876511,,,,,,
20160,98.607529,,,,,,
20161,98.568840,,,,,,
20162,98.415825,,,,,,
20163,97.874481,,,,,,
20164,98.711044,,,,,,
20165,98.542297,,,,,,
20166,98.180786,,,,,,
20167,99.045326,,,,,,
20168,98.938744,,,,,,
20169,97.519287,,,,,,
20170,98.126289,,,,,,
20171,98.315262,,,,,,
20172,98.506859,,,,,,
20173,98.261154,,,,,,
20174,98.644547,,,,,,
20175,98.619759,,,,,,
20176,98.673042,,,,,,
20177,97.988785,,,,,,
20178,98.172440,,,,,,
20179,98.160751,,,,,,
20180,98.686234,,,,,,
20181,98.040787,,,,,,
20182,98.146164,,,,,,
20183,98.241539,,,,,,
20184,98.630211,,,,,,
20185,99.144585,,,,,,
20186,98.122421,,,,,,
20187,98.077156,,,,,,
20188,98.835442,,,,,,
20189,98.403969,,,,,,
20190,98.183662,,,,,,
20191,97.896965,,,,,,
20192,98.643120,,,,,,
20193,98.570091,,,,,,
20194,98.610268,,,,,,
20195,98.209358,,,,,,
20196,98.324173,,,,,,
20197,98.669098,,,,,,
20198,98.597527,,,,,,
20200,,78.150000,0.115078,,,,
20200,98.543022,,,,,,
20201,98.878067,,,,,,
20202,98.322052,,,,,,
20203,98.524727,,,,,,
20204,98.463501,,,,,,
20205,98.445694,,,,,,
20206,98.937141,,,,,,
20207,98.921814,,,,,,
20208,98.698242,,,,,,
20209,98.517693,,,,,,
20210,98.531166,,,,,,
20211,98.804642,,,,,,
20212,98.384735,,,,,,
20213,98.586555,,,,,,
20214,98.502922,,,,,,
20215,98.876053,,,,,,
20216,97.794296,,,,,,
20217,98.853729,,,,,,
20218,98.814934,,,,,,
20219,98.514481,,,,,,
20220,98.604111,,,,,,
20221,98.455711,,,,,,
20222,98.764244,,,,,,
20223,98.790352,,,,,,
20224,98.098396,,,,,,
20225,98.464340,,,,,,
20226,97.944664,,,,,,
20227,98.264420,,,,,,
20228,98.665497,,,,,,
20229,99.117393,,,,,,
20230,98.344749,,,,,,
20231,98.496796,,,,,,
20232,98.839653,,,,,,
20233,98.226463,,,,,,
20234,98.367859,,,,,,
20235,98.279900,,,,,,
20236,98.588310,,,,,,
20237,98.803619,,,,,,
20238,98.164017,,,,,,
20239,98.032028,,,,,,
20240,98.768883,,,,,,
20241,98.785095,,,,,,
20242,98.966827,,,,,,
20243,98.517982,,,,,,
20244,98.356583,,,,,,
20245,98.682152,,,,,,
20246,98.064194,,,,,,
20247,98.513618,,,,,,
20248,98.742264,,,,,,
20249,98.498825,,,,,,
20250,98.520592,,,,,,
20251,98.490875,,,,,,
20252,98.599091,,,,,,
20253,98.413109,,,,,,
20254,98.824715,,,,,,
20255,98.455887,,,,,,
20256,98.556801,,,,,,
20257,98.951828,,,,,,
20258,98.542801,,,,,,
20259,97.954254,,,,,,
20260,98.619812,,,,,,
20261,98.074181,,,,,,
20262,98.257271,,,,,,
20263,98.609734,,,,,,
20264,98.848312,,,,,,
20265,97.997971,,,,,,
20266,98.816498,,,,,,
20267,98.340096,,,,,,
20268,98.494751,,,,,,
20269,98.689178,,,,,,
20270,98.487694,,,,,,
20271,98.706505,,,,,,
20272,98.580200,,,,,,
20273,98.527504,,,,,,
20274,98.838043,,,,,,
20275,98.839653,,,,,,
20276,97.890907,,,,,,
20277,98.236137,,,,,,
20278,98.825706,,,,,,
20279,98.119034,,,,,,
20280,98.640892,,,,,,
20281,98.081299,,,,,,
20282,98.587906,,,,,,
20283,98.940254,,,,,,
20284,98.460831,,,,,,
20285,98.180344,,,,,,
20286,98.571655,,,,,,
20287,98.677536,,,,,,
20288,98.210350,,,,,,
20289,98.901039,,,,,,
20290,98.581383,,,,,,
20291,98.848938,,,,,,
20292,98.437897,,,,,,
20293,98.289536,,,,,,
20294,98.576004,,,,,,
20295,97.501945,,,,,,
20296,98.700142,,,,,,
20297,98.517555,,,,,,
20298,98.542900,,,,,,
20299,98.757118,,,,,,
20300,98.634216,,,,,,
20301,99.072174,,,,,,
20302,98.494049,,,,,,
20303,98.628471,,,,,,
20304,98.479454,,,,,,
20305,98.323898,,,,,,
20306,98.437691,,,,,,
20307,98.107048,,,,,,
20308,98.102989,,,,,,
20309,98.795090,,,,,,
20310,98.115868,,,,,,
20311,98.611893,,,,,,
20312,98.363937,,,,,,
20313,98.555748,,,,,,
20314,98.889488,,,,,,
20315,98.514221,,,,,,
20316,98.839951,,,,,,
20317,98.439140,,,,,,
20318,98.508072,,,,,,
20319,98.960648,,,,,,
20320,98.876518,,,,,,
20321,98.768051,,,,,,
20322,98.591965,,,,,,
20323,98.089615,,,,,,
20324,98.652916,,,,,,
20325,98.375969,,,,,,
20326,98.473610,,,,,,
20327,98.170914,,,,,,
20328,98.860603,,,,,,
20329,98.602165,,,,,,
20330,98.128120,,,,,,
20331,98.192413,,,,,,
20332,98.498032,,,,,,
20333,98.878731,,,,,,
20334,98.500694,,,,,,
20335,98.814598,,,,,,
20336,98.058693,,,,,,
20337,98.102257,,,,,,
20338,98.147568,,,,,,
20339,98.550858,,,,,,
20340,98.792160,,,,,,
20341,98.961945,,,,,,
20342,97.963036,,,,,,
20343,98.244087,,,,,,
20344,98.601677,,,,,,
20345,97.787056,,,,,,
20346,98.964790,,,,,,
20347,98.078804,,,,,,
20348,98.609917,,,,,,
20349,98.336365,,,,,,
20350,98.281647,,,,,,
20351,98.741699,,,,,,
20352,98.753593,,,,,,
20353,98.771553,,,,,,
20354,98.148727,,,,,,
20355,98.877090,,,,,,
20356,97.975609,,,,,,
20357,99.007011,,,,,,
20358,98.740532,,,,,,
20359,98.517479,,,,,,
20360,99.041374,,,,,,
20361,98.427940,,,,,,
20362,98.840515,,,,,,
20363,98.696594,,,,,,
20364,98.026688,,,,,,
20365,98.473549,,,,,,
20366,98.987946,,,,,,
20367,98.473953,,,,,,
20368,98.539330,,,,,,
20369,99.025627,,,,,,
20370,98.622131,,,,,,
20371,98.162025,,,,,,
20372,98.429245,,,,,,
20373,98.923515,,,,,,
20374,98.819778,,,,,,
20375,99.007820,,,,,,
20376,97.989670,,,,,,
20377,98.480247,,,,,,
20378,98.866158,,,,,,
20379,98.439102,,,,,,
20380,98.686165,,,,,,
20381,98.229446,,,,,,
20382,98.707474,,,,,,
20383,98.626305,,,,,,
20384,98.646523,,,,,,
20385,98.799927,,,,,,
20386,98.423454,,,,,,
20387,98.352936,,,,,,
20388,98.384064,,,,,,
20389,98.506790,,,,,,
20390,98.680359,,,,,,
20391,98.994804,,,,,,
20392,98.071014,,,,,,
20393,98.176025,,,,,,
20394,98.756355,,,,,,
20395,98.925949,,,,,,
20396,98.310707,,,,,,
20397,98.520798,,,,,,
20398,98.328117,,,,,,
20400,,78.240000,0.111189,,,,
20400,98.769379,,,,,,
20401,98.117447,,,,,,
20402,98.357613,,,,,,
20403,98.637642,,,,,,
20404,98.783394,,,,,,
20405,98.706688,,,,,,
20406,97.944321,,,,,,
20407,97.984848,,,,,,
20408,98.415855,,,,,,
20409,98.451317,,,,,,
20410,98.458481,,,,,,
20411,98.684792,,,,,,
20412,98.149948,,,,,,
20413,98.533394,,,,,,
20414,99.029015,,,,,,
20415,98.101654,,,,,,
20416,98.184395,,,,,,
20417,98.763145,,,,,,
20418,98.704140,,,,,,
20419,98.489517,,,,,,
20420,99.048805,,,,,,
20421,98.474442,,,,,,
20422,98.734367,,,,,,
20423,98.536880,,,,,,
20424,98.831070,,,,,,
20425,97.902969,,,,,,
20426,98.407600,,,,,,
20427,98.572495,,,,,,
20428,98.790642,,,,,,
20429,98.657562,,,,,,
20430,98.818848,,,,,,
20431,98.724213,,,,,,
20432,98.362129,,,,,,
20433,98.222565,,,,,,
20434,98.057236,,,,,,
20435,98.116379,,,,,,
20436,98.475655,,,,,,
20437,98.684738,,,,,,
20438,98.202461,,,,,,
20439,98.467201,,,,,,
20440,99.060272,,,,,,
20441,98.084846,,,,,,
20442,97.796745,,,,,,
20443,98.163216,,,,,,
20444,98.469986,,,,,,
20445,98.439224,,,,,,
20446,98.051140,,,,,,
20447,98.209351,,,,,,
20448,97.984383,,,,,,
20449,98.878441,,,,,,
20450,98.222885,,,,,,
20451,98.456062,,,,,,
20452,98.574043,,,,,,
20453,98.573845,,,,,,
20454,98.322075,,,,,,
20455,98.505035,,,,,,
20456,98.561516,,,,,,
20457,98.618156,,,,,,
20458,98.410011,,,,,,
20459,98.558510,,,,,,
20460,98.850983,,,,,,
20461,98.446754,,,,,,
20462,98.789688,,,,,,
20463,98.034119,,,,,,
20464,98.695915,,,,,,
20465,98.440788,,,,,,
20466,98.819695,,,,,,
20467,98.396355,,,,,,
20468,98.716736,,,,,,
20469,98.662239,,,,,,
20470,98.515160,,,,,,
20471,97.885628,,,,,,
20472,98.471802,,,,,,
20473,99.081207,,,,,,
20474,98.341965,,,,,,
20475,98.903168,,,,,,
20476,98.195480,,,,,,
20477,98.371689,,,,,,
20478,98.428581,,,,,,
20479,97.833939,,,,,,
20480,99.002945,,,,,,
20481,98.361351,,,,,,
20482,98.639549,,,,,,
20483,98.774963,,,,,,
20484,98.651863,,,,,,
20485,98.503433,,,,,,
20486,98.432526,,,,,,
20487,98.445976,,,,,,
20488,97.919189,,,,,,
20489,99.104813,,,,,,
20490,98.706055,,,,,,
20491,98.278137,,,,,,
20492,98.698158,,,,,,
20493,98.955299,,,,,,
20494,98.227081,,,,,,
20495,98.947830,,,,,,
20496,97.976494,,,,,,
20497,98.358841,,,,,,
20498,98.288589,,,,,,
20499,98.654892,,,,,,
20500,98.635277,,,,,,
20501,97.678719,,,,,,
20502,98.247116,,,,,,
20503,98.741066,,,,,,
20504,97.938988,,,,,,
20505,98.520187,,,,,,
20506,98.818626,,,,,,
20507,98.591728,,,,,,
20508,97.841530,,,,,,
20509,98.793015,,,,,,
20510,98.789726,,,,,,
20511,98.843445,,,,,,
20512,98.852684,,,,,,
20513,98.396797,,,,,,
20514,98.757027,,,,,,
20515,98.382309,,,,,,
20516,98.359367,,,,,,
20517,99.017159,,,,,,
20518,98.317581,,,,,,
20519,98.807526,,,,,,
20520,98.021172,,,,,,
20521,98.331963,,,,,,
20522,98.869743,,,,,,
20523,97.986725,,,,,,
20524,98.639664,,,,,,
20525,98.505898,,,,,,
20526,98.517090,,,,,,
20527,98.262413,,,,,,
20528,98.150665,,,,,,
20529,98.563828,,,,,,
20530,98.853813,,,,,,
20531,98.551193,,,,,,
20532,99.017120,,,,,,
20533,98.837227,,,,,,
20534,98.822449,,,,,,
20535,98.693474,,,,,,
20536,98.768532,,,,,,
20537,98.541481,,,,,,
20538,98.326851,,,,,,
20539,98.480278,,,,,,
20540,98.866165,,,,,,
20541,98.551949,,,,,,
20542,98.461098,,,,,,
20543,98.558456,,,,,,
20544,98.768463,,,,,,
20545,98.501213,,,,,,
20546,98.568825,,,,,,
20547,98.675247,,,,,,
20548,98.902817,,,,,,
20549,98.459869,,,,,,
20550,98.346901,,,,,,
20551,98.759369,,,,,,
20552,98.500717,,,,,,
20553,98.521416,,,,,,
20554,97.723526,,,,,,
20555,98.681473,,,,,,
20556,98.978371,,,,,,
20557,98.794975,,,,,,
20558,98.842064,,,,,,
20559,98.506744,,,,,,
20560,98.198311,,,,,,
20561,98.580788,,,,,,
20562,98.316719,,,,,,
20563,98.435669,,,,,,
20564,98.712868,,,,,,
20565,98.181000,,,,,,
20566,98.740891,,,,,,
20567,98.685562,,,,,,
20568,98.256264,,,,,,
20569,98.027359,,,,,,
20570,98.416237,,,,,,
20571,98.513474,,,,,,
20572,98.724419,,,,,,
20573,98.580978,,,,,,
20574,98.236435,,,,,,
20575,98.985245,,,,,,
20576,99.196663,,,,,,
20577,98.671043,,,,,,
20578,98.308418,,,,,,
20579,98.167419,,,,,,
20580,99.089935,,,,,,
20581,98.263290,,,,,,
20582,98.785049,,,,,,
20583,97.439606,,,,,,
20584,98.652634,,,,,,
20585,98.791878,,,,,,
20586,98.316505,,,,,,
20587,98.576897,,,,,,
20588,98.842735,,,,,,
20589,98.292503,,,,,,
20590,98.253258,,,,,,
20591,98.834343,,,,,,
20592,98.629738,,,,,,
20593,98.379089,,,,,,
20594,98.684418,,,,,,
20595,98.200157,,,,,,
20596,98.883072,,,,,,
20597,98.552277,,,,,,
20598,97.973389,,,,,,
20600,,78.170000,0.111029,,,,
20600,98.552773,,,,,,
20601,98.313034,,,,,,
20602,98.938835,,,,,,
20603,98.725029,,,,,,
20604,98.282196,,,,,,
20605,98.580605,,,,,,
20606,98.793007,,,,,,
20607,98.257072,,,,,,
20608,98.538261,,,,,,
20609,98.963074,,,,,,
20610,98.691765,,,,,,
20611,98.767303,,,,,,
20612,98.523041,,,,,,
20613,98.750832,,,,,,
20614,98.968590,,,,,,
20615,98.350281,,,,,,
20616,98.488449,,,,,,
20617,98.552399,,,,,,
20618,98.504265,,,,,,
20619,98.501846,,,,,,
20620,98.923615,,,,,,
20621,97.975342,,,,,,
20622,98.455612,,,,,,
20623,98.455078,,,,,,
20624,98.871140,,,,,,
20625,98.358482,,,,,,
20626,98.505463,,,,,,
20627,98.678787,,,,,,
20628,97.969826,,,,,,
20629,98.482887,,,,,,
20630,98.889801,,,,,,
20631,98.526199,,,,,,
20632,98.428085,,,,,,
20633,98.402115,,,,,,
20634,98.257172,,,,,,
20635,98.532707,,,,,,
20636,98.513275,,,,,,
20637,98.273254,,,,,,
20638,98.124092,,,,,,
20639,98.783051,,,,,,
20640,98.653358,,,,,,
20641,98.051620,,,,,,
20642,98.523354,,,,,,
20643,98.061752,,,,,,
20644,99.035294,,,,,,
20645,98.904678,,,,,,
20646,98.308754,,,,,,
20647,98.425026,,,,,,
20648,98.658279,,,,,,
20649,98.172600,,,,,,
20650,98.553268,,,,,,
20651,98.367027,,,,,,
20652,99.034706,,,,,,
20653,98.222961,,,,,,
20654,98.315170,,,,,,
20655,83.188980,,,,,,
20656,98.905678,,,,,,
20657,98.521507,,,,,,
20658,98.521179,,,,,,
20659,98.484856,,,,,,
20660,97.876205,,,,,,
20661,98.857376,,,,,,
20662,97.457306,,,,,,
20663,97.916786,,,,,,
20664,98.006935,,,,,,
20665,98.737183,,,,,,
20666,97.820961,,,,,,
20667,98.301033,,,,,,
20668,89.757896,,,,,,
20669,98.002998,,,,,,
20670,98.593010,,,,,,
20671,98.522514,,,,,,
20672,97.713989,,,,,,
20673,98.901047,,,,,,
20674,99.033974,,,,,,
20675,98.557121,,,,,,
20676,98.696732,,,,,,
20677,97.988159,,,,,,
20678,98.447815,,,,,,
20679,98.118507,,,,,,
20680,97.979362,,,,,,
20681,98.137680,,,,,,
20682,98.566383,,,,,,
20683,98.621773,,,,,,
20684,98.623039,,,,,,
20685,98.072266,,,,,,
20686,97.704132,,,,,,
20687,98.044014,,,,,,
20688,98.394226,,,,,,
20689,98.257248,,,,,,
20690,98.624084,,,,,,
20691,98.636986,,,,,,
20692,98.058517,,,,,,
20693,98.047050,,,,,,
20694,98.218651,,,,,,
20695,98.547058,,,,,,
20696,98.012405,,,,,,
20697,98.419876,,,,,,
20698,97.853310,,,,,,
20699,98.350052,,,,,,
20700,98.391762,,,,,,
20701,98.072121,,,,,,
20702,97.479225,,,,,,
20703,98.359009,,,,,,
20704,98.207581,,,,,,
20705,98.210464,,,,,,
20706,97.948967,,,,,,
20707,98.691177,,,,,,
20708,97.552231,,,,,,
20709,97.529701,,,,,,
20710,98.557709,,,,,,
20711,98.460121,,,,,,
20712,98.458603,,,,,,
20713,98.461205,,,,,,
20714,98.441345,,,,,,
20715,97.763229,,,,,,
20716,98.652847,,,,,,
20717,98.107674,,,,,,
20718,98.721039,,,,,,
20719,98.808922,,,,,,
20720,98.781494,,,,,,
20721,98.571442,,,,,,
20722,98.314301,,,,,,
20723,97.608772,,,,,,
20724,98.532295,,,,,,
20725,98.388954,,,,,,
20726,98.388397,,,,,,
20727,97.746590,,,,,,
20728,98.156265,,,,,,
20729,97.578545,,,,,,
20730,98.861931,,,,,,
20731,98.726891,,,,,,
20732,98.431175,,,,,,
20733,97.124992,,,,,,
20734,98.845177,,,,,,
20735,98.873856,,,,,,
20736,98.704399,,,,,,
20737,98.016502,,,,,,
20738,98.645325,,,,,,
20739,98.182854,,,,,,
20740,98.495918,,,,,,
20741,97.914749,,,,,,
20742,97.865044,,,,,,
20743,98.164932,,,,,,
20744,97.991234,,,,,,
20745,98.106560,,,,,,
20746,98.368286,,,,,,
20747,98.111191,,,,,,
20748,98.832504,,,,,,
20749,98.577644,,,,,,
20750,98.472992,,,,,,
20751,98.631561,,,,,,
20752,98.848518,,,,,,
20753,98.388405,,,,,,
20754,98.460083,,,,,,
20755,98.609367,,,,,,
20756,98.834908,,,,,,
20757,93.814674,,,,,,
20758,98.670807,,,,,,
20759,98.730370,,,,,,
20760,98.486359,,,,,,
20761,98.274780,,,,,,
20762,98.183525,,,,,,
20763,98.345306,,,,,,
20764,98.483932,,,,,,
20765,98.753380,,,,,,
20766,98.931656,,,,,,
20767,98.487526,,,,,,
20768,98.653877,,,,,,
20769,98.329956,,,,,,
20770,98.464760,,,,,,
20771,98.490204,,,,,,
20772,97.690804,,,,,,
20773,97.582237,,,,,,
20774,98.684349,,,,,,
20775,98.184235,,,,,,
20776,98.892265,,,,,,
20777,98.104126,,,,,,
20778,98.095566,,,,,,
20779,98.616142,,,,,,
20780,98.227684,,,,,,
20781,98.298683,,,,,,
20782,98.369621,,,,,,
20783,97.900566,,,,,,
20784,98.807236,,,,,,
20785,98.223351,,,,,,
20786,98.192299,,,,,,
20787,98.885605,,,,,,
20788,98.338844,,,,,,
20789,98.064873,,,,,,
20790,98.584801,,,,,,
20791,98.068581,,,,,,
20792,98.618385,,,,,,
20793,98.490776,,,,,,
20794,98.460899,,,,,,
20795,98.257332,,,,,,
20796,98.420883,,,,,,
20797,97.879478,,,,,,
20798,98.575294,,,,,,
20800,,78.070000,0.113325,,,,
20800,98.680954,,,,,,
20801,98.320168,,,,,,
20802,98.637527,,,,,,
20803,98.952950,,,,,,
20804,98.620583,,,,,,
20805,98.278091,,,,,,
20806,97.850548,,,,,,
20807,98.432755,,,,,,
20808,98.606712,,,,,,
20809,98.680092,,,,,,
20810,91.225777,,,,,,
20811,98.362282,,,,,,
20812,98.633034,,,,,,
20813,98.213280,,,,,,
20814,97.912933,,,,,,
20815,98.407570,,,,,,
20816,98.382973,,,,,,
20817,98.691681,,,,,,
20818,98.153252,,,,,,
20819,97.994530,,,,,,
20820,98.725533,,,,,,
20821,98.792267,,,,,,
20822,98.647980,,,,,,
20823,98.179520,,,,,,
20824,98.393394,,,,,,
20825,98.453766,,,,,,
20826,98.862373,,,,,,
20827,97.683578,,,,,,
20828,98.257507,,,,,,
20829,98.745682,,,,,,
20830,98.638168,,,,,,
20831,97.985931,,,,,,
20832,97.875359,,,,,,
20833,98.671791,,,,,,
20834,98.282509,,,,,,
20835,98.524429,,,,,,
20836,98.225708,,,,,,
20837,97.766838,,,,,,
20838,98.599831,,,,,,
20839,97.700714,,,,,,
20840,98.404442,,,,,,
20841,98.546318,,,,,,
20842,98.809616,,,,,,
20843,98.817650,,,,,,
20844,98.875626,,,,,,
20845,98.294754,,,,,,
20846,98.603035,,,,,,
20847,99.004272,,,,,,
20848,98.009201,,,,,,
20849,98.914948,,,,,,
20850,98.480537,,,,,,
20851,98.605461,,,,,,
20852,97.581291,,,,,,
20853,98.693344,,,,,,
20854,97.891624,,,,,,
20855,98.409126,,,,,,
20856,98.103157,,,,,,
20857,98.210159,,,,,,
20858,98.051826,,,,,,
20859,98.031425,,,,,,
20860,98.464684,,,,,,
20861,98.528572,,,,,,
20862,98.850151,,,,,,
20863,98.881477,,,,,,
20864,98.365479,,,,,,
20865,98.809990,,,,,,
20866,98.878082,,,,,,
20867,98.624428,,,,,,
20868,99.013214,,,,,,
20869,98.654762,,,,,,
20870,98.760033,,,,,,
20871,98.482208,,,,,,
20872,98.734459,,,,,,
20873,98.668640,,,,,,
20874,98.658104,,,,,,
20875,98.894562,,,,,,
20876,98.840034,,,,,,
20877,97.642769,,,,,,
20878,98.520821,,,,,,
20879,98.522873,,,,,,
20880,98.525139,,,,,,
20881,98.207336,,,,,,
20882,98.429558,,,,,,
20883,98.142395,,,,,,
20884,98.453773,,,,,,
20885,98.806953,,,,,,
20886,98.444733,,,,,,
20887,98.206596,,,,,,
20888,98.056511,,,,,,
20889,97.568939,,,,,,
20890,98.086670,,,,,,
20891,97.890480,,,,,,
20892,98.623611,,,,,,
20893,98.343834,,,,,,
20894,98.505112,,,,,,
20895,97.987328,,,,,,
20896,98.845451,,,,,,
20897,98.558479,,,,,,
20898,98.970055,,,,,,
20899,98.228195,,,,,,
20900,98.644272,,,,,,
20901,98.226830,,,,,,
20902,98.574394,,,,,,
20903,98.658737,,,,,,
20904,98.689919,,,,,,
20905,97.894058,,,,,,
20906,98.841194,,,,,,
20907,98.565933,,,,,,
20908,97.726601,,,,,,
20909,98.981071,,,,,,
20910,98.854362,,,,,,
20911,98.394554,,,,,,
20912,98.384056,,,,,,
20913,98.837273,,,,,,
20914,98.513687,,,,,,
20915,98.516777,,,,,,
20916,97.804146,,,,,,
20917,98.474236,,,,,,
20918,98.637909,,,,,,
20919,98.518280,,,,,,
20920,98.636253,,,,,,
20921,98.761505,,,,,,
20922,98.268768,,,,,,
20923,98.393623,,,,,,
20924,98.990379,,,,,,
20925,98.427589,,,,,,
20926,98.464355,,,,,,
20927,98.079758,,,,,,
20928,98.214905,,,,,,
20929,98.613663,,,,,,
20930,97.749084,,,,,,
20931,98.223709,,,,,,
20932,97.781311,,,,,,
20933,98.592308,,,,,,
20934,98.979935,,,,,,
20935,99.010147,,,,,,
20936,98.561226,,,,,,
20937,98.745529,,,,,,
20938,98.133583,,,,,,
20939,98.788795,,,,,,
20940,98.261238,,,,,,
20941,98.264244,,,,,,
20942,98.324577,,,,,,
20943,98.671982,,,,,,
20944,98.763008,,,,,,
20945,98.628891,,,,,,
20946,98.589592,,,,,,
20947,98.605133,,,,,,
20948,98.496605,,,,,,
20949,97.706116,,,,,,
20950,97.807907,,,,,,
20951,98.235191,,,,,,
20952,98.089752,,,,,,
20953,98.766388,,,,,,
20954,98.942078,,,,,,
20955,98.242653,,,,,,
20956,98.710793,,,,,,
20957,98.503624,,,,,,
20958,98.680412,,,,,,
20959,98.478798,,,,,,
20960,98.034233,,,,,,
20961,98.764221,,,,,,
20962,98.161613,,,,,,
20963,97.185097,,,,,,
20964,97.951302,,,,,,
20965,98.398224,,,,,,
20966,98.486221,,,,,,
20967,98.485352,,,,,,
20968,98.531082,,,,,,
20969,98.485802,,,,,,
20970,98.213074,,,,,,
20971,98.109627,,,,,,
20972,98.890060,,,,,,
20973,98.913422,,,,,,
20974,98.746994,,,,,,
20975,98.335152,,,,,,
20976,98.346451,,,,,,
20977,98.559258,,,,,,
20978,98.294434,,,,,,
20979,98.156761,,,,,,
20980,98.657524,,,,,,
20981,98.154251,,,,,,
20982,98.416069,,,,,,
20983,98.094254,,,,,,
20984,98.488518,,,,,,
20985,99.046349,,,,,,
20986,97.997375,,,,,,
20987,98.706276,,,,,,
20988,98.492470,,,,,,
20989,98.378891,,,,,,
20990,98.455444,,,,,,
20991,98.026108,,,,,,
20992,98.856316,,,,,,
20993,98.033508,,,,,,
20994,98.488289,,,,,,
20995,98.506813,,,,,,
20996,98.754257,,,,,,
20997,98.449287,,,,,,
20998,97.558151,,,,,,
21000,,78.140000,0.119201,,,,
21000,98.525421,,,,,,
21001,98.224541,,,,,,
21002,98.081627,,,,,,
21003,98.717468,,,,,,
21004,98.660873,,,,,,
21005,98.694550,,,,,,
21006,97.589676,,,,,,
21007,98.338692,,,,,,
21008,98.565582,,,,,,
21009,97.913498,,,,,,
21010,98.073166,,,,,,
21011,98.929672,,,,,,
21012,98.653809,,,,,,
21013,98.807022,,,,,,
21014,98.649445,,,,,,
21015,98.928116,,,,,,
21016,98.586914,,,,,,
21017,98.397430,,,,,,
21018,98.071083,,,,,,
21019,98.434944,,,,,,
21020,98.511551,,,,,,
21021,98.433022,,,,,,
21022,98.599007,,,,,,
21023,98.579285,,,,,,
21024,98.836220,,,,,,
21025,98.116356,,,,,,
21026,99.116798,,,,,,
21027,98.741844,,,,,,
21028,98.371834,,,,,,
21029,98.970383,,,,,,
21030,98.513649,,,,,,
21031,98.177551,,,,,,
21032,98.554588,,,,,,
21033,98.829239,,,,,,
21034,98.780281,,,,,,
21035,98.835823,,,,,,
21036,98.782898,,,,,,
21037,98.824944,,,,,,
21038,98.856308,,,,,,
21039,98.211754,,,,,,
21040,98.882729,,,,,,
21041,98.414207,,,,,,
21042,98.396599,,,,,,
21043,98.344780,,,,,,
21044,99.008400,,,,,,
21045,98.843269,,,,,,
21046,98.362144,,,,,,
21047,99.038040,,,,,,
21048,98.427597,,,,,,
21049,98.409630,,,,,,
21050,98.685310,,,,,,
21051,98.848732,,,,,,
21052,98.735260,,,,,,
21053,98.628357,,,,,,
21054,98.436218,,,,,,
21055,98.448135,,,,,,
21056,98.579239,,,,,,
21057,98.957085,,,,,,
21058,98.669464,,,,,,
21059,98.722885,,,,,,
21060,98.856689,,,,,,
21061,98.368706,,,,,,
21062,98.339264,,,,,,
21063,98.107697,,,,,,
21064,98.139801,,,,,,
21065,98.478699,,,,,,
21066,98.513184,,,,,,
21067,97.787437,,,,,,
21068,98.060379,,,,,,
21069,98.561340,,,,,,
21070,98.427238,,,,,,
21071,98.453186,,,,,,
21072,98.547508,,,,,,
21073,98.726738,,,,,,
21074,97.930740,,,,,,
21075,97.763054,,,,,,
21076,98.295334,,,,,,
21077,98.441116,,,,,,
21078,98.920723,,,,,,
21079,98.252029,,,,,,
21080,98.675140,,,,,,
21081,98.538841,,,,,,
21082,98.309822,,,,,,
21083,97.909332,,,,,,
21084,98.822090,,,,,,
21085,98.903107,,,,,,
21086,97.809036,,,,,,
21087,98.254318,,,,,,
21088,98.231438,,,,,,
21089,98.811356,,,,,,
21090,98.698502,,,,,,
21091,98.686386,,,,,,
21092,98.130173,,,,,,
21093,98.485138,,,,,,
21094,98.086960,,,,,,
21095,98.901817,,,,,,
21096,98.003792,,,,,,
21097,98.857628,,,,,,
21098,98.955551,,,,,,
21099,98.027077,,,,,,
21100,98.678482,,,,,,
21101,98.632927,,,,,,
21102,98.304535,,,,,,
21103,98.635918,,,,,,
21104,98.213585,,,,,,
21105,98.638947,,,,,,
21106,98.660988,,,,,,
21107,98.085266,,,,,,
21108,98.497849,,,,,,
21109,98.646835,,,,,,
21110,98.276772,,,,,,
21111,97.832451,,,,,,
21112,98.709000,,,,,,
21113,98.671890,,,,,,
21114,98.646622,,,,,,
21115,98.528687,,,,,,
21116,98.720825,,,,,,
21117,98.722649,,,,,,
21118,98.591599,,,,,,
21119,98.914795,,,,,,
21120,98.795685,,,,,,
21121,97.961990,,,,,,
21122,98.700142,,,,,,
21123,98.813454,,,,,,
21124,98.479393,,,,,,
21125,97.884903,,,,,,
21126,98.729408,,,,,,
21127,98.766701,,,,,,
21128,98.988136,,,,,,
21129,98.668343,,,,,,
21130,97.732407,,,,,,
21131,98.501640,,,,,,
21132,98.397972,,,,,,
21133,98.255417,,,,,,
21134,97.969559,,,,,,
21135,98.603516,,,,,,
21136,98.817039,,,,,,
21137,98.260422,,,,,,
21138,98.646515,,,,,,
21139,97.641197,,,,,,
21140,98.475830,,,,,,
21141,98.239830,,,,,,
21142,98.669113,,,,,,
21143,98.406052,,,,,,
21144,98.148376,,,,,,
21145,98.843842,,,,,,
21146,98.501907,,,,,,
21147,98.211800,,,,,,
21148,98.609894,,,,,,
21149,98.512329,,,,,,
21150,98.368324,,,,,,
21151,98.570892,,,,,,
21152,98.479515,,,,,,
21153,98.520752,,,,,,
21154,98.906990,,,,,,
21155,98.852608,,,,,,
21156,98.903687,,,,,,
21157,98.356674,,,,,,
21158,98.666382,,,,,,
21159,98.778870,,,,,,
21160,98.961624,,,,,,
21161,97.875404,,,,,,
21162,98.583504,,,,,,
21163,98.568909,,,,,,
21164,98.876015,,,,,,
21165,98.613182,,,,,,
21166,99.039925,,,,,,
21167,98.652191,,,,,,
21168,98.140411,,,,,,
21169,98.732704,,,,,,
21170,98.418343,,,,,,
21171,98.612770,,,,,,
21172,98.522148,,,,,,
21173,98.706093,,,,,,
21174,98.958191,,,,,,
21175,99.035873,,,,,,
21176,98.483406,,,,,,
21177,98.041840,,,,,,
21178,98.380722,,,,,,
21179,98.756813,,,,,,
21180,98.086868,,,,,,
21181,98.231064,,,,,,
21182,98.105682,,,,,,
21183,98.712738,,,,,,
21184,98.731880,,,,,,
21185,98.638062,,,,,,
21186,98.374596,,,,,,
21187,98.741112,,,,,,
21188,98.722191,,,,,,
21189,98.687599,,,,,,
21190,98.146484,,,,,,
21191,98.175003,,,,,,
21192,98.147591,,,,,,
21193,98.661629,,,,,,
21194,97.667610,,,,,,
21195,98.010620,,,,,,
21196,98.803116,,,,,,
21197,98.817177,,,,,,
21198,98.612999,,,,,,
21200,,78.030000,0.115099,,,,
21200,98.509659,,,,,,
21201,99.141396,,,,,,
21202,98.567711,,,,,,
21203,97.993477,,,,,,
21204,98.943504,,,,,,
21205,98.599930,,,,,,
21206,98.555367,,,,,,
21207,98.279625,,,,,,
21208,98.653511,,,,,,
21209,98.449661,,,,,,
21210,98.532623,,,,,,
21211,98.633385,,,,,,
21212,98.470116,,,,,,
21213,98.740364,,,,,,
21214,98.393341,,,,,,
21215,98.310661,,,,,,
21216,98.052582,,,,,,
21217,98.188553,,,,,,
21218,98.769318,,,,,,
21219,98.359154,,,,,,
21220,98.853447,,,,,,
21221,98.652313,,,,,,
21222,98.793739,,,,,,
21223,99.046555,,,,,,
21224,98.167328,,,,,,
21225,98.200127,,,,,,
21226,98.552788,,,,,,
21227,98.309807,,,,,,
21228,98.317429,,,,,,
21229,98.623726,,,,,,
21230,98.422287,,,,,,
21231,97.952614,,,,,,
21232,98.870270,,,,,,
21233,98.602196,,,,,,
21234,98.599968,,,,,,
21235,98.897949,,,,,,
21236,98.554573,,,,,,
21237,98.704636,,,,,,
21238,99.109207,,,,,,
21239,98.859009,,,,,,
21240,98.202583,,,,,,
21241,98.421669,,,,,,
21242,98.940941,,,,,,
21243,98.328819,,,,,,
21244,98.646217,,,,,,
21245,98.040779,,,,,,
21246,98.510353,,,,,,
21247,98.652504,,,,,,
21248,98.372208,,,,,,
21249,98.286552,,,,,,
21250,98.067635,,,,,,
21251,98.874199,,,,,,
21252,98.745964,,,,,,
21253,98.436996,,,,,,
21254,98.243179,,,,,,
21255,98.326927,,,,,,
21256,98.329948,,,,,,
21257,98.344177,,,,,,
21258,98.641365,,,,,,
21259,98.402069,,,,,,
21260,98.526230,,,,,,
21261,98.000175,,,,,,
21262,98.619904,,,,,,
21263,97.497375,,,,,,
21264,98.234344,,,,,,
21265,98.400337,,,,,,
21266,98.281418,,,,,,
21267,98.896034,,,,,,
21268,98.648392,,,,,,
21269,98.928635,,,,,,
21270,98.516304,,,,,,
21271,98.366318,,,,,,
21272,98.569534,,,,,,
21273,98.363113,,,,,,
21274,98.878120,,,,,,
21275,98.277138,,,,,,
21276,97.832443,,,,,,
21277,98.520020,,,,,,
21278,98.850876,,,,,,
21279,98.087120,,,,,,
21280,98.768700,,,,,,
21281,98.478584,,,,,,
21282,98.324425,,,,,,
21283,98.746964,,,,,,
21284,98.431854,,,,,,
21285,98.970284,,,,,,
21286,98.585304,,,,,,
21287,98.430153,,,,,,
21288,98.737770,,,,,,
21289,98.460709,,,,,,
21290,97.889145,,,,,,
21291,98.937729,,,,,,
21292,97.800110,,,,,,
21293,98.616898,,,,,,
21294,97.820763,,,,,,
21295,98.294098,,,,,,
21296,98.080841,,,,,,
21297,98.533264,,,,,,
21298,98.294899,,,,,,
21299,98.816956,,,,,,
21300,99.002159,,,,,,
21301,98.103271,,,,,,
21302,98.555786,,,,,,
21303,98.185516,,,,,,
21304,98.705048,,,,,,
21305,98.471931,,,,,,
21306,98.638130,,,,,,
21307,98.145996,,,,,,
21308,98.879593,,,,,,
21309,98.266335,,,,,,
21310,98.824524,,,,,,
21311,98.519638,,,,,,
21312,98.951889,,,,,,
21313,98.724655,,,,,,
21314,98.694260,,,,,,
21315,98.363800,,,,,,
21316,98.006088,,,,,,
21317,98.462257,,,,,,
21318,97.762978,,,,,,
21319,98.889420,,,,,,
21320,98.632133,,,,,,
21321,98.449303,,,,,,
21322,98.425400,,,,,,
21323,98.600113,,,,,,
21324,98.961632,,,,,,
21325,98.661499,,,,,,
21326,98.139496,,,,,,
21327,98.656799,,,,,,
21328,98.288727,,,,,,
21329,98.554245,,,,,,
21330,98.777794,,,,,,
21331,98.763786,,,,,,
21332,98.725967,,,,,,
21333,98.766251,,,,,,
21334,98.110390,,,,,,
21335,98.354759,,,,,,
21336,98.623878,,,,,,
21337,98.868073,,,,,,
21338,98.698120,,,,,,
21339,98.638054,,,,,,
21340,98.137268,,,,,,
21341,98.722511,,,,,,
21342,98.423393,,,,,,
21343,98.965401,,,,,,
21344,97.470078,,,,,,
21345,98.740517,,,,,,
21346,98.515572,,,,,,
21347,98.487045,,,,,,
21348,98.597084,,,,,,
21349,97.890831,,,,,,
21350,98.071983,,,,,,
21351,98.269920,,,,,,
21352,98.814667,,,,,,
21353,98.577736,,,,,,
21354,98.676422,,,,,,
21355,98.612427,,,,,,
21356,98.164444,,,,,,
21357,98.967873,,,,,,
21358,98.896622,,,,,,
21359,98.679916,,,,,,
21360,98.716202,,,,,,
21361,98.471352,,,,,,
21362,98.661568,,,,,,
21363,97.670158,,,,,,
21364,98.136879,,,,,,
21365,98.700668,,,,,,
21366,98.051003,,,,,,
21367,98.872520,,,,,,
21368,97.523270,,,,,,
21369,98.164932,,,,,,
21370,99.077148,,,,,,
21371,98.519722,,,,,,
21372,98.121780,,,,,,
21373,98.964752,,,,,,
21374,98.447403,,,,,,
21375,98.850380,,,,,,
21376,98.445793,,,,,,
21377,98.620155,,,,,,
21378,98.088364,,,,,,
21379,98.286003,,,,,,
21380,98.605270,,,,,,
21381,98.705841,,,,,,
21382,98.605156,,,,,,
21383,98.699997,,,,,,
21384,98.372818,,,,,,
21385,98.978836,,,,,,
21386,98.685791,,,,,,
21387,98.721718,,,,,,
21388,98.352493,,,,,,
21389,98.656685,,,,,,
21390,98.650620,,,,,,
21391,98.183762,,,,,,
21392,98.420570,,,,,,
21393,98.589966,,,,,,
21394,98.579430,,,,,,
21395,97.852051,,,,,,
21396,98.669937,,,,,,
21397,98.933258,,,,,,
21398,98.712555,,,,,,
21400,,78.030000,0.110086,,,,
21400,98.405106,,,,,,
21401,98.794556,,,,,,
21402,97.809067,,,,,,
21403,98.504166,,,,,,
21404,98.996986,,,,,,
21405,98.424324,,,,,,
21406,98.417839,,,,,,
21407,98.930771,,,,,,
21408,98.298531,,,,,,
21409,98.460754,,,,,,
21410,98.387489,,,,,,
21411,98.486298,,,,,,
21412,98.938400,,,,,,
21413,98.751488,,,,,,
21414,98.514107,,,,,,
21415,98.224632,,,,,,
21416,98.029297,,,,,,
21417,98.918930,,,,,,
21418,98.023849,,,,,,
21419,98.257660,,,,,,
21420,98.573410,,,,,,
21421,98.420059,,,,,,
21422,98.086754,,,,,,
21423,98.309013,,,,,,
21424,98.382835,,,,,,
21425,98.658913,,,,,,
21426,98.740265,,,,,,
21427,98.515930,,,,,,
21428,98.432259,,,,,,
21429,98.113869,,,,,,
21430,98.407913,,,,,,
21431,98.961243,,,,,,
21432,98.308067,,,,,,
21433,98.373734,,,,,,
21434,97.913879,,,,,,
21435,98.722458,,,,,,
21436,98.663727,,,,,,
21437,98.598106,,,,,,
21438,98.709381,,,,,,
21439,98.529701,,,,,,
21440,98.458023,,,,,,
21441,98.332207,,,,,,
21442,98.521873,,,,,,
21443,98.534828,,,,,,
21444,97.720963,,,,,,
21445,98.073776,,,,,,
21446,98.540649,,,,,,
21447,98.413002,,,,,,
21448,98.505524,,,,,,
21449,98.615570,,,,,,
21450,98.963417,,,,,,
21451,98.134621,,,,,,
21452,98.642967,,,,,,
21453,98.699608,,,,,,
21454,98.760536,,,,,,
21455,98.703499,,,,,,
21456,98.334152,,,,,,
21457,98.743912,,,,,,
21458,98.086617,,,,,,
21459,98.446815,,,,,,
21460,99.066704,,,,,,
21461,98.553078,,,,,,
21462,98.988976,,,,,,
21463,98.850502,,,,,,
21464,98.728920,,,,,,
21465,98.537582,,,,,,
21466,98.432976,,,,,,
21467,98.491089,,,,,,
21468,98.631767,,,,,,
21469,98.769409,,,,,,
21470,98.684502,,,,,,
21471,98.098625,,,,,,
21472,98.730637,,,,,,
21473,98.164673,,,,,,
21474,98.804184,,,,,,
21475,98.640404,,,,,,
21476,97.782570,,,,,,
21477,98.012932,,,,,,
21478,98.846146,,,,,,
21479,97.902252,,,,,,
21480,98.948135,,,,,,
21481,98.315498,,,,,,
21482,98.601303,,,,,,
21483,98.070435,,,,,,
21484,98.765007,,,,,,
21485,98.612930,,,,,,
21486,98.572357,,,,,,
21487,98.573059,,,,,,
21488,98.585297,,,,,,
21489,98.889992,,,,,,
21490,98.102165,,,,,,
21491,98.685234,,,,,,
21492,98.542168,,,,,,
21493,98.440178,,,,,,
21494,98.668694,,,,,,
21495,98.418983,,,,,,
21496,98.654976,,,,,,
21497,98.008636,,,,,,
21498,98.233353,,,,,,
21499,98.582756,,,,,,
21500,99.131950,,,,,,
21501,98.834396,,,,,,
21502,98.463173,,,,,,
21503,98.740860,,,,,,
21504,98.315308,,,,,,
21505,98.703270,,,,,,
21506,98.433121,,,,,,
21507,98.615028,,,,,,
21508,98.531181,,,,,,
21509,98.359322,,,,,,
21510,98.487518,,,,,,
21511,98.438667,,,,,,
21512,99.024704,,,,,,
21513,98.721718,,,,,,
21514,98.864555,,,,,,
21515,98.071625,,,,,,
21516,98.510849,,,,,,
21517,98.357483,,,,,,
21518,96.732529,,,,,,
21519,98.567032,,,,,,
21520,98.305923,,,,,,
21521,98.465683,,,,,,
21522,99.062164,,,,,,
21523,98.505234,,,,,,
21524,98.460800,,,,,,
21525,98.547478,,,,,,
21526,98.449821,,,,,,
21527,98.436256,,,,,,
21528,98.682793,,,,,,
21529,98.684113,,,,,,
21530,98.191750,,,,,,
21531,98.669914,,,,,,
21532,98.125130,,,,,,
21533,98.680687,,,,,,
21534,98.146065,,,,,,
21535,98.342941,,,,,,
21536,98.551308,,,,,,
21537,98.573387,,,,,,
21538,98.564796,,,,,,
21539,98.457405,,,,,,
21540,98.889008,,,,,,
21541,98.654541,,,,,,
21542,98.505806,,,,,,
21543,98.124054,,,,,,
21544,98.563828,,,,,,
21545,98.376358,,,,,,
21546,98.989265,,,,,,
21547,98.127304,,,,,,
21548,98.559555,,,,,,
21549,98.479012,,,,,,
21550,98.732841,,,,,,
21551,98.980942,,,,,,
21552,97.883469,,,,,,
21553,98.686668,,,,,,
21554,98.496338,,,,,,
21555,98.785706,,,,,,
21556,98.914841,,,,,,
21557,98.251915,,,,,,
21558,98.547043,,,,,,
21559,98.526985,,,,,,
21560,98.718185,,,,,,
21561,98.727966,,,,,,
21562,98.137688,,,,,,
21563,98.915627,,,,,,
21564,98.430649,,,,,,
21565,98.397903,,,,,,
21566,98.185471,,,,,,
21567,98.786766,,,,,,
21568,98.740860,,,,,,
21569,98.931984,,,,,,
21570,98.529297,,,,,,
21571,98.289841,,,,,,
21572,98.533821,,,,,,
21573,99.032921,,,,,,
21574,99.276711,,,,,,
21575,98.089859,,,,,,
21576,98.539291,,,,,,
21577,98.342850,,,,,,
21578,98.072777,,,,,,
21579,98.348267,,,,,,
21580,98.372055,,,,,,
21581,98.487968,,,,,,
21582,98.629807,,,,,,
21583,98.448212,,,,,,
21584,98.149307,,,,,,
21585,98.098587,,,,,,
21586,97.934654,,,,,,
21587,98.382133,,,,,,
21588,98.620033,,,,,,
21589,98.499382,,,,,,
21590,98.825867,,,,,,
21591,98.694763,,,,,,
21592,97.999451,,,,,,
21593,98.672279,,,,,,
21594,98.081406,,,,,,
21595,98.310707,,,,,,
21596,98.216904,,,,,,
21597,98.768402,,,,,,
21598,98.022102,,,,,,
21600,,78.080000,0.111591,,,,
21600,98.994896,,,,,,
21601,98.338776,,,,,,
21602,98.528877,,,,,,
21603,98.323776,,,,,,
21604,98.425240,,,,,,
21605,98.767365,,,,,,
21606,98.579231,,,,,,
21607,98.166969,,,,,,
21608,98.113602,,,,,,
21609,98.711411,,,,,,
21610,98.485718,,,,,,
21611,98.517998,,,,,,
21612,98.342995,,,,,,
21613,98.473274,,,,,,
21614,97.870743,,,,,,
21615,98.407967,,,,,,
21616,99.057610,,,,,,
21617,98.794090,,,,,,
21618,99.057060,,,,,,
21619,98.788872,,,,,,
21620,99.069977,,,,,,
21621,98.878288,,,,,,
21622,98.176079,,,,,,
21623,98.955177,,,,,,
21624,98.559967,,,,,,
21625,98.750481,,,,,,
21626,99.024559,,,,,,
21627,98.232635,,,,,,
21628,98.664635,,,,,,
21629,98.522621,,,,,,
21630,98.617264,,,,,,
21631,98.257721,,,,,,
21632,98.331673,,,,,,
21633,98.169739,,,,,,
21634,98.653687,,,,,,
21635,98.537277,,,,,,
21636,98.823990,,,,,,
21637,98.462952,,,,,,
21638,98.919403,,,,,,
21639,98.756615,,,,,,
21640,98.544357,,,,,,
21641,97.986107,,,,,,
21642,98.763985,,,,,,
21643,98.851173,,,,,,
21644,98.409065,,,,,,
21645,98.710571,,,,,,
21646,98.424767,,,,,,
21647,98.505264,,,,,,
21648,98.465202,,,,,,
21649,98.450905,,,,,,
21650,98.409859,,,,,,
21651,98.469391,,,,,,
21652,98.212738,,,,,,
21653,98.749184,,,,,,
21654,98.749809,,,,,,
21655,98.858925,,,,,,
21656,98.865181,,,,,,
21657,96.408249,,,,,,
21658,98.706100,,,,,,
21659,97.963890,,,,,,
21660,98.628960,,,,,,
21661,98.612198,,,,,,
21662,98.497826,,,,,,
21663,98.318977,,,,,,
21664,98.575439,,,,,,
21665,98.615967,,,,,,
21666,98.841354,,,,,,
21667,98.319038,,,,,,
21668,98.890442,,,,,,
21669,98.698875,,,,,,
21670,98.302101,,,,,,
21671,99.061577,,,,,,
21672,98.816422,,,,,,
21673,98.658493,,,,,,
21674,98.580612,,,,,,
21675,98.558670,,,,,,
21676,98.998726,,,,,,
21677,97.789925,,,,,,
21678,98.757347,,,,,,
21679,98.320854,,,,,,
21680,98.095192,,,,,,
21681,98.488251,,,,,,
21682,98.479927,,,,,,
21683,98.427284,,,,,,
21684,98.260078,,,,,,
21685,98.810555,,,,,,
21686,98.945274,,,,,,
21687,98.309563,,,,,,
21688,98.683502,,,,,,
21689,98.205597,,,,,,
21690,98.592300,,,,,,
21691,98.107353,,,,,,
21692,98.225487,,,,,,
21693,98.001991,,,,,,
21694,98.581459,,,,,,
21695,98.964401,,,,,,
21696,98.940147,,,,,,
21697,98.713135,,,,,,
21698,98.131180,,,,,,
21699,98.231926,,,,,,
21700,97.987816,,,,,,
21701,99.206329,,,,,,
21702,98.203476,,,,,,
21703,98.431747,,,,,,
21704,98.641899,,,,,,
21705,98.277847,,,,,,
21706,98.253571,,,,,,
21707,98.794235,,,,,,
21708,98.575562,,,,,,
21709,98.439209,,,,,,
21710,98.787384,,,,,,
21711,98.989677,,,,,,
21712,98.702652,,,,,,
21713,98.669220,,,,,,
21714,98.621239,,,,,,
21715,98.846939,,,,,,
21716,98.830460,,,,,,
21717,98.479790,,,,,,
21718,98.605263,,,,,,
21719,97.550163,,,,,,
21720,98.174309,,,,,,
21721,98.484138,,,,,,
21722,98.888878,,,,,,
21723,98.239937,,,,,,
21724,97.992790,,,,,,
21725,98.091133,,,,,,
21726,98.801788,,,,,,
21727,98.388626,,,,,,
21728,98.379539,,,,,,
21729,98.246140,,,,,,
21730,98.946220,,,,,,
21731,98.231659,,,,,,
21732,98.538162,,,,,,
21733,98.844803,,,,,,
21734,98.655693,,,,,,
21735,98.932892,,,,,,
21736,98.946251,,,,,,
21737,98.403679,,,,,,
21738,98.447548,,,,,,
21739,98.576210,,,,,,
21740,98.163567,,,,,,
21741,97.849678,,,,,,
21742,98.347496,,,,,,
21743,98.582947,,,,,,
21744,98.375008,,,,,,
21745,98.881973,,,,,,
21746,98.104408,,,,,,
21747,99.075958,,,,,,
21748,98.260216,,,,,,
21749,98.115807,,,,,,
21750,98.673309,,,,,,
21751,98.215355,,,,,,
21752,98.292900,,,,,,
21753,98.633324,,,,,,
21754,98.495468,,,,,,
21755,98.653885,,,,,,
21756,98.352966,,,,,,
21757,98.348625,,,,,,
21758,98.341095,,,,,,
21759,99.030785,,,,,,
21760,99.211876,,,,,,
21761,98.450951,,,,,,
21762,97.699196,,,,,,
21763,98.135498,,,,,,
21764,98.220726,,,,,,
21765,98.410698,,,,,,
21766,98.739464,,,,,,
21767,98.119659,,,,,,
21768,98.289879,,,,,,
21769,98.298210,,,,,,
21770,98.721985,,,,,,
21771,98.033012,,,,,,
21772,98.875854,,,,,,
21773,97.667656,,,,,,
21774,98.384254,,,,,,
21775,98.792137,,,,,,
21776,98.460068,,,,,,
21777,98.384804,,,,,,
21778,98.663696,,,,,,
21779,98.761856,,,,,,
21780,98.840294,,,,,,
21781,99.057800,,,,,,
21782,97.849770,,,,,,
21783,98.442863,,,,,,
21784,98.397415,,,,,,
21785,99.074829,,,,,,
21786,98.917397,,,,,,
21787,98.267952,,,,,,
21788,99.019676,,,,,,
21789,98.998955,,,,,,
21790,98.692528,,,,,,
21791,98.447792,,,,,,
21792,98.656006,,,,,,
21793,98.430817,,,,,,
21794,98.553078,,,,,,
21795,98.788712,,,,,,
21796,98.672417,,,,,,
21797,98.263885,,,,,,
21798,98.737160,,,,,,
21800,,78.020000,0.111189,,,,
21800,99.153076,,,,,,
21801,97.656837,,,,,,
21802,98.663681,,,,,,
21803,98.169807,,,,,,
21804,98.343071,,,,,,
21805,98.917183,,,,,,
21806,98.844429,,,,,,
21807,98.361336,,,,,,
21808,98.771751,,,,,,
21809,98.691063,,,,,,
21810,98.351357,,,,,,
21811,98.540947,,,,,,
21812,98.594002,,,,,,
21813,98.346725,,,,,,
21814,98.856651,,,,,,
21815,98.599380,,,,,,
21816,98.638657,,,,,,
21817,98.056358,,,,,,
21818,98.780411,,,,,,
21819,98.573021,,,,,,
21820,98.803993,,,,,,
21821,98.759834,,,,,,
21822,98.874146,,,,,,
21823,98.689964,,,,,,
21824,98.335312,,,,,,
21825,98.914825,,,,,,
21826,98.810501,,,,,,
21827,98.778526,,,,,,
21828,99.142830,,,,,,
21829,98.724846,,,,,,
21830,98.885437,,,,,,
21831,98.775551,,,,,,
21832,98.496498,,,,,,
21833,98.793259,,,,,,
21834,98.438423,,,,,,
21835,98.758415,,,,,,
21836,98.274414,,,,,,
21837,98.579178,,,,,,
21838,98.743790,,,,,,
21839,98.268234,,,,,,
21840,98.523445,,,,,,
21841,98.515808,,,,,,
21842,98.705750,,,,,,
21843,98.431358,,,,,,
21844,98.593895,,,,,,
21845,98.426125,,,,,,
21846,98.007248,,,,,,
21847,97.919273,,,,,,
21848,98.616661,,,,,,
21849,98.477928,,,,,,
21850,98.592628,,,,,,
21851,98.658272,,,,,,
21852,98.755165,,,,,,
21853,98.693275,,,,,,
21854,99.042862,,,,,,
21855,98.308372,,,,,,
21856,98.679283,,,,,,
21857,98.654396,,,,,,
21858,98.581970,,,,,,
21859,97.949669,,,,,,
21860,98.812859,,,,,,
21861,98.275017,,,,,,
21862,98.238693,,,,,,
21863,98.183922,,,,,,
21864,98.534729,,,,,,
21865,98.167976,,,,,,
21866,98.947510,,,,,,
21867,98.467842,,,,,,
21868,98.962082,,,,,,
21869,98.268768,,,,,,
21870,98.316566,,,,,,
21871,97.961159,,,,,,
21872,98.262703,,,,,,
21873,98.427757,,,,,,
21874,98.119598,,,,,,
21875,98.988190,,,,,,
21876,98.422798,,,,,,
21877,98.328758,,,,,,
21878,98.153099,,,,,,
21879,98.732025,,,,,,
21880,98.930054,,,,,,
21881,98.762978,,,,,,
21882,98.823013,,,,,,
21883,98.760780,,,,,,
21884,98.638351,,,,,,
21885,98.292313,,,,,,
21886,98.599060,,,,,,
21887,98.364288,,,,,,
21888,98.207794,,,,,,
21889,98.257072,,,,,,
21890,98.947350,,,,,,
21891,98.705933,,,,,,
21892,98.922951,,,,,,
21893,98.111893,,,,,,
21894,98.688087,,,,,,
21895,98.479202,,,,,,
21896,98.229385,,,,,,
21897,98.638435,,,,,,
21898,99.047134,,,,,,
21899,98.614609,,,,,,
21900,98.415070,,,,,,
21901,98.069756,,,,,,
21902,98.538559,,,,,,
21903,98.901749,,,,,,
21904,98.526100,,,,,,
21905,98.549011,,,,,,
21906,98.500694,,,,,,
21907,98.847252,,,,,,
21908,98.926170,,,,,,
21909,99.017143,,,,,,
21910,98.487717,,,,,,
21911,98.803505,,,,,,
21912,99.025391,,,,,,
21913,98.243011,,,,,,
21914,98.794952,,,,,,
21915,98.202736,,,,,,
21916,98.127701,,,,,,
21917,98.251816,,,,,,
21918,98.817162,,,,,,
21919,98.426971,,,,,,
21920,98.425697,,,,,,
21921,98.928444,,,,,,
21922,98.400360,,,,,,
21923,98.740265,,,,,,
21924,98.756554,,,,,,
21925,98.408501,,,,,,
21926,98.531082,,,,,,
21927,98.894623,,,,,,
21928,98.300278,,,,,,
21929,98.121803,,,,,,
21930,98.347916,,,,,,
21931,99.145638,,,,,,
21932,98.878746,,,,,,
21933,98.595299,,,,,,
21934,98.441017,,,,,,
21935,98.203598,,,,,,
21936,98.441742,,,,,,
21937,99.062454,,,,,,
21938,97.821251,,,,,,
21939,98.459610,,,,,,
21940,97.876511,,,,,,
21941,98.344307,,,,,,
21942,99.029106,,,,,,
21943,98.152115,,,,,,
21944,98.231277,,,,,,
21945,99.099487,,,,,,
21946,98.226761,,,,,,
21947,98.827095,,,,,,
21948,98.520790,,,,,,
21949,98.592369,,,,,,
21950,98.883347,,,,,,
21951,98.386017,,,,,,
21952,98.732712,,,,,,
21953,98.463768,,,,,,
21954,99.118523,,,,,,
21955,98.800835,,,,,,
21956,98.869308,,,,,,
21957,98.564400,,,,,,
21958,98.171005,,,,,,
21959,98.629700,,,,,,
21960,97.991028,,,,,,
21961,98.534119,,,,,,
21962,98.748604,,,,,,
21963,98.241165,,,,,,
21964,97.969215,,,,,,
21965,98.308487,,,,,,
21966,98.983894,,,,,,
21967,98.857903,,,,,,
21968,98.198090,,,,,,
21969,98.495659,,,,,,
21970,98.885277,,,,,,
21971,98.244652,,,,,,
21972,99.123863,,,,,,
21973,98.829376,,,,,,
21974,98.234634,,,,,,
21975,98.791946,,,,,,
21976,98.639099,,,,,,
21977,97.637794,,,,,,
21978,98.744385,,,,,,
21979,98.689720,,,,,,
21980,98.747902,,,,,,
21981,99.050041,,,,,,
21982,98.727142,,,,,,
21983,98.350983,,,,,,
21984,98.483643,,,,,,
21985,98.938255,,,,,,
21986,98.495468,,,,,,
21987,98.861237,,,,,,
21988,98.855911,,,,,,
21989,98.944962,,,,,,
21990,98.741951,,,,,,
21991,98.643036,,,,,,
21992,97.920555,,,,,,
21993,98.538025,,,,,,
21994,98.125336,,,,,,
21995,98.445343,,,,,,
21996,98.864655,,,,,,
21997,98.601501,,,,,,
21998,98.723953,,,,,,
22000,,78.090000,0.112994,,,,
22000,98.391167,,,,,,
22001,98.870872,,,,,,
22002,98.844505,,,,,,
22003,97.950790,,,,,,
22004,98.626137,,,,,,
22005,99.099663,,,,,,
22006,98.487869,,,,,,
22007,98.089485,,,,,,
22008,98.258568,,,,,,
22009,98.644157,,,,,,
22010,98.282921,,,,,,
22011,98.817902,,,,,,
22012,98.054031,,,,,,
22013,98.554604,,,,,,
22014,98.311989,,,,,,
22015,98.181618,,,,,,
22016,98.362785,,,,,,
22017,98.008835,,,,,,
22018,98.307930,,,,,,
22019,98.685020,,,,,,
22020,98.353676,,,,,,
22021,98.927849,,,,,,
22022,98.869286,,,,,,
22023,98.789383,,,,,,
22024,98.877769,,,,,,
22025,98.304367,,,,,,
22026,98.197067,,,,,,
22027,98.227158,,,,,,
22028,98.604065,,,,,,
22029,98.734108,,,,,,
22030,98.189850,,,,,,
22031,98.740822,,,,,,
22032,98.357964,,,,,,
22033,97.924217,,,,,,
22034,98.696388,,,,,,
22035,98.590645,,,,,,
22036,98.407349,,,,,,
22037,98.631523,,,,,,
22038,98.669876,,,,,,
22039,97.941658,,,,,,
22040,98.823273,,,,,,
22041,98.118286,,,,,,
22042,98.358795,,,,,,
22043,98.432686,,,,,,
22044,98.134689,,,,,,
22045,98.848846,,,,,,
22046,98.703957,,,,,,
22047,98.767021,,,,,,
22048,98.469246,,,,,,
22049,98.834236,,,,,,
22050,98.740219,,,,,,
22051,98.523361,,,,,,
22052,98.812996,,,,,,
22053,97.672417,,,,,,
22054,97.909790,,,,,,
22055,98.630882,,,,,,
22056,98.202438,,,,,,
22057,98.445610,,,,,,
22058,99.168770,,,,,,
22059,98.245537,,,,,,
22060,98.396255,,,,,,
22061,98.812225,,,,,,
22062,98.150154,,,,,,
22063,98.456932,,,,,,
22064,98.865173,,,,,,
22065,98.947990,,,,,,
22066,99.045799,,,,,,
22067,98.185242,,,,,,
22068,98.666435,,,,,,
22069,97.737976,,,,,,
22070,98.983330,,,,,,
22071,99.034073,,,,,,
22072,97.895958,,,,,,
22073,98.739265,,,,,,
22074,97.836021,,,,,,
22075,98.017700,,,,,,
22076,98.818047,,,,,,
22077,98.293091,,,,,,
22078,98.472939,,,,,,
22079,98.453850,,,,,,
22080,98.691780,,,,,,
22081,98.019775,,,,,,
22082,98.297783,,,,,,
22083,98.372879,,,,,,
22084,98.790520,,,,,,
22085,98.370613,,,,,,
22086,98.652817,,,,,,
22087,98.945518,,,,,,
22088,98.230759,,,,,,
22089,98.799934,,,,,,
22090,98.513542,,,,,,
22091,98.811623,,,,,,
22092,98.567894,,,,,,
22093,98.394730,,,,,,
22094,98.597305,,,,,,
22095,98.781609,,,,,,
22096,98.740738,,,,,,
22097,98.485420,,,,,,
22098,98.329941,,,,,,
22099,98.643684,,,,,,
22100,98.835609,,,,,,
22101,98.065506,,,,,,
22102,98.804535,,,,,,
22103,98.609543,,,,,,
22104,98.363853,,,,,,
22105,98.680099,,,,,,
22106,98.579010,,,,,,
22107,98.556526,,,,,,
22108,98.792946,,,,,,
22109,98.268326,,,,,,
22110,98.832260,,,,,,
22111,98.535484,,,,,,
22112,98.108360,,,,,,
22113,98.835922,,,,,,
22114,98.825867,,,,,,
22115,98.368469,,,,,,
22116,98.754677,,,,,,
22117,98.828781,,,,,,
22118,97.979668,,,,,,
22119,98.535172,,,,,,
22120,98.463646,,,,,,
22121,98.619965,,,,,,
22122,98.720078,,,,,,
22123,98.528366,,,,,,
22124,98.202080,,,,,,
22125,98.327637,,,,,,
22126,98.980537,,,,,,
22127,98.440620,,,,,,
22128,98.568169,,,,,,
22129,98.983368,,,,,,
22130,98.708344,,,,,,
22131,98.630638,,,,,,
22132,98.086700,,,,,,
22133,98.315788,,,,,,
22134,97.724556,,,,,,
22135,98.164337,,,,,,
22136,98.800865,,,,,,
22137,98.327019,,,,,,
22138,98.999016,,,,,,
22139,98.423569,,,,,,
22140,98.242805,,,,,,
22141,98.694199,,,,,,
22142,98.468025,,,,,,
22143,98.245193,,,,,,
22144,98.017044,,,,,,
22145,98.786102,,,,,,
22146,98.419228,,,,,,
22147,98.200111,,,,,,
22148,98.610771,,,,,,
22149,98.349953,,,,,,
22150,98.575294,,,,,,
22151,98.770065,,,,,,
22152,98.389503,,,,,,
22153,98.160034,,,,,,
22154,98.539894,,,,,,
22155,98.337822,,,,,,
22156,98.834366,,,,,,
22157,98.473068,,,,,,
22158,98.536568,,,,,,
22159,97.709190,,,,,,
22160,98.538383,,,,,,
22161,99.081955,,,,,,
22162,97.803879,,,,,,
22163,98.327324,,,,,,
22164,98.260078,,,,,,
22165,98.605667,,,,,,
22166,99.017914,,,,,,
22167,99.055939,,,,,,
22168,97.994873,,,,,,
22169,98.428268,,,,,,
22170,98.970734,,,,,,
22171,98.741241,,,,,,
22172,97.737900,,,,,,
22173,98.107147,,,,,,
22174,98.221512,,,,,,
22175,98.442680,,,,,,
22176,98.827019,,,,,,
22177,98.926949,,,,,,
22178,98.665100,,,,,,
22179,98.105888,,,,,,
22180,98.462578,,,,,,
22181,98.758011,,,,,,
22182,98.806290,,,,,,
22183,98.268501,,,,,,
22184,98.364403,,,,,,
22185,98.161774,,,,,,
22186,98.991631,,,,,,
22187,98.710564,,,,,,
22188,98.763000,,,,,,
22189,98.646751,,,,,,
22190,98.805023,,,,,,
22191,98.701523,,,,,,
22192,98.510941,,,,,,
22193,99.004395,,,,,,
22194,98.973083,,,,,,
22195,98.755127,,,,,,
22196,98.494942,,,,,,
22197,98.382195,,,,,,
22198,98.759666,,,,,,
22200,,78.060000,0.112324,,,,
22200,98.715439,,,,,,
22201,98.580963,,,,,,
22202,97.998383,,,,,,
22203,98.345703,,,,,,
22204,98.471199,,,,,,
22205,98.957542,,,,,,
22206,98.483238,,,,,,
22207,98.853317,,,,,,
22208,98.589249,,,,,,
22209,98.711998,,,,,,
22210,98.327675,,,,,,
22211,98.725479,,,,,,
22212,98.221947,,,,,,
22213,98.644356,,,,,,
22214,98.177452,,,,,,
22215,98.695076,,,,,,
22216,98.786293,,,,,,
22217,98.340805,,,,,,
22218,98.487770,,,,,,
22219,98.912796,,,,,,
22220,98.392540,,,,,,
22221,98.713303,,,,,,
22222,98.568344,,,,,,
22223,99.329773,,,,,,
22224,98.570610,,,,,,
22225,98.659554,,,,,,
22226,98.982063,,,,,,
22227,97.902184,,,,,,
22228,98.280464,,,,,,
22229,98.952560,,,,,,
22230,99.149643,,,,,,
22231,98.674179,,,,,,
22232,98.993660,,,,,,
22233,98.469460,,,,,,
22234,98.492180,,,,,,
22235,97.879578,,,,,,
22236,98.642235,,,,,,
22237,98.699585,,,,,,
22238,98.127945,,,,,,
22239,98.203026,,,,,,
22240,97.541115,,,,,,
22241,98.888664,,,,,,
22242,98.042427,,,,,,
22243,98.631622,,,,,,
22244,98.607605,,,,,,
22245,98.786850,,,,,,
22246,97.496666,,,,,,
22247,98.711929,,,,,,
22248,98.697166,,,,,,
22249,98.740059,,,,,,
22250,98.751762,,,,,,
22251,99.062790,,,,,,
22252,98.799988,,,,,,
22253,98.546082,,,,,,
22254,98.422333,,,,,,
22255,98.626221,,,,,,
22256,98.196251,,,,,,
22257,98.814911,,,,,,
22258,98.297775,,,,,,
22259,98.290977,,,,,,
22260,98.650482,,,,,,
22261,98.738251,,,,,,
22262,98.698471,,,,,,
22263,98.639648,,,,,,
22264,98.781013,,,,,,
22265,98.436790,,,,,,
22266,97.056641,,,,,,
22267,98.493271,,,,,,
22268,98.841286,,,,,,
22269,98.830620,,,,,,
22270,98.649033,,,,,,
22271,98.413605,,,,,,
22272,98.163666,,,,,,
22273,98.797569,,,,,,
22274,98.326164,,,,,,
22275,97.908401,,,,,,
22276,98.257393,,,,,,
22277,98.158058,,,,,,
22278,98.191719,,,,,,
22279,98.247185,,,,,,
22280,98.567436,,,,,,
22281,98.563972,,,,,,
22282,98.256378,,,,,,
22283,98.703499,,,,,,
22284,98.189018,,,,,,
22285,98.742584,,,,,,
22286,98.460396,,,,,,
22287,98.199440,,,,,,
22288,98.720779,,,,,,
22289,98.495354,,,,,,
22290,98.448128,,,,,,
22291,98.630096,,,,,,
22292,98.294167,,,,,,
22293,98.943176,,,,,,
22294,98.659027,,,,,,
22295,98.624649,,,,,,
22296,98.738922,,,,,,
22297,98.207260,,,,,,
22298,98.236305,,,,,,
22299,99.001984,,,,,,
22300,98.235817,,,,,,
22301,98.375656,,,,,,
22302,98.942047,,,,,,
22303,98.450142,,,,,,
22304,98.806267,,,,,,
22305,98.586838,,,,,,
22306,98.404716,,,,,,
22307,98.917793,,,,,,
22308,98.527397,,,,,,
22309,98.655800,,,,,,
22310,98.918701,,,,,,
22311,98.959869,,,,,,
22312,98.710609,,,,,,
22313,98.060783,,,,,,
22314,98.635582,,,,,,
22315,98.702133,,,,,,
22316,99.307251,,,,,,
22317,98.908073,,,,,,
22318,98.101532,,,,,,
22319,98.473854,,,,,,
22320,98.841881,,,,,,
22321,98.380333,,,,,,
22322,98.502594,,,,,,
22323,98.777817,,,,,,
22324,98.649750,,,,,,
22325,98.775551,,,,,,
22326,98.986626,,,,,,
22327,99.050438,,,,,,
22328,98.381500,,,,,,
22329,98.562004,,,,,,
22330,97.700493,,,,,,
22331,98.944847,,,,,,
22332,98.358116,,,,,,
22333,98.988739,,,,,,
22334,98.776863,,,,,,
22335,98.987015,,,,,,
22336,98.527184,,,,,,
22337,99.070061,,,,,,
22338,97.851967,,,,,,
22339,98.259888,,,,,,
22340,98.805756,,,,,,
22341,98.273811,,,,,,
22342,98.281784,,,,,,
22343,97.497215,,,,,,
22344,98.534492,,,,,,
22345,98.152702,,,,,,
22346,98.933784,,,,,,
22347,98.579292,,,,,,
22348,98.289597,,,,,,
22349,98.813606,,,,,,
22350,98.967583,,,,,,
22351,98.513664,,,,,,
22352,98.827232,,,,,,
22353,98.655334,,,,,,
22354,97.392082,,,,,,
22355,98.148666,,,,,,
22356,99.070999,,,,,,
22357,98.587944,,,,,,
22358,98.344780,,,,,,
22359,98.205528,,,,,,
22360,97.390785,,,,,,
22361,98.878906,,,,,,
22362,97.915970,,,,,,
22363,98.591377,,,,,,
22364,98.569946,,,,,,
22365,98.480019,,,,,,
22366,98.635674,,,,,,
22367,98.856461,,,,,,
22368,98.842354,,,,,,
22369,98.789581,,,,,,
22370,98.851028,,,,,,
22371,98.528801,,,,,,
22372,98.100266,,,,,,
22373,98.544670,,,,,,
22374,98.380356,,,,,,
22375,98.432648,,,,,,
22376,97.742378,,,,,,
22377,98.391701,,,,,,
22378,98.471420,,,,,,
22379,98.349792,,,,,,
22380,98.731621,,,,,,
22381,98.985588,,,,,,
22382,98.465912,,,,,,
22383,98.547951,,,,,,
22384,98.644417,,,,,,
22385,98.640839,,,,,,
22386,98.486259,,,,,,
22387,98.878143,,,,,,
22388,97.985336,,,,,,
22389,98.405907,,,,,,
22390,98.506866,,,,,,
22391,98.224464,,,,,,
22392,98.916756,,,,,,
22393,98.437691,,,,,,
22394,98.562981,,,,,,
22395,99.164810,,,,,,
22396,98.532036,,,,,,
22397,98.394196,,,,,,
22398,98.429626,,,,,,
22400,,78.230000,0.112843,,,,
22400,98.809067,,,,,,
22401,99.064102,,,,,,
22402,98.935310,,,,,,
22403,97.834122,,,,,,
22404,98.996613,,,,,,
22405,98.784393,,,,,,
22406,98.593719,,,,,,
22407,98.576126,,,,,,
22408,99.018784,,,,,,
22409,99.030266,,,,,,
22410,98.202232,,,,,,
22411,97.809479,,,,,,
22412,98.826103,,,,,,
22413,98.506508,,,,,,
22414,98.803490,,,,,,
22415,98.807724,,,,,,
22416,98.887093,,,,,,
22417,98.177399,,,,,,
22418,98.395958,,,,,,
22419,98.664970,,,,,,
22420,99.106766,,,,,,
22421,98.671814,,,,,,
22422,98.617180,,,,,,
22423,98.013428,,,,,,
22424,97.703407,,,,,,
22425,97.800278,,,,,,
22426,98.480614,,,,,,
22427,98.391167,,,,,,
22428,98.959175,,,,,,
22429,98.820290,,,,,,
22430,98.789551,,,,,,
22431,98.430908,,,,,,
22432,98.785393,,,,,,
22433,98.802345,,,,,,
22434,98.521034,,,,,,
22435,98.495811,,,,,,
22436,98.706650,,,,,,
22437,98.934868,,,,,,
22438,99.042854,,,,,,
22439,98.624474,,,,,,
22440,98.560364,,,,,,
22441,98.941010,,,,,,
22442,98.697914,,,,,,
22443,98.149261,,,,,,
22444,98.922005,,,,,,
22445,97.563446,,,,,,
22446,98.475700,,,,,,
22447,99.246346,,,,,,
22448,98.280586,,,,,,
22449,98.524925,,,,,,
22450,98.433266,,,,,,
22451,98.632317,,,,,,
22452,98.391861,,,,,,
22453,98.562775,,,,,,
22454,98.788063,,,,,,
22455,98.735291,,,,,,
22456,98.859993,,,,,,
22457,98.637581,,,,,,
22458,99.069153,,,,,,
22459,98.497711,,,,,,
22460,98.784012,,,,,,
22461,98.658852,,,,,,
22462,98.795609,,,,,,
22463,98.897247,,,,,,
22464,98.459503,,,,,,
22465,98.350220,,,,,,
22466,98.607376,,,,,,
22467,98.726616,,,,,,
22468,98.385979,,,,,,
22469,98.937096,,,,,,
22470,98.607758,,,,,,
22471,98.552605,,,,,,
22472,98.503304,,,,,,
22473,98.644295,,,,,,
22474,98.689301,,,,,,
22475,98.577644,,,,,,
22476,98.991089,,,,,,
22477,98.254570,,,,,,
22478,98.023148,,,,,,
22479,98.281937,,,,,,
22480,98.470070,,,,,,
22481,98.128845,,,,,,
22482,98.273537,,,,,,
22483,98.430061,,,,,,
22484,98.834999,,,,,,
22485,99.097008,,,,,,
22486,98.157173,,,,,,
22487,97.942986,,,,,,
22488,97.674225,,,,,,
22489,98.838959,,,,,,
22490,98.272987,,,,,,
22491,98.642189,,,,,,
22492,98.490135,,,,,,
22493,98.335999,,,,,,
22494,98.065666,,,,,,
22495,98.630974,,,,,,
22496,98.859299,,,,,,
22497,98.340508,,,,,,
22498,98.447403,,,,,,
22499,98.421097,,,,,,
22500,99.041214,,,,,,
22501,98.221184,,,,,,
22502,98.487892,,,,,,
22503,99.092560,,,,,,
22504,98.515152,,,,,,
22505,98.407715,,,,,,
22506,98.225998,,,,,,
22507,98.627357,,,,,,
22508,98.922218,,,,,,
22509,98.366653,,,,,,
22510,98.173195,,,,,,
22511,98.564827,,,,,,
22512,98.674797,,,,,,
22513,98.824593,,,,,,
22514,98.655273,,,,,,
22515,98.798904,,,,,,
22516,97.897018,,,,,,
22517,98.240105,,,,,,
22518,98.393341,,,,,,
22519,98.711693,,,,,,
22520,98.589195,,,,,,
22521,98.782593,,,,,,
22522,97.975037,,,,,,
22523,98.744698,,,,,,
22524,97.765976,,,,,,
22525,98.735519,,,,,,
22526,97.678200,,,,,,
22527,98.841469,,,,,,
22528,98.777580,,,,,,
22529,98.489983,,,,,,
22530,98.457893,,,,,,
22531,98.021919,,,,,,
22532,98.482544,,,,,,
22533,97.801079,,,,,,
22534,98.492859,,,,,,
22535,98.103699,,,,,,
22536,98.683899,,,,,,
22537,98.340202,,,,,,
22538,98.289246,,,,,,
22539,98.495827,,,,,,
22540,98.404701,,,,,,
22541,98.457024,,,,,,
22542,98.972496,,,,,,
22543,99.039948,,,,,,
22544,98.618454,,,,,,
22545,97.385536,,,,,,
22546,98.775620,,,,,,
22547,98.453087,,,,,,
22548,98.871826,,,,,,
22549,99.036201,,,,,,
22550,98.258530,,,,,,
22551,98.491936,,,,,,
22552,98.835655,,,,,,
22553,98.201302,,,,,,
22554,98.211067,,,,,,
22555,98.941818,,,,,,
22556,98.912941,,,,,,
22557,98.553383,,,,,,
22558,98.346413,,,,,,
22559,98.839180,,,,,,
22560,98.429314,,,,,,
22561,98.726685,,,,,,
22562,98.186501,,,,,,
22563,98.580009,,,,,,
22564,98.840324,,,,,,
22565,97.597672,,,,,,
22566,98.581375,,,,,,
22567,98.692459,,,,,,
22568,98.498093,,,,,,
22569,98.351639,,,,,,
22570,98.575668,,,,,,
22571,98.029259,,,,,,
22572,98.247856,,,,,,
22573,98.958199,,,,,,
22574,98.403267,,,,,,
22575,98.577385,,,,,,
22576,98.636070,,,,,,
22577,98.857437,,,,,,
22578,98.517532,,,,,,
22579,99.032188,,,,,,
22580,98.901283,,,,,,
22581,98.112312,,,,,,
22582,98.393501,,,,,,
22583,98.405907,,,,,,
22584,98.217148,,,,,,
22585,98.166229,,,,,,
22586,98.846329,,,,,,
22587,98.212288,,,,,,
22588,98.732811,,,,,,
22589,98.850044,,,,,,
22590,98.370674,,,,,,
22591,98.260765,,,,,,
22592,98.973366,,,,,,
22593,98.617111,,,,,,
22594,98.663910,,,,,,
22595,98.917030,,,,,,
22596,98.974007,,,,,,
22597,98.430115,,,,,,
22598,98.336563,,,,,,
22600,,78.220000,0.112839,,,,
22600,98.639809,,,,,,
22601,98.873390,,,,,,
22602,97.930092,,,,,,
22603,98.565315,,,,,,
22604,98.582458,,,,,,
22605,98.909821,,,,,,
22606,98.238197,,,,,,
22607,99.053787,,,,,,
22608,98.751671,,,,,,
22609,98.561348,,,,,,
22610,97.774940,,,,,,
22611,98.756416,,,,,,
22612,98.426262,,,,,,
22613,98.548607,,,,,,
22614,98.427704,,,,,,
22615,98.186195,,,,,,
22616,98.981468,,,,,,
22617,99.062408,,,,,,
22618,98.525055,,,,,,
22619,98.462433,,,,,,
22620,98.954895,,,,,,
22621,99.054810,,,,,,
22622,98.792580,,,,,,
22623,98.877647,,,,,,
22624,98.801903,,,,,,
22625,98.223389,,,,,,
22626,99.105209,,,,,,
22627,98.118797,,,,,,
22628,98.682571,,,,,,
22629,98.743378,,,,,,
22630,98.593765,,,,,,
22631,98.531723,,,,,,
22632,98.159279,,,,,,
22633,97.989937,,,,,,
22634,98.603859,,,,,,
22635,98.270546,,,,,,
22636,98.829727,,,,,,
22637,98.553276,,,,,,
22638,98.401848,,,,,,
22639,98.222992,,,,,,
22640,98.998337,,,,,,
22641,97.600998,,,,,,
22642,98.819855,,,,,,
22643,98.215645,,,,,,
22644,98.503609,,,,,,
22645,98.721519,,,,,,
22646,98.291954,,,,,,
22647,98.693520,,,,,,
22648,98.787346,,,,,,
22649,98.279488,,,,,,
22650,98.591476,,,,,,
22651,97.900620,,,,,,
22652,98.318253,,,,,,
22653,98.521187,,,,,,
22654,98.870872,,,,,,
22655,98.076691,,,,,,
22656,98.588760,,,,,,
22657,98.661789,,,,,,
22658,98.705170,,,,,,
22659,98.592476,,,,,,
22660,97.455482,,,,,,
22661,98.573822,,,,,,
22662,98.906784,,,,,,
22663,97.742432,,,,,,
22664,98.378899,,,,,,
22665,98.848267,,,,,,
22666,98.494698,,,,,,
22667,98.703003,,,,,,
22668,98.397324,,,,,,
22669,98.306175,,,,,,
22670,98.909134,,,,,,
22671,98.630829,,,,,,
22672,98.926605,,,,,,
22673,98.387199,,,,,,
22674,98.918892,,,,,,
22675,98.559029,,,,,,
22676,98.778412,,,,,,
22677,98.738525,,,,,,
22678,98.404129,,,,,,
22679,98.758904,,,,,,
22680,98.997200,,,,,,
22681,98.964432,,,,,,
22682,99.087875,,,,,,
22683,98.744827,,,,,,
22684,98.314346,,,,,,
22685,98.756599,,,,,,
22686,97.741867,,,,,,
22687,98.888222,,,,,,
22688,98.830589,,,,,,
22689,98.958130,,,,,,
22690,98.850143,,,,,,
22691,98.906975,,,,,,
22692,98.406967,,,,,,
22693,98.644203,,,,,,
22694,98.152557,,,,,,
22695,98.432541,,,,,,
22696,98.302330,,,,,,
22697,98.914314,,,,,,
22698,98.737480,,,,,,
22699,98.579063,,,,,,
22700,98.474747,,,,,,
22701,98.373650,,,,,,
22702,98.649208,,,,,,
22703,98.094437,,,,,,
22704,98.301994,,,,,,
22705,98.398590,,,,,,
22706,98.879509,,,,,,
22707,98.995476,,,,,,
22708,98.188171,,,,,,
22709,98.636223,,,,,,
22710,98.616875,,,,,,
22711,98.071457,,,,,,
22712,98.559906,,,,,,
22713,98.469032,,,,,,
22714,98.949074,,,,,,
22715,98.242653,,,,,,
22716,98.611404,,,,,,
22717,98.976746,,,,,,
22718,98.542915,,,,,,
22719,98.322670,,,,,,
22720,98.816200,,,,,,
22721,98.798080,,,,,,
22722,99.195953,,,,,,
22723,98.208679,,,,,,
22724,98.424332,,,,,,
22725,98.549400,,,,,,
22726,98.371536,,,,,,
22727,98.092751,,,,,,
22728,98.648582,,,,,,
22729,97.993927,,,,,,
22730,98.619446,,,,,,
22731,98.519684,,,,,,
22732,98.569176,,,,,,
22733,99.013000,,,,,,
22734,97.464638,,,,,,
22735,97.651291,,,,,,
22736,98.656075,,,,,,
22737,98.594620,,,,,,
22738,99.144829,,,,,,
22739,99.109413,,,,,,
22740,98.779778,,,,,,
22741,98.519402,,,,,,
22742,98.928398,,,,,,
22743,98.702454,,,,,,
22744,98.686089,,,,,,
22745,98.819923,,,,,,
22746,97.892349,,,,,,
22747,97.948792,,,,,,
22748,98.480515,,,,,,
22749,98.062798,,,,,,
22750,98.596962,,,,,,
22751,98.855934,,,,,,
22752,98.992287,,,,,,
22753,97.910904,,,,,,
22754,98.282883,,,,,,
22755,98.870613,,,,,,
22756,98.816345,,,,,,
22757,98.359032,,,,,,
22758,98.707001,,,,,,
22759,98.737953,,,,,,
22760,98.974281,,,,,,
22761,98.919640,,,,,,
22762,98.555756,,,,,,
22763,97.953186,,,,,,
22764,98.696678,,,,,,
22765,97.975250,,,,,,
22766,98.878220,,,,,,
22767,98.374428,,,,,,
22768,98.469276,,,,,,
22769,97.609802,,,,,,
22770,98.766174,,,,,,
22771,98.525978,,,,,,
22772,98.426216,,,,,,
22773,98.966721,,,,,,
22774,98.362915,,,,,,
22775,98.363281,,,,,,
22776,98.881317,,,,,,
22777,98.441811,,,,,,
22778,98.638199,,,,,,
22779,98.171593,,,,,,
22780,98.726555,,,,,,
22781,98.108337,,,,,,
22782,98.660782,,,,,,
22783,98.913521,,,,,,
22784,98.666931,,,,,,
22785,98.432625,,,,,,
22786,98.953735,,,,,,
22787,98.400307,,,,,,
22788,98.433136,,,,,,
22789,98.706772,,,,,,
22790,98.269821,,,,,,
22791,98.988350,,,,,,
22792,98.832031,,,,,,
22793,98.828423,,,,,,
22794,98.472092,,,,,,
22795,98.731583,,,,,,
22796,98.832771,,,,,,
22797,98.987038,,,,,,
22798,98.728172,,,,,,
22800,,78.230000,0.114062,,,,
22800,98.064262,,,,,,
22801,98.883888,,,,,,
22802,98.333008,,,,,,
22803,98.521553,,,,,,
22804,98.904213,,,,,,
22805,98.086952,,,,,,
22806,98.531815,,,,,,
22807,98.620575,,,,,,
22808,98.614731,,,,,,
22809,98.573723,,,,,,
22810,98.254013,,,,,,
22811,98.344994,,,,,,
22812,98.136810,,,,,,
22813,98.765083,,,,,,
22814,99.039017,,,,,,
22815,98.419037,,,,,,
22816,98.681625,,,,,,
22817,98.642738,,,,,,
22818,98.188858,,,,,,
22819,98.183113,,,,,,
22820,98.514877,,,,,,
22821,98.661339,,,,,,
22822,98.862892,,,,,,
22823,97.860947,,,,,,
22824,98.040222,,,,,,
22825,98.328957,,,,,,
22826,98.570930,,,,,,
22827,98.374611,,,,,,
22828,98.902008,,,,,,
22829,98.295959,,,,,,
22830,98.603699,,,,,,
22831,97.675407,,,,,,
22832,98.906837,,,,,,
22833,98.777847,,,,,,
22834,98.486443,,,,,,
22835,98.584465,,,,,,
22836,98.350487,,,,,,
22837,98.406075,,,,,,
22838,98.351448,,,,,,
22839,98.547531,,,,,,
22840,98.992645,,,,,,
22841,98.452110,,,,,,
22842,99.089119,,,,,,
22843,99.103035,,,,,,
22844,98.157089,,,,,,
22845,98.635376,,,,,,
22846,98.686211,,,,,,
22847,99.097809,,,,,,
22848,98.465340,,,,,,
22849,98.859482,,,,,,
22850,98.399956,,,,,,
22851,98.319572,,,,,,
22852,98.702789,,,,,,
22853,98.305382,,,,,,
22854,98.606613,,,,,,
22855,98.195953,,,,,,
22856,98.420410,,,,,,
22857,98.267609,,,,,,
22858,97.330856,,,,,,
22859,98.334885,,,,,,
22860,98.317833,,,,,,
22861,98.344109,,,,,,
22862,98.653618,,,,,,
22863,98.404526,,,,,,
22864,99.045860,,,,,,
22865,98.519798,,,,,,
22866,98.824265,,,,,,
22867,98.007973,,,,,,
22868,98.800438,,,,,,
22869,98.737793,,,,,,
22870,98.975876,,,,,,
22871,98.294426,,,,,,
22872,98.927299,,,,,,
22873,98.680725,,,,,,
22874,98.545746,,,,,,
22875,98.893295,,,,,,
22876,98.396118,,,,,,
22877,98.521568,,,,,,
22878,98.324364,,,,,,
22879,98.825073,,,,,,
22880,99.038979,,,,,,
22881,98.585312,,,,,,
22882,98.909622,,,,,,
22883,98.579414,,,,,,
22884,98.719086,,,,,,
22885,98.251991,,,,,,
22886,99.057404,,,,,,
22887,98.750092,,,,,,
22888,98.884003,,,,,,
22889,99.096931,,,,,,
22890,98.447990,,,,,,
22891,98.554291,,,,,,
22892,98.068413,,,,,,
22893,98.711014,,,,,,
22894,98.749504,,,,,,
22895,98.293983,,,,,,
22896,98.529083,,,,,,
22897,98.602364,,,,,,
22898,98.584167,,,,,,
22899,98.591904,,,,,,
22900,97.828217,,,,,,
22901,98.016243,,,,,,
22902,98.819923,,,,,,
22903,98.580719,,,,,,
22904,98.816612,,,,,,
22905,98.995949,,,,,,
22906,98.646446,,,,,,
22907,98.113174,,,,,,
22908,98.603493,,,,,,
22909,98.307259,,,,,,
22910,99.058121,,,,,,
22911,98.310631,,,,,,
22912,98.630478,,,,,,
22913,98.628288,,,,,,
22914,98.200417,,,,,,
22915,98.606812,,,,,,
22916,98.768639,,,,,,
22917,98.685173,,,,,,
22918,98.393150,,,,,,
22919,98.948921,,,,,,
22920,98.778290,,,,,,
22921,98.561684,,,,,,
22922,99.163376,,,,,,
22923,98.065567,,,,,,
22924,98.633209,,,,,,
22925,98.820702,,,,,,
22926,98.270798,,,,,,
22927,98.738892,,,,,,
22928,98.826866,,,,,,
22929,98.032494,,,,,,
22930,99.077873,,,,,,
22931,98.046448,,,,,,
22932,98.451080,,,,,,
22933,98.671471,,,,,,
22934,98.271889,,,,,,
22935,98.410385,,,,,,
22936,98.860550,,,,,,
22937,98.586037,,,,,,
22938,98.311134,,,,,,
22939,98.951721,,,,,,
22940,98.189552,,,,,,
22941,98.572380,,,,,,
22942,98.715843,,,,,,
22943,98.296516,,,,,,
22944,98.785789,,,,,,
22945,98.926216,,,,,,
22946,98.917427,,,,,,
22947,98.392952,,,,,,
22948,98.264572,,,,,,
22949,98.463692,,,,,,
22950,97.876045,,,,,,
22951,98.466331,,,,,,
22952,98.306465,,,,,,
22953,97.909401,,,,,,
22954,98.034988,,,,,,
22955,98.705742,,,,,,
22956,98.811424,,,,,,
22957,98.874207,,,,,,
22958,98.654381,,,,,,
22959,98.551628,,,,,,
22960,98.532684,,,,,,
22961,98.388329,,,,,,
22962,98.123138,,,,,,
22963,98.414871,,,,,,
22964,98.510704,,,,,,
22965,97.988380,,,,,,
22966,98.897163,,,,,,
22967,97.891800,,,,,,
22968,98.583580,,,,,,
22969,99.035942,,,,,,
22970,97.947159,,,,,,
22971,99.125145,,,,,,
22972,98.687729,,,,,,
22973,98.728661,,,,,,
22974,98.340607,,,,,,
22975,98.580597,,,,,,
22976,98.288628,,,,,,
22977,98.064194,,,,,,
22978,98.873535,,,,,,
22979,98.880798,,,,,,
22980,98.455765,,,,,,
22981,98.965637,,,,,,
22982,98.347023,,,,,,
22983,98.715813,,,,,,
22984,98.426018,,,,,,
22985,98.704971,,,,,,
22986,98.086403,,,,,,
22987,98.909477,,,,,,
22988,98.679901,,,,,,
22989,98.769653,,,,,,
22990,98.267349,,,,,,
22991,98.463844,,,,,,
22992,97.889404,,,,,,
22993,98.963638,,,,,,
22994,98.616600,,,,,,
22995,98.920120,,,,,,
22996,98.839958,,,,,,
22997,98.447433,,,,,,
22998,98.975670,,,,,,
23000,,78.170000,0.112005,,,,
23000,98.555428,,,,,,
23001,98.824768,,,,,,
23002,98.563667,,,,,,
23003,98.732170,,,,,,
23004,98.562500,,,,,,
23005,98.590919,,,,,,
23006,98.422424,,,,,,
23007,98.856827,,,,,,
23008,98.358788,,,,,,
23009,98.822655,,,,,,
23010,99.145668,,,,,,
23011,98.477211,,,,,,
23012,98.285072,,,,,,
23013,99.055595,,,,,,
23014,98.736588,,,,,,
23015,98.430847,,,,,,
23016,98.364647,,,,,,
23017,98.529037,,,,,,
23018,98.653770,,,,,,
23019,98.564064,,,,,,
23020,98.618996,,,,,,
23021,98.069427,,,,,,
23022,97.983185,,,,,,
23023,98.825569,,,,,,
23024,98.488693,,,,,,
23025,98.546181,,,,,,
23026,98.555389,,,,,,
23027,98.423065,,,,,,
23028,98.846550,,,,,,
23029,98.342712,,,,,,
23030,98.646599,,,,,,
23031,98.443489,,,,,,
23032,98.445030,,,,,,
23033,98.678352,,,,,,
23034,98.706146,,,,,,
23035,98.157379,,,,,,
23036,98.796936,,,,,,
23037,98.639267,,,,,,
23038,98.980293,,,,,,
23039,98.285744,,,,,,
23040,98.901901,,,,,,
23041,98.803444,,,,,,
23042,98.662018,,,,,,
23043,99.031403,,,,,,
23044,98.200325,,,,,,
23045,98.531380,,,,,,
23046,98.676888,,,,,,
23047,98.541534,,,,,,
23048,98.833542,,,,,,
23049,98.210770,,,,,,
23050,98.609367,,,,,,
23051,98.459198,,,,,,
23052,98.387321,,,,,,
23053,97.918205,,,,,,
23054,98.664520,,,,,,
23055,98.855415,,,,,,
23056,98.850594,,,,,,
23057,98.778625,,,,,,
23058,98.102386,,,,,,
23059,98.565880,,,,,,
23060,98.277313,,,,,,
23061,98.288681,,,,,,
23062,98.332176,,,,,,
23063,98.079514,,,,,,
23064,98.463219,,,,,,
23065,98.283455,,,,,,
23066,98.781456,,,,,,
23067,98.874115,,,,,,
23068,97.999054,,,,,,
23069,98.335938,,,,,,
23070,98.610771,,,,,,
23071,98.719452,,,,,,
23072,97.798103,,,,,,
23073,98.739410,,,,,,
23074,98.775665,,,,,,
23075,98.665154,,,,,,
23076,99.027489,,,,,,
23077,98.875595,,,,,,
23078,98.745453,,,,,,
23079,99.105034,,,,,,
23080,98.567261,,,,,,
23081,98.571312,,,,,,
23082,98.573311,,,,,,
23083,98.777267,,,,,,
23084,98.788902,,,,,,
23085,98.524780,,,,,,
23086,98.241142,,,,,,
23087,98.124786,,,,,,
23088,98.646538,,,,,,
23089,98.765350,,,,,,
23090,98.442444,,,,,,
23091,98.889702,,,,,,
23092,98.723045,,,,,,
23093,97.983276,,,,,,
23094,99.019775,,,,,,
23095,98.854469,,,,,,
23096,98.359352,,,,,,
23097,98.514183,,,,,,
23098,98.462273,,,,,,
23099,98.684021,,,,,,
23100,98.347740,,,,,,
23101,98.230568,,,,,,
23102,98.808632,,,,,,
23103,98.591461,,,,,,
23104,98.567482,,,,,,
23105,98.115898,,,,,,
23106,99.006767,,,,,,
23107,98.531876,,,,,,
23108,98.056282,,,,,,
23109,98.325279,,,,,,
23110,98.919037,,,,,,
23111,98.874214,,,,,,
23112,98.219658,,,,,,
23113,98.239380,,,,,,
23114,98.889435,,,,,,
23115,98.271011,,,,,,
23116,98.232635,,,,,,
23117,98.040108,,,,,,
23118,98.192825,,,,,,
23119,98.599701,,,,,,
23120,98.463806,,,,,,
23121,98.296516,,,,,,
23122,98.659470,,,,,,
23123,98.247498,,,,,,
23124,98.477585,,,,,,
23125,98.367714,,,,,,
23126,99.023262,,,,,,
23127,98.533531,,,,,,
23128,98.785294,,,,,,
23129,98.425621,,,,,,
23130,98.679260,,,,,,
23131,98.869385,,,,,,
23132,98.665382,,,,,,
23133,98.989632,,,,,,
23134,97.684799,,,,,,
23135,98.847488,,,,,,
23136,98.709259,,,,,,
23137,97.944160,,,,,,
23138,98.826096,,,,,,
23139,98.832893,,,,,,
23140,98.314102,,,,,,
23141,98.808456,,,,,,
23142,97.612495,,,,,,
23143,98.564583,,,,,,
23144,98.857788,,,,,,
23145,98.227791,,,,,,
23146,99.109749,,,,,,
23147,98.940758,,,,,,
23148,98.972443,,,,,,
23149,99.045395,,,,,,
23150,98.419075,,,,,,
23151,98.303391,,,,,,
23152,99.101143,,,,,,
23153,97.761887,,,,,,
23154,98.309555,,,,,,
23155,98.221390,,,,,,
23156,98.261093,,,,,,
23157,98.262238,,,,,,
23158,98.760361,,,,,,
23159,98.833130,,,,,,
23160,98.895370,,,,,,
23161,98.443069,,,,,,
23162,98.874367,,,,,,
23163,98.371948,,,,,,
23164,98.352142,,,,,,
23165,98.444229,,,,,,
23166,98.488548,,,,,,
23167,98.566711,,,,,,
23168,98.553162,,,,,,
23169,98.519829,,,,,,
23170,98.264557,,,,,,
23171,99.010513,,,,,,
23172,98.755669,,,,,,
23173,98.868637,,,,,,
23174,98.917770,,,,,,
23175,98.141769,,,,,,
23176,98.645805,,,,,,
23177,99.280853,,,,,,
23178,98.255028,,,,,,
23179,98.809143,,,,,,
23180,98.633934,,,,,,
23181,98.793175,,,,,,
23182,98.624664,,,,,,
23183,98.409569,,,,,,
23184,98.649017,,,,,,
23185,98.864281,,,,,,
23186,98.219070,,,,,,
23187,97.980423,,,,,,
23188,98.736603,,,,,,
23189,98.106262,,,,,,
23190,98.674927,,,,,,
23191,98.679337,,,,,,
23192,98.528000,,,,,,
23193,98.909431,,,,,,
23194,98.653709,,,,,,
23195,98.572800,,,,,,
23196,99.080925,,,,,,
23197,98.263618,,,,,,
23198,98.729935,,,,,,
23200,,78.040000,0.110779,,,,
23200,98.249130,,,,,,
23201,98.830795,,,,,,
23202,98.019791,,,,,,
23203,98.758476,,,,,,
23204,98.524841,,,,,,
23205,98.718498,,,,,,
23206,98.278435,,,,,,
23207,98.666290,,,,,,
23208,98.315552,,,,,,
23209,98.418114,,,,,,
23210,98.465317,,,,,,
23211,98.680046,,,,,,
23212,98.737129,,,,,,
23213,98.850716,,,,,,
23214,97.987930,,,,,,
23215,98.316498,,,,,,
23216,98.541130,,,,,,
23217,98.217430,,,,,,
23218,99.123825,,,,,,
23219,98.679543,,,,,,
23220,98.225563,,,,,,
23221,99.126884,,,,,,
23222,98.713234,,,,,,
23223,98.400391,,,,,,
23224,97.916695,,,,,,
23225,98.563484,,,,,,
23226,99.242615,,,,,,
23227,98.207993,,,,,,
23228,98.660179,,,,,,
23229,99.129814,,,,,,
23230,98.337669,,,,,,
23231,98.918686,,,,,,
23232,98.553131,,,,,,
23233,98.340019,,,,,,
23234,98.952118,,,,,,
23235,98.416603,,,,,,
23236,98.956741,,,,,,
23237,98.451492,,,,,,
23238,98.729065,,,,,,
23239,98.373894,,,,,,
23240,98.274712,,,,,,
23241,98.638626,,,,,,
23242,98.520523,,,,,,
23243,98.389801,,,,,,
23244,98.733307,,,,,,
23245,98.318237,,,,,,
23246,98.639793,,,,,,
23247,99.023811,,,,,,
23248,99.029045,,,,,,
23249,98.450409,,,,,,
23250,98.622101,,,,,,
23251,98.779762,,,,,,
23252,98.721672,,,,,,
23253,98.555557,,,,,,
23254,98.385674,,,,,,
23255,98.710403,,,,,,
23256,98.385941,,,,,,
23257,99.083527,,,,,,
23258,98.414772,,,,,,
23259,98.891838,,,,,,
23260,98.309952,,,,,,
23261,98.741837,,,,,,
23262,98.585159,,,,,,
23263,98.496338,,,,,,
23264,99.137314,,,,,,
23265,98.374321,,,,,,
23266,98.801292,,,,,,
23267,99.114265,,,,,,
23268,98.583572,,,,,,
23269,98.681618,,,,,,
23270,97.843651,,,,,,
23271,99.163567,,,,,,
23272,98.746414,,,,,,
23273,98.565788,,,,,,
23274,98.549370,,,,,,
23275,98.684395,,,,,,
23276,98.003510,,,,,,
23277,98.758186,,,,,,
23278,98.096664,,,,,,
23279,98.782532,,,,,,
23280,98.361046,,,,,,
23281,98.917160,,,,,,
23282,98.577896,,,,,,
23283,98.941368,,,,,,
23284,98.766464,,,,,,
23285,98.283577,,,,,,
23286,98.687523,,,,,,
23287,98.183472,,,,,,
23288,98.980629,,,,,,
23289,98.811707,,,,,,
23290,98.304909,,,,,,
23291,98.917107,,,,,,
23292,98.922203,,,,,,
23293,99.160271,,,,,,
23294,98.609581,,,,,,
23295,98.811493,,,,,,
23296,98.615562,,,,,,
23297,98.063477,,,,,,
23298,98.997414,,,,,,
23299,98.470299,,,,,,
23300,98.743591,,,,,,
23301,98.541161,,,,,,
23302,98.911842,,,,,,
23303,98.295059,,,,,,
23304,97.880341,,,,,,
23305,98.523354,,,,,,
23306,98.341980,,,,,,
23307,98.662262,,,,,,
23308,98.030548,,,,,,
23309,98.383408,,,,,,
23310,98.312012,,,,,,
23311,98.801102,,,,,,
23312,98.646652,,,,,,
23313,98.825722,,,,,,
23314,98.202789,,,,,,
23315,98.345703,,,,,,
23316,98.665924,,,,,,
23317,98.274483,,,,,,
23318,98.841759,,,,,,
23319,98.871262,,,,,,
23320,98.702019,,,,,,
23321,98.985695,,,,,,
23322,98.605286,,,,,,
23323,97.975258,,,,,,
23324,98.844849,,,,,,
23325,98.327911,,,,,,
23326,98.529175,,,,,,
23327,98.548019,,,,,,
23328,98.560730,,,,,,
23329,98.306488,,,,,,
23330,98.506294,,,,,,
23331,98.165222,,,,,,
23332,98.057198,,,,,,
23333,98.765846,,,,,,
23334,98.619499,,,,,,
23335,98.288101,,,,,,
23336,98.891083,,,,,,
23337,98.327652,,,,,,
23338,98.733437,,,,,,
23339,98.257690,,,,,,
23340,98.912094,,,,,,
23341,98.208115,,,,,,
23342,98.052559,,,,,,
23343,98.415123,,,,,,
23344,98.102516,,,,,,
23345,98.334473,,,,,,
23346,98.633095,,,,,,
23347,97.986725,,,,,,
23348,98.500778,,,,,,
23349,98.744209,,,,,,
23350,98.641449,,,,,,
23351,98.846001,,,,,,
23352,98.576912,,,,,,
23353,98.914154,,,,,,
23354,98.905502,,,,,,
23355,98.296631,,,,,,
23356,98.662071,,,,,,
23357,98.689545,,,,,,
23358,98.417175,,,,,,
23359,98.717941,,,,,,
23360,98.624367,,,,,,
23361,98.297409,,,,,,
23362,98.469902,,,,,,
23363,98.463287,,,,,,
23364,98.819542,,,,,,
23365,98.902184,,,,,,
23366,98.857361,,,,,,
23367,98.658882,,,,,,
23368,99.074860,,,,,,
23369,97.945984,,,,,,
23370,99.026337,,,,,,
23371,98.802101,,,,,,
23372,98.803604,,,,,,
23373,98.674339,,,,,,
23374,99.020195,,,,,,
23375,98.416801,,,,,,
23376,98.706200,,,,,,
23377,97.814873,,,,,,
23378,98.470337,,,,,,
23379,98.463043,,,,,,
23380,98.213486,,,,,,
23381,98.813744,,,,,,
23382,98.120392,,,,,,
23383,98.768990,,,,,,
23384,98.634178,,,,,,
23385,98.490158,,,,,,
23386,98.353065,,,,,,
23387,98.410889,,,,,,
23388,98.561241,,,,,,
23389,98.749603,,,,,,
23390,98.707237,,,,,,
23391,98.349426,,,,,,
23392,98.391510,,,,,,
23393,98.395012,,,,,,
23394,98.225899,,,,,,
23395,98.549889,,,,,,
23396,98.928246,,,,,,
23397,98.443649,,,,,,
23398,98.276779,,,,,,
23400,,78.080000,0.112433,,,,
23400,98.156441,,,,,,
23401,98.632057,,,,,,
23402,98.760994,,,,,,
23403,98.801689,,,,,,
23404,98.327606,,,,,,
23405,98.922127,,,,,,
23406,99.105850,,,,,,
23407,98.499092,,,,,,
23408,98.379044,,,,,,
23409,98.291656,,,,,,
23410,98.449074,,,,,,
23411,98.132423,,,,,,
23412,98.952728,,,,,,
23413,98.757935,,,,,,
23414,98.752594,,,,,,
23415,98.292007,,,,,,
23416,98.347893,,,,,,
23417,98.724190,,,,,,
23418,98.837753,,,,,,
23419,98.873726,,,,,,
23420,99.193321,,,,,,
23421,98.507446,,,,,,
23422,98.024155,,,,,,
23423,98.278664,,,,,,
23424,99.006905,,,,,,
23425,98.633812,,,,,,
23426,98.623802,,,,,,
23427,98.532135,,,,,,
23428,98.938995,,,,,,
23429,97.872826,,,,,,
23430,98.337624,,,,,,
23431,98.138672,,,,,,
23432,98.992699,,,,,,
23433,98.771027,,,,,,
23434,98.702202,,,,,,
23435,98.198799,,,,,,
23436,98.488724,,,,,,
23437,98.770836,,,,,,
23438,98.197456,,,,,,
23439,97.996483,,,,,,
23440,98.890221,,,,,,
23441,98.422432,,,,,,
23442,98.907906,,,,,,
23443,98.313156,,,,,,
23444,98.232269,,,,,,
23445,98.786514,,,,,,
23446,98.949409,,,,,,
23447,98.529129,,,,,,
23448,98.999870,,,,,,
23449,98.753418,,,,,,
23450,98.499336,,,,,,
23451,98.356865,,,,,,
23452,98.462646,,,,,,
23453,98.578995,,,,,,
23454,97.809303,,,,,,
23455,98.626274,,,,,,
23456,98.297928,,,,,,
23457,98.472847,,,,,,
23458,98.567741,,,,,,
23459,98.943802,,,,,,
23460,98.860634,,,,,,
23461,98.185265,,,,,,
23462,99.099342,,,,,,
23463,98.919701,,,,,,
23464,98.862915,,,,,,
23465,98.734978,,,,,,
23466,98.744453,,,,,,
23467,98.753868,,,,,,
23468,98.007332,,,,,,
23469,98.414360,,,,,,
23470,98.264618,,,,,,
23471,98.039597,,,,,,
23472,98.514526,,,,,,
23473,98.364494,,,,,,
23474,98.664848,,,,,,
23475,98.915863,,,,,,
23476,98.385292,,,,,,
23477,98.777008,,,,,,
23478,99.140274,,,,,,
23479,98.423820,,,,,,
23480,98.918076,,,,,,
23481,98.052277,,,,,,
23482,98.144051,,,,,,
23483,98.565315,,,,,,
23484,98.574249,,,,,,
23485,98.687561,,,,,,
23486,98.329094,,,,,,
23487,98.148972,,,,,,
23488,98.645226,,,,,,
23489,98.593994,,,,,,
23490,98.469711,,,,,,
23491,98.717102,,,,,,
23492,98.598732,,,,,,
23493,98.959534,,,,,,
23494,98.437157,,,,,,
23495,98.729622,,,,,,
23496,99.150757,,,,,,
23497,98.442200,,,,,,
23498,98.822472,,,,,,
23499,98.018593,,,,,,
23500,98.714798,,,,,,
23501,98.792046,,,,,,
23502,98.426788,,,,,,
23503,98.704628,,,,,,
23504,98.879982,,,,,,
23505,98.458145,,,,,,
23506,98.747696,,,,,,
23507,98.326584,,,,,,
23508,97.667480,,,,,,
23509,98.052818,,,,,,
23510,99.128235,,,,,,
23511,98.632721,,,,,,
23512,99.080750,,,,,,
23513,99.119858,,,,,,
23514,98.457222,,,,,,
23515,98.340668,,,,,,
23516,98.824448,,,,,,
23517,98.224762,,,,,,
23518,98.268761,,,,,,
23519,98.817360,,,,,,
23520,99.035324,,,,,,
23521,98.547035,,,,,,
23522,98.143303,,,,,,
23523,98.708038,,,,,,
23524,99.060715,,,,,,
23525,98.563919,,,,,,
23526,98.431694,,,,,,
23527,98.216919,,,,,,
23528,98.464478,,,,,,
23529,98.665939,,,,,,
23530,98.638771,,,,,,
23531,99.027214,,,,,,
23532,98.756279,,,,,,
23533,98.480537,,,,,,
23534,97.991219,,,,,,
23535,98.802925,,,,,,
23536,98.590584,,,,,,
23537,98.720909,,,,,,
23538,98.816460,,,,,,
23539,98.538651,,,,,,
23540,99.054924,,,,,,
23541,98.587479,,,,,,
23542,98.665283,,,,,,
23543,99.096916,,,,,,
23544,98.880112,,,,,,
23545,97.969490,,,,,,
23546,98.552765,,,,,,
23547,98.611153,,,,,,
23548,98.657608,,,,,,
23549,98.008667,,,,,,
23550,98.849655,,,,,,
23551,97.799599,,,,,,
23552,97.902733,,,,,,
23553,98.819626,,,,,,
23554,97.995911,,,,,,
23555,98.710800,,,,,,
23556,98.844917,,,,,,
23557,98.675179,,,,,,
23558,98.873749,,,,,,
23559,98.536499,,,,,,
23560,98.538582,,,,,,
23561,98.384163,,,,,,
23562,98.253571,,,,,,
23563,98.364998,,,,,,
23564,98.374298,,,,,,
23565,98.822639,,,,,,
23566,98.636925,,,,,,
23567,98.707809,,,,,,
23568,98.888481,,,,,,
23569,98.865074,,,,,,
23570,98.854027,,,,,,
23571,98.160896,,,,,,
23572,98.641823,,,,,,
23573,98.405731,,,,,,
23574,98.489380,,,,,,
23575,98.504761,,,,,,
23576,98.641747,,,,,,
23577,98.581848,,,,,,
23578,98.401840,,,,,,
23579,99.163651,,,,,,
23580,97.754677,,,,,,
23581,98.590584,,,,,,
23582,98.426025,,,,,,
23583,98.924438,,,,,,
23584,99.033112,,,,,,
23585,98.274429,,,,,,
23586,98.501869,,,,,,
23587,98.805595,,,,,,
23588,98.574547,,,,,,
23589,98.900375,,,,,,
23590,98.646446,,,,,,
23591,98.878746,,,,,,
23592,98.635147,,,,,,
23593,98.716194,,,,,,
23594,97.704163,,,,,,
23595,99.001884,,,,,,
23596,98.933311,,,,,,
23597,98.633041,,,,,,
23598,98.339211,,,,,,
23600,,78.030000,0.114017,,,,
23600,98.367439,,,,,,
23601,98.231010,,,,,,
23602,98.780090,,,,,,
23603,98.657120,,,,,,
23604,98.521126,,,,,,
23605,98.067551,,,,,,
23606,98.190826,,,,,,
23607,98.741142,,,,,,
23608,98.291023,,,,,,
23609,98.104553,,,,,,
23610,98.749847,,,,,,
23611,98.406670,,,,,,
23612,98.378952,,,,,,
23613,99.006966,,,,,,
23614,99.009499,,,,,,
23615,98.458496,,,,,,
23616,98.178802,,,,,,
23617,98.774651,,,,,,
23618,99.120316,,,,,,
23619,98.965179,,,,,,
23620,98.105736,,,,,,
23621,98.504051,,,,,,
23622,98.518982,,,,,,
23623,98.713028,,,,,,
23624,98.723503,,,,,,
23625,98.780762,,,,,,
23626,98.612579,,,,,,
23627,98.312294,,,,,,
23628,97.902443,,,,,,
23629,98.576164,,,,,,
23630,98.025932,,,,,,
23631,98.449806,,,,,,
23632,98.266098,,,,,,
23633,98.076134,,,,,,
23634,98.262520,,,,,,
23635,98.797478,,,,,,
23636,98.589890,,,,,,
23637,98.535500,,,,,,
23638,98.724007,,,,,,
23639,97.966011,,,,,,
23640,98.642303,,,,,,
23641,98.899101,,,,,,
23642,98.577126,,,,,,
23643,98.464256,,,,,,
23644,98.484970,,,,,,
23645,98.889420,,,,,,
23646,98.688004,,,,,,
23647,98.471565,,,,,,
23648,98.590988,,,,,,
23649,99.084831,,,,,,
23650,98.377785,,,,,,
23651,98.482658,,,,,,
23652,98.384079,,,,,,
23653,98.642624,,,,,,
23654,99.050766,,,,,,
23655,98.982979,,,,,,
23656,98.441383,,,,,,
23657,98.550613,,,,,,
23658,98.102982,,,,,,
23659,98.681549,,,,,,
23660,98.681984,,,,,,
23661,98.892525,,,,,,
23662,98.458298,,,,,,
23663,98.262230,,,,,,
23664,98.628410,,,,,,
23665,98.706856,,,,,,
23666,98.831673,,,,,,
23667,98.163635,,,,,,
23668,98.311348,,,,,,
23669,98.938034,,,,,,
23670,98.777176,,,,,,
23671,98.409134,,,,,,
23672,97.838783,,,,,,
23673,98.358711,,,,,,
23674,98.877777,,,,,,
23675,98.386299,,,,,,
23676,98.931839,,,,,,
23677,98.111610,,,,,,
23678,98.528206,,,,,,
23679,97.773972,,,,,,
23680,98.519882,,,,,,
23681,98.663124,,,,,,
23682,98.696793,,,,,,
23683,98.952225,,,,,,
23684,98.471954,,,,,,
23685,98.282349,,,,,,
23686,98.718567,,,,,,
23687,98.823990,,,,,,
23688,98.563347,,,,,,
23689,98.329300,,,,,,
23690,98.733391,,,,,,
23691,98.998146,,,,,,
23692,98.665031,,,,,,
23693,98.650818,,,,,,
23694,98.442184,,,,,,
23695,98.839569,,,,,,
23696,98.814224,,,,,,
23697,99.005974,,,,,,
23698,98.617210,,,,,,
23699,98.872475,,,,,,
23700,98.264503,,,,,,
23701,98.214539,,,,,,
23702,98.475845,,,,,,
23703,98.372765,,,,,,
23704,98.254433,,,,,,
23705,98.435524,,,,,,
23706,98.572144,,,,,,
23707,98.845642,,,,,,
23708,98.188560,,,,,,
23709,98.449997,,,,,,
23710,98.442642,,,,,,
23711,98.818192,,,,,,
23712,98.460602,,,,,,
23713,98.773727,,,,,,
23714,98.742279,,,,,,
23715,98.271790,,,,,,
23716,98.617851,,,,,,
23717,97.939400,,,,,,
23718,98.772621,,,,,,
23719,98.577988,,,,,,
23720,98.956772,,,,,,
23721,97.866676,,,,,,
23722,98.851730,,,,,,
23723,98.660622,,,,,,
23724,98.420013,,,,,,
23725,98.463547,,,,,,
23726,98.442276,,,,,,
23727,98.432838,,,,,,
23728,98.319038,,,,,,
23729,98.893623,,,,,,
23730,98.486580,,,,,,
23731,98.326797,,,,,,
23732,98.268829,,,,,,
23733,98.580574,,,,,,
23734,98.129967,,,,,,
23735,98.719910,,,,,,
23736,98.371803,,,,,,
23737,98.974281,,,,,,
23738,98.047272,,,,,,
23739,98.310623,,,,,,
23740,98.682671,,,,,,
23741,98.692375,,,,,,
23742,98.254562,,,,,,
23743,98.521118,,,,,,
23744,98.834518,,,,,,
23745,98.549805,,,,,,
23746,98.704651,,,,,,
23747,98.610901,,,,,,
23748,98.590103,,,,,,
23749,98.559074,,,,,,
23750,98.228653,,,,,,
23751,98.236397,,,,,,
23752,98.637016,,,,,,
23753,98.429459,,,,,,
23754,98.302315,,,,,,
23755,98.821739,,,,,,
23756,98.612457,,,,,,
23757,98.687317,,,,,,
23758,98.787903,,,,,,
23759,98.914055,,,,,,
23760,99.070213,,,,,,
23761,98.386391,,,,,,
23762,98.011871,,,,,,
23763,98.804573,,,,,,
23764,98.559258,,,,,,
23765,98.926842,,,,,,
23766,98.508270,,,,,,
23767,98.485405,,,,,,
23768,98.532585,,,,,,
23769,97.953232,,,,,,
23770,98.466835,,,,,,
23771,98.475441,,,,,,
23772,98.458244,,,,,,
23773,98.781250,,,,,,
23774,99.312561,,,,,,
23775,98.692299,,,,,,
23776,98.353569,,,,,,
23777,98.817810,,,,,,
23778,98.930885,,,,,,
23779,98.832153,,,,,,
23780,98.540428,,,,,,
23781,98.867477,,,,,,
23782,98.325943,,,,,,
23783,98.798660,,,,,,
23784,98.640450,,,,,,
23785,98.708534,,,,,,
23786,98.581978,,,,,,
23787,98.037750,,,,,,
23788,98.183784,,,,,,
23789,98.914970,,,,,,
23790,98.428925,,,,,,
23791,98.394730,,,,,,
23792,98.499519,,,,,,
23793,98.763878,,,,,,
23794,98.273605,,,,,,
23795,98.499359,,,,,,
23796,98.105743,,,,,,
23797,98.989197,,,,,,
23798,98.675522,,,,,,
23800,,78.000000,0.115306,,,,
23800,98.254761,,,,,,
23801,98.803291,,,,,,
23802,98.489357,,,,,,
23803,98.579659,,,,,,
23804,98.336372,,,,,,
23805,98.819649,,,,,,
23806,98.975723,,,,,,
23807,98.957474,,,,,,
23808,98.579208,,,,,,
23809,98.214943,,,,,,
23810,98.688103,,,,,,
23811,98.482513,,,,,,
23812,98.900177,,,,,,
23813,98.403976,,,,,,
23814,99.120995,,,,,,
23815,97.957764,,,,,,
23816,98.657631,,,,,,
23817,98.991516,,,,,,
23818,98.473427,,,,,,
23819,97.734283,,,,,,
23820,98.174484,,,,,,
23821,97.878395,,,,,,
23822,98.625191,,,,,,
23823,98.603256,,,,,,
23824,98.789413,,,,,,
23825,98.259087,,,,,,
23826,98.765167,,,,,,
23827,98.428642,,,,,,
23828,98.224510,,,,,,
23829,98.894295,,,,,,
23830,98.480415,,,,,,
23831,98.858223,,,,,,
23832,98.270027,,,,,,
23833,98.528038,,,,,,
23834,98.609848,,,,,,
23835,98.766556,,,,,,
23836,98.646095,,,,,,
23837,98.837791,,,,,,
23838,98.571701,,,,,,
23839,98.990616,,,,,,
23840,98.856392,,,,,,
23841,98.957329,,,,,,
23842,98.793861,,,,,,
23843,98.571686,,,,,,
23844,98.590393,,,,,,
23845,98.477783,,,,,,
23846,98.405182,,,,,,
23847,98.607582,,,,,,
23848,98.669205,,,,,,
23849,98.680901,,,,,,
23850,98.902786,,,,,,
23851,98.655510,,,,,,
23852,98.851219,,,,,,
23853,98.057854,,,,,,
23854,98.895164,,,,,,
23855,98.841576,,,,,,
23856,98.628563,,,,,,
23857,98.367867,,,,,,
23858,98.656464,,,,,,
23859,99.013329,,,,,,
23860,98.749222,,,,,,
23861,98.580452,,,,,,
23862,98.527672,,,,,,
23863,98.467880,,,,,,
23864,98.548004,,,,,,
23865,98.536713,,,,,,
23866,98.603409,,,,,,
23867,98.451347,,,,,,
23868,98.989059,,,,,,
23869,98.868996,,,,,,
23870,98.737709,,,,,,
23871,98.763649,,,,,,
23872,98.591431,,,,,,
23873,98.836624,,,,,,
23874,98.154045,,,,,,
23875,98.699844,,,,,,
23876,98.307472,,,,,,
23877,98.877831,,,,,,
23878,98.753250,,,,,,
23879,98.167870,,,,,,
23880,98.858322,,,,,,
23881,98.843971,,,,,,
23882,98.532112,,,,,,
23883,98.772003,,,,,,
23884,98.434105,,,,,,
23885,98.838028,,,,,,
23886,98.577843,,,,,,
23887,98.668633,,,,,,
23888,98.217873,,,,,,
23889,98.479080,,,,,,
23890,98.620277,,,,,,
23891,98.608124,,,,,,
23892,98.749710,,,,,,
23893,98.524040,,,,,,
23894,98.844948,,,,,,
23895,98.390366,,,,,,
23896,98.684402,,,,,,
23897,98.674599,,,,,,
23898,98.713051,,,,,,
23899,98.779495,,,,,,
23900,98.028664,,,,,,
23901,98.444878,,,,,,
23902,97.521049,,,,,,
23903,98.734444,,,,,,
23904,98.309212,,,,,,
23905,98.682274,,,,,,
23906,97.710541,,,,,,
23907,98.567520,,,,,,
23908,98.251747,,,,,,
23909,98.598320,,,,,,
23910,98.584442,,,,,,
23911,98.967003,,,,,,
23912,98.522964,,,,,,
23913,98.350197,,,,,,
23914,97.702728,,,,,,
23915,98.703453,,,,,,
23916,98.362068,,,,,,
23917,98.765312,,,,,,
23918,98.804688,,,,,,
23919,98.806297,,,,,,
23920,98.164253,,,,,,
23921,97.994095,,,,,,
23922,98.501358,,,,,,
23923,98.907036,,,,,,
23924,98.319008,,,,,,
23925,98.646881,,,,,,
23926,98.415985,,,,,,
23927,98.706993,,,,,,
23928,98.581711,,,,,,
23929,98.799736,,,,,,
23930,98.745743,,,,,,
23931,97.688553,,,,,,
23932,98.321976,,,,,,
23933,98.684532,,,,,,
23934,98.519043,,,,,,
23935,98.846481,,,,,,
23936,98.682549,,,,,,
23937,98.140778,,,,,,
23938,98.238937,,,,,,
23939,98.767494,,,,,,
23940,99.127190,,,,,,
23941,98.875015,,,,,,
23942,98.247887,,,,,,
23943,98.992073,,,,,,
23944,98.470268,,,,,,
23945,98.539825,,,,,,
23946,98.491730,,,,,,
23947,98.403397,,,,,,
23948,98.517540,,,,,,
23949,98.861320,,,,,,
23950,98.378494,,,,,,
23951,98.289673,,,,,,
23952,98.518013,,,,,,
23953,98.812637,,,,,,
23954,98.399338,,,,,,
23955,98.515137,,,,,,
23956,98.201027,,,,,,
23957,98.434937,,,,,,
23958,98.253143,,,,,,
23959,98.826584,,,,,,
23960,98.441040,,,,,,
23961,98.907501,,,,,,
23962,98.844147,,,,,,
23963,98.580063,,,,,,
23964,98.921448,,,,,,
23965,98.420891,,,,,,
23966,98.628555,,,,,,
23967,98.284164,,,,,,
23968,97.812614,,,,,,
23969,98.568863,,,,,,
23970,98.748039,,,,,,
23971,98.040199,,,,,,
23972,98.833473,,,,,,
23973,98.681976,,,,,,
23974,98.491760,,,,,,
23975,98.115387,,,,,,
23976,98.999573,,,,,,
23977,98.697952,,,,,,
23978,99.148773,,,,,,
23979,98.867485,,,,,,
23980,98.467789,,,,,,
23981,98.908562,,,,,,
23982,98.259109,,,,,,
23983,98.764366,,,,,,
23984,98.922249,,,,,,
23985,98.770210,,,,,,
23986,98.568810,,,,,,
23987,98.761307,,,,,,
23988,98.874344,,,,,,
23989,98.310837,,,,,,
23990,98.806442,,,,,,
23991,98.455482,,,,,,
23992,98.993027,,,,,,
23993,97.974236,,,,,,
23994,98.408920,,,,,,
23995,99.025963,,,,,,
23996,98.230209,,,,,,
23997,98.478119,,,,,,
23998,98.668678,,,,,,
24000,,78.220000,0.111129,,,,
24000,98.923027,,,,,,
24001,97.889473,,,,,,
24002,98.699394,,,,,,
24003,98.652649,,,,,,
24004,97.824585,,,,,,
24005,98.706963,,,,,,
24006,98.506042,,,,,,
24007,98.678558,,,,,,
24008,98.843529,,,,,,
24009,98.634102,,,,,,
24010,98.040558,,,,,,
24011,98.838684,,,,,,
24012,98.382828,,,,,,
24013,97.392532,,,,,,
24014,98.662453,,,,,,
24015,98.307968,,,,,,
24016,98.678688,,,,,,
24017,98.061775,,,,,,
24018,98.466393,,,,,,
24019,98.928352,,,,,,
24020,98.694771,,,,,,
24021,98.932083,,,,,,
24022,98.529114,,,,,,
24023,98.510086,,,,,,
24024,98.580986,,,,,,
24025,98.710526,,,,,,
24026,98.469795,,,,,,
24027,97.971985,,,,,,
24028,98.602768,,,,,,
24029,98.508888,,,,,,
24030,98.868736,,,,,,
24031,98.698967,,,,,,
24032,98.571053,,,,,,
24033,98.685547,,,,,,
24034,98.613007,,,,,,
24035,98.489578,,,,,,
24036,97.908737,,,,,,
24037,98.498337,,,,,,
24038,98.392357,,,,,,
24039,98.434677,,,,,,
24040,98.980896,,,,,,
24041,97.904106,,,,,,
24042,98.293030,,,,,,
24043,98.154175,,,,,,
24044,98.666496,,,,,,
24045,98.384476,,,,,,
24046,98.650436,,,,,,
24047,98.534988,,,,,,
24048,98.574951,,,,,,
24049,98.117821,,,,,,
24050,98.957001,,,,,,
24051,99.092842,,,,,,
24052,98.302994,,,,,,
24053,98.559296,,,,,,
24054,98.332642,,,,,,
24055,98.925690,,,,,,
24056,98.062515,,,,,,
24057,98.175903,,,,,,
24058,98.641068,,,,,,
24059,98.955032,,,,,,
24060,98.574478,,,,,,
24061,99.040543,,,,,,
24062,98.164413,,,,,,
24063,98.583710,,,,,,
24064,98.979919,,,,,,
24065,98.231483,,,,,,
24066,98.729393,,,,,,
24067,99.017883,,,,,,
24068,98.330887,,,,,,
24069,98.692719,,,,,,
24070,98.183907,,,,,,
24071,98.720924,,,,,,
24072,98.464554,,,,,,
24073,98.625565,,,,,,
24074,98.861740,,,,,,
24075,98.393753,,,,,,
24076,98.909737,,,,,,
24077,98.610474,,,,,,
24078,98.786598,,,,,,
24079,98.753830,,,,,,
24080,98.326904,,,,,,
24081,98.616653,,,,,,
24082,98.852196,,,,,,
24083,98.416405,,,,,,
24084,98.608620,,,,,,
24085,97.846474,,,,,,
24086,98.897003,,,,,,
24087,98.081001,,,,,,
24088,98.671219,,,,,,
24089,98.948616,,,,,,
24090,98.598045,,,,,,
24091,98.709671,,,,,,
24092,98.610817,,,,,,
24093,99.196732,,,,,,
24094,97.858376,,,,,,
24095,98.285408,,,,,,
24096,98.494499,,,,,,
24097,98.575775,,,,,,
24098,98.079407,,,,,,
24099,98.953949,,,,,,
24100,98.444237,,,,,,
24101,98.743301,,,,,,
24102,98.444664,,,,,,
24103,98.715378,,,,,,
24104,98.622520,,,,,,
24105,98.873451,,,,,,
24106,98.537476,,,,,,
24107,98.541260,,,,,,
24108,98.821838,,,,,,
24109,98.620529,,,,,,
24110,98.996124,,,,,,
24111,98.763695,,,,,,
24112,98.657784,,,,,,
24113,98.762863,,,,,,
24114,98.599625,,,,,,
24115,98.151596,,,,,,
24116,98.276917,,,,,,
24117,98.080627,,,,,,
24118,98.944839,,,,,,
24119,98.469612,,,,,,
24120,98.615601,,,,,,
24121,98.887321,,,,,,
24122,98.246872,,,,,,
24123,98.572670,,,,,,
24124,98.289787,,,,,,
24125,99.126137,,,,,,
24126,97.985329,,,,,,
24127,98.612244,,,,,,
24128,98.543121,,,,,,
24129,98.380280,,,,,,
24130,98.225693,,,,,,
24131,98.571861,,,,,,
24132,98.919838,,,,,,
24133,98.664368,,,,,,
24134,98.247910,,,,,,
24135,98.530739,,,,,,
24136,98.555725,,,,,,
24137,98.320160,,,,,,
24138,98.732124,,,,,,
24139,98.353424,,,,,,
24140,98.222755,,,,,,
24141,97.784126,,,,,,
24142,98.567314,,,,,,
24143,98.873184,,,,,,
24144,98.899826,,,,,,
24145,99.021347,,,,,,
24146,98.904701,,,,,,
24147,99.040855,,,,,,
24148,98.409981,,,,,,
24149,99.071373,,,,,,
24150,98.574959,,,,,,
24151,98.268646,,,,,,
24152,98.954140,,,,,,
24153,98.341301,,,,,,
24154,98.854103,,,,,,
24155,98.448341,,,,,,
24156,98.410629,,,,,,
24157,98.505905,,,,,,
24158,98.613968,,,,,,
24159,98.737648,,,,,,
24160,98.794861,,,,,,
24161,98.379799,,,,,,
24162,98.788773,,,,,,
24163,98.764496,,,,,,
24164,99.059433,,,,,,
24165,98.370255,,,,,,
24166,98.686440,,,,,,
24167,98.509132,,,,,,
24168,98.771690,,,,,,
24169,99.061867,,,,,,
24170,99.240265,,,,,,
24171,98.611130,,,,,,
24172,98.777092,,,,,,
24173,98.034492,,,,,,
24174,98.196777,,,,,,
24175,98.320587,,,,,,
24176,98.587105,,,,,,
24177,98.857407,,,,,,
24178,98.916069,,,,,,
24179,98.527603,,,,,,
24180,98.495522,,,,,,
24181,98.525681,,,,,,
24182,98.469536,,,,,,
24183,98.868927,,,,,,
24184,98.610611,,,,,,
24185,98.850113,,,,,,
24186,98.425980,,,,,,
24187,98.432961,,,,,,
24188,98.659706,,,,,,
24189,98.815163,,,,,,
24190,97.758209,,,,,,
24191,98.557892,,,,,,
24192,98.820267,,,,,,
24193,98.043945,,,,,,
24194,98.599899,,,,,,
24195,98.527489,,,,,,
24196,98.752525,,,,,,
24197,98.829239,,,,,,
24198,98.472984,,,,,,
24200,,78.080000,0.113658,,,,
24200,98.419739,,,,,,
24201,98.712135,,,,,,
24202,98.513268,,,,,,
24203,98.833534,,,,,,
24204,98.579857,,,,,,
24205,97.459297,,,,,,
24206,98.477394,,,,,,
24207,97.718803,,,,,,
24208,98.925407,,,,,,
24209,97.923386,,,,,,
24210,98.279396,,,,,,
24211,98.605743,,,,,,
24212,98.842148,,,,,,
24213,98.624954,,,,,,
24214,98.963776,,,,,,
24215,97.907585,,,,,,
24216,97.410088,,,,,,
24217,98.801331,,,,,,
24218,98.774872,,,,,,
24219,98.741966,,,,,,
24220,98.490494,,,,,,
24221,98.899361,,,,,,
24222,99.000626,,,,,,
24223,98.500458,,,,,,
24224,98.926178,,,,,,
24225,98.592400,,,,,,
24226,98.294296,,,,,,
24227,98.864555,,,,,,
24228,98.006554,,,,,,
24229,98.583252,,,,,,
24230,98.642242,,,,,,
24231,98.863434,,,,,,
24232,98.646782,,,,,,
24233,98.833275,,,,,,
24234,98.697159,,,,,,
24235,98.208473,,,,,,
24236,98.532150,,,,,,
24237,99.064354,,,,,,
24238,98.572029,,,,,,
24239,98.752495,,,,,,
24240,98.528496,,,,,,
24241,98.945770,,,,,,
24242,99.013031,,,,,,
24243,98.700150,,,,,,
24244,98.111504,,,,,,
24245,98.522057,,,,,,
24246,98.717361,,,,,,
24247,97.309586,,,,,,
24248,98.452934,,,,,,
24249,98.826927,,,,,,
24250,98.746307,,,,,,
24251,98.986282,,,,,,
24252,98.559875,,,,,,
24253,98.446854,,,,,,
24254,99.016975,,,,,,
24255,98.793610,,,,,,
24256,98.299004,,,,,,
24257,99.009850,,,,,,
24258,97.835846,,,,,,
24259,97.884209,,,,,,
24260,98.190239,,,,,,
24261,98.732635,,,,,,
24262,98.809135,,,,,,
24263,98.627060,,,,,,
24264,98.666702,,,,,,
24265,98.530342,,,,,,
24266,98.994461,,,,,,
24267,98.745262,,,,,,
24268,98.354408,,,,,,
24269,98.025620,,,,,,
24270,98.087669,,,,,,
24271,98.515709,,,,,,
24272,98.768600,,,,,,
24273,98.519516,,,,,,
24274,98.823555,,,,,,
24275,98.626755,,,,,,
24276,98.586266,,,,,,
24277,98.468719,,,,,,
24278,98.648415,,,,,,
24279,98.837334,,,,,,
24280,98.747971,,,,,,
24281,98.841385,,,,,,
24282,98.211380,,,,,,
24283,98.770584,,,,,,
24284,98.880219,,,,,,
24285,98.875748,,,,,,
24286,98.817490,,,,,,
24287,98.329521,,,,,,
24288,98.919281,,,,,,
24289,98.532623,,,,,,
24290,97.630585,,,,,,
24291,98.397095,,,,,,
24292,98.122025,,,,,,
24293,99.027908,,,,,,
24294,98.653069,,,,,,
24295,98.876991,,,,,,
24296,98.657745,,,,,,
24297,98.778770,,,,,,
24298,98.768814,,,,,,
24299,98.666473,,,,,,
24300,98.774925,,,,,,
24301,98.689384,,,,,,
24302,98.495583,,,,,,
24303,98.204437,,,,,,
24304,98.229950,,,,,,
24305,99.091164,,,,,,
24306,98.975227,,,,,,
24307,98.710159,,,,,,
24308,98.684433,,,,,,
24309,98.485664,,,,,,
24310,98.458221,,,,,,
24311,98.618904,,,,,,
24312,98.983658,,,,,,
24313,98.823975,,,,,,
24314,98.456261,,,,,,
24315,99.134850,,,,,,
24316,98.696594,,,,,,
24317,99.015305,,,,,,
24318,98.708092,,,,,,
24319,98.845848,,,,,,
24320,98.521507,,,,,,
24321,98.752800,,,,,,
24322,98.883560,,,,,,
24323,98.537033,,,,,,
24324,97.953323,,,,,,
24325,98.811592,,,,,,
24326,98.631233,,,,,,
24327,98.581955,,,,,,
24328,98.267281,,,,,,
24329,98.285095,,,,,,
24330,98.788742,,,,,,
24331,98.938530,,,,,,
24332,98.421158,,,,,,
24333,98.799759,,,,,,
24334,98.545349,,,,,,
24335,98.551575,,,,,,
24336,98.729538,,,,,,
24337,98.861641,,,,,,
24338,98.263588,,,,,,
24339,98.694344,,,,,,
24340,97.977631,,,,,,
24341,98.614143,,,,,,
24342,98.914864,,,,,,
24343,98.542999,,,,,,
24344,98.185791,,,,,,
24345,97.705902,,,,,,
24346,97.934288,,,,,,
24347,98.332756,,,,,,
24348,98.317688,,,,,,
24349,98.694672,,,,,,
24350,99.014290,,,,,,
24351,97.758560,,,,,,
24352,98.237938,,,,,,
24353,98.549278,,,,,,
24354,98.501862,,,,,,
24355,98.723206,,,,,,
24356,98.088211,,,,,,
24357,98.166382,,,,,,
24358,98.589867,,,,,,
24359,98.727051,,,,,,
24360,98.731926,,,,,,
24361,98.331345,,,,,,
24362,98.341164,,,,,,
24363,98.583313,,,,,,
24364,98.852623,,,,,,
24365,98.917274,,,,,,
24366,98.945595,,,,,,
24367,98.944656,,,,,,
24368,98.663094,,,,,,
24369,98.463112,,,,,,
24370,98.861557,,,,,,
24371,98.761436,,,,,,
24372,98.916565,,,,,,
24373,98.365997,,,,,,
24374,99.005356,,,,,,
24375,98.496574,,,,,,
24376,98.169624,,,,,,
24377,98.519539,,,,,,
24378,98.894073,,,,,,
24379,98.549805,,,,,,
24380,98.949409,,,,,,
24381,98.758301,,,,,,
24382,98.183823,,,,,,
24383,98.660912,,,,,,
24384,98.715591,,,,,,
24385,98.423080,,,,,,
24386,98.536522,,,,,,
24387,98.447144,,,,,,
24388,99.054070,,,,,,
24389,98.344925,,,,,,
24390,99.024727,,,,,,
24391,98.613274,,,,,,
24392,97.794914,,,,,,
24393,98.533424,,,,,,
24394,98.732948,,,,,,
24395,98.519783,,,,,,
24396,98.727539,,,,,,
24397,98.518219,,,,,,
24398,98.670578,,,,,,
24400,,78.110000,0.112166,,,,
24400,99.025856,,,,,,
24401,98.566917,,,,,,
24402,98.443123,,,,,,
24403,98.439362,,,,,,
24404,98.791748,,,,,,
24405,98.399940,,,,,,
24406,98.766228,,,,,,
24407,98.941917,,,,,,
24408,97.926361,,,,,,
24409,98.998482,,,,,,
24410,99.119217,,,,,,
24411,98.662018,,,,,,
24412,98.233482,,,,,,
24413,98.913063,,,,,,
24414,98.643700,,,,,,
24415,98.711823,,,,,,
24416,98.629875,,,,,,
24417,98.349655,,,,,,
24418,98.679008,,,,,,
24419,98.230392,,,,,,
24420,98.954445,,,,,,
24421,98.952301,,,,,,
24422,98.519783,,,,,,
24423,98.554054,,,,,,
24424,98.442436,,,,,,
24425,98.326683,,,,,,
24426,98.827156,,,,,,
24427,98.535042,,,,,,
24428,97.952026,,,,,,
24429,98.259857,,,,,,
24430,98.595894,,,,,,
24431,98.536400,,,,,,
24432,98.840164,,,,,,
24433,98.638641,,,,,,
24434,97.421043,,,,,,
24435,98.751259,,,,,,
24436,97.965790,,,,,,
24437,98.992691,,,,,,
24438,98.322021,,,,,,
24439,98.153450,,,,,,
24440,98.321915,,,,,,
24441,98.311890,,,,,,
24442,98.477409,,,,,,
24443,98.426384,,,,,,
24444,97.991600,,,,,,
24445,98.719963,,,,,,
24446,98.988899,,,,,,
24447,98.844452,,,,,,
24448,98.600014,,,,,,
24449,98.650284,,,,,,
24450,99.191933,,,,,,
24451,98.084435,,,,,,
24452,98.964935,,,,,,
24453,98.529633,,,,,,
24454,98.657112,,,,,,
24455,98.767960,,,,,,
24456,98.162331,,,,,,
24457,98.684349,,,,,,
24458,98.673477,,,,,,
24459,98.621262,,,,,,
24460,98.256569,,,,,,
24461,98.743835,,,,,,
24462,98.192261,,,,,,
24463,98.938194,,,,,,
24464,99.186272,,,,,,
24465,98.547028,,,,,,
24466,98.555328,,,,,,
24467,98.181717,,,,,,
24468,98.620186,,,,,,
24469,98.769226,,,,,,
24470,98.089989,,,,,,
24471,98.559105,,,,,,
24472,98.682892,,,,,,
24473,98.992218,,,,,,
24474,98.377945,,,,,,
24475,98.532715,,,,,,
24476,98.055534,,,,,,
24477,98.431961,,,,,,
24478,98.906235,,,,,,
24479,98.979164,,,,,,
24480,98.749840,,,,,,
24481,98.894257,,,,,,
24482,98.331993,,,,,,
24483,98.158737,,,,,,
24484,98.493355,,,,,,
24485,98.547966,,,,,,
24486,98.778191,,,,,,
24487,98.014793,,,,,,
24488,98.429779,,,,,,
24489,98.207191,,,,,,
24490,98.769791,,,,,,
24491,98.728676,,,,,,
24492,98.696518,,,,,,
24493,98.465141,,,,,,
24494,99.194283,,,,,,
24495,98.785255,,,,,,
24496,98.954742,,,,,,
24497,98.375069,,,,,,
24498,98.647049,,,,,,
24499,98.728401,,,,,,
24500,98.359749,,,,,,
24501,98.126488,,,,,,
24502,98.755806,,,,,,
24503,97.734398,,,,,,
24504,98.404854,,,,,,
24505,98.571220,,,,,,
24506,98.939751,,,,,,
24507,98.442398,,,,,,
24508,98.742752,,,,,,
24509,99.055229,,,,,,
24510,98.022682,,,,,,
24511,98.052696,,,,,,
24512,98.050568,,,,,,
24513,98.915779,,,,,,
24514,98.642197,,,,,,
24515,99.012444,,,,,,
24516,98.796936,,,,,,
24517,98.740753,,,,,,
24518,98.806206,,,,,,
24519,98.399567,,,,,,
24520,98.748878,,,,,,
24521,98.783028,,,,,,
24522,99.135231,,,,,,
24523,98.541664,,,,,,
24524,98.323471,,,,,,
24525,98.363106,,,,,,
24526,99.107094,,,,,,
24527,97.861191,,,,,,
24528,98.482338,,,,,,
24529,98.741608,,,,,,
24530,98.648148,,,,,,
24531,99.050377,,,,,,
24532,98.663048,,,,,,
24533,98.514397,,,,,,
24534,98.906502,,,,,,
24535,97.486763,,,,,,
24536,98.635406,,,,,,
24537,98.877838,,,,,,
24538,98.100815,,,,,,
24539,98.198479,,,,,,
24540,98.930382,,,,,,
24541,99.072739,,,,,,
24542,98.794098,,,,,,
24543,98.289787,,,,,,
24544,98.571365,,,,,,
24545,98.341766,,,,,,
24546,98.723335,,,,,,
24547,98.687408,,,,,,
24548,98.679207,,,,,,
24549,98.769859,,,,,,
24550,98.714020,,,,,,
24551,98.507988,,,,,,
24552,98.406174,,,,,,
24553,98.273132,,,,,,
24554,98.231743,,,,,,
24555,98.441574,,,,,,
24556,99.163391,,,,,,
24557,98.548233,,,,,,
24558,98.731880,,,,,,
24559,98.716743,,,,,,
24560,98.421776,,,,,,
24561,98.818214,,,,,,
24562,98.431099,,,,,,
24563,98.678726,,,,,,
24564,98.360512,,,,,,
24565,98.835899,,,,,,
24566,98.600487,,,,,,
24567,98.678619,,,,,,
24568,97.828712,,,,,,
24569,99.019974,,,,,,
24570,98.430222,,,,,,
24571,98.555702,,,,,,
24572,98.417976,,,,,,
24573,98.849609,,,,,,
24574,98.653702,,,,,,
24575,98.742195,,,,,,
24576,98.590065,,,,,,
24577,98.465485,,,,,,
24578,98.582886,,,,,,
24579,98.390213,,,,,,
24580,98.172363,,,,,,
24581,98.629913,,,,,,
24582,98.525345,,,,,,
24583,98.729744,,,,,,
24584,98.789131,,,,,,
24585,98.658791,,,,,,
24586,98.795044,,,,,,
24587,98.558838,,,,,,
24588,98.697937,,,,,,
24589,98.774841,,,,,,
24590,98.235062,,,,,,
24591,98.390884,,,,,,
24592,98.616158,,,,,,
24593,98.459259,,,,,,
24594,98.347610,,,,,,
24595,98.744926,,,,,,
24596,98.560219,,,,,,
24597,98.840607,,,,,,
24598,98.619888,,,,,,
24600,,78.210000,0.111492,,,,
24600,98.846817,,,,,,
24601,98.893784,,,,,,
24602,97.933174,,,,,,
24603,98.609238,,,,,,
24604,98.579971,,,,,,
24605,98.374146,,,,,,
24606,98.245239,,,,,,
24607,99.038383,,,,,,
24608,98.150047,,,,,,
24609,98.502556,,,,,,
24610,98.442711,,,,,,
24611,98.543633,,,,,,
24612,98.727791,,,,,,
24613,98.601303,,,,,,
24614,98.755630,,,,,,
24615,98.947746,,,,,,
24616,98.439346,,,,,,
24617,98.748627,,,,,,
24618,99.010544,,,,,,
24619,98.437813,,,,,,
24620,98.285027,,,,,,
24621,98.459450,,,,,,
24622,99.121696,,,,,,
24623,98.486458,,,,,,
24624,98.922134,,,,,,
24625,98.573303,,,,,,
24626,98.633057,,,,,,
24627,98.910706,,,,,,
24628,98.541710,,,,,,
24629,98.337318,,,,,,
24630,98.935066,,,,,,
24631,98.723648,,,,,,
24632,97.977333,,,,,,
24633,98.502197,,,,,,
24634,99.103401,,,,,,
24635,98.488319,,,,,,
24636,98.970978,,,,,,
24637,98.127899,,,,,,
24638,98.747780,,,,,,
24639,98.565338,,,,,,
24640,98.636070,,,,,,
24641,98.818405,,,,,,
24642,99.115448,,,,,,
24643,98.253410,,,,,,
24644,99.115143,,,,,,
24645,98.695183,,,,,,
24646,98.063690,,,,,,
24647,98.594719,,,,,,
24648,98.489967,,,,,,
24649,99.134354,,,,,,
24650,98.051086,,,,,,
24651,98.593010,,,,,,
24652,98.733879,,,,,,
24653,98.587128,,,,,,
24654,98.276207,,,,,,
24655,98.394875,,,,,,
24656,98.675591,,,,,,
24657,98.557442,,,,,,
24658,98.396744,,,,,,
24659,98.596565,,,,,,
24660,98.012009,,,,,,
24661,98.770584,,,,,,
24662,98.572769,,,,,,
24663,98.774643,,,,,,
24664,98.862022,,,,,,
24665,98.838692,,,,,,
24666,98.008377,,,,,,
24667,98.306473,,,,,,
24668,98.941147,,,,,,
24669,97.908020,,,,,,
24670,98.786026,,,,,,
24671,98.840012,,,,,,
24672,98.519470,,,,,,
24673,99.080292,,,,,,
24674,98.141083,,,,,,
24675,98.201622,,,,,,
24676,98.683739,,,,,,
24677,98.326561,,,,,,
24678,98.427292,,,,,,
24679,98.606529,,,,,,
24680,98.779655,,,,,,
24681,98.915428,,,,,,
24682,98.476112,,,,,,
24683,98.711311,,,,,,
24684,98.829727,,,,,,
24685,98.043114,,,,,,
24686,98.839783,,,,,,
24687,98.049194,,,,,,
24688,98.688705,,,,,,
24689,98.631454,,,,,,
24690,98.492188,,,,,,
24691,98.933762,,,,,,
24692,98.294937,,,,,,
24693,98.397995,,,,,,
24694,98.844437,,,,,,
24695,98.969666,,,,,,
24696,98.478371,,,,,,
24697,98.594177,,,,,,
24698,98.070358,,,,,,
24699,98.651550,,,,,,
24700,98.689224,,,,,,
24701,98.151520,,,,,,
24702,98.802231,,,,,,
24703,98.579979,,,,,,
24704,98.651375,,,,,,
24705,98.896957,,,,,,
24706,98.792023,,,,,,
24707,98.715324,,,,,,
24708,98.726555,,,,,,
24709,97.920418,,,,,,
24710,98.601234,,,,,,
24711,98.776306,,,,,,
24712,98.453743,,,,,,
24713,98.577217,,,,,,
24714,98.922943,,,,,,
24715,98.671600,,,,,,
24716,98.539894,,,,,,
24717,98.554680,,,,,,
24718,98.113686,,,,,,
24719,98.866692,,,,,,
24720,98.751190,,,,,,
24721,98.274147,,,,,,
24722,98.576813,,,,,,
24723,98.574371,,,,,,
24724,98.958282,,,,,,
24725,98.741814,,,,,,
24726,98.796318,,,,,,
24727,98.732986,,,,,,
24728,98.502892,,,,,,
24729,97.958008,,,,,,
24730,98.465385,,,,,,
24731,98.961510,,,,,,
24732,98.478401,,,,,,
24733,98.566071,,,,,,
24734,98.647072,,,,,,
24735,98.268150,,,,,,
24736,98.820854,,,,,,
24737,98.830643,,,,,,
24738,98.585632,,,,,,
24739,98.451454,,,,,,
24740,98.055672,,,,,,
24741,98.309380,,,,,,
24742,98.123634,,,,,,
24743,99.138550,,,,,,
24744,98.009323,,,,,,
24745,98.835892,,,,,,
24746,98.972298,,,,,,
24747,98.398254,,,,,,
24748,99.179649,,,,,,
24749,98.257042,,,,,,
24750,98.950684,,,,,,
24751,98.845428,,,,,,
24752,98.744934,,,,,,
24753,97.925636,,,,,,
24754,98.166588,,,,,,
24755,99.157784,,,,,,
24756,98.698807,,,,,,
24757,98.501244,,,,,,
24758,98.834663,,,,,,
24759,99.083839,,,,,,
24760,98.823067,,,,,,
24761,98.381348,,,,,,
24762,98.280251,,,,,,
24763,98.599426,,,,,,
24764,98.977943,,,,,,
24765,98.853493,,,,,,
24766,98.004425,,,,,,
24767,98.636269,,,,,,
24768,98.232658,,,,,,
24769,98.938736,,,,,,
24770,98.549934,,,,,,
24771,98.060661,,,,,,
24772,98.498947,,,,,,
24773,98.345085,,,,,,
24774,98.786034,,,,,,
24775,98.778618,,,,,,
24776,98.879433,,,,,,
24777,98.698242,,,,,,
24778,98.488136,,,,,,
24779,98.322227,,,,,,
24780,98.765656,,,,,,
24781,97.697014,,,,,,
24782,98.402260,,,,,,
24783,98.780426,,,,,,
24784,98.719582,,,,,,
24785,98.637123,,,,,,
24786,99.020218,,,,,,
24787,98.912399,,,,,,
24788,98.534470,,,,,,
24789,98.696716,,,,,,
24790,98.063927,,,,,,
24791,99.152451,,,,,,
24792,98.896362,,,,,,
24793,98.817116,,,,,,
24794,98.460243,,,,,,
24795,98.837555,,,,,,
24796,98.652954,,,,,,
24797,98.566177,,,,,,
24798,98.725250,,,,,,
24800,,78.200000,0.112121,,,,
24800,98.988388,,,,,,
24801,98.892281,,,,,,
24802,98.608665,,,,,,
24803,98.743904,,,,,,
24804,98.449043,,,,,,
24805,98.721893,,,,,,
24806,98.440704,,,,,,
24807,98.413971,,,,,,
24808,98.164696,,,,,,
24809,98.711945,,,,,,
24810,98.769600,,,,,,
24811,98.265129,,,,,,
24812,98.339172,,,,,,
24813,98.511948,,,,,,
24814,98.754921,,,,,,
24815,98.719994,,,,,,
24816,98.596581,,,,,,
24817,98.328445,,,,,,
24818,98.332474,,,,,,
24819,98.100166,,,,,,
24820,98.864342,,,,,,
24821,98.783546,,,,,,
24822,98.263924,,,,,,
24823,98.653534,,,,,,
24824,98.530762,,,,,,
24825,98.431931,,,,,,
24826,98.684341,,,,,,
24827,98.407112,,,,,,
24828,98.374687,,,,,,
24829,98.434578,,,,,,
24830,98.691673,,,,,,
24831,98.661530,,,,,,
24832,98.804176,,,,,,
24833,98.420090,,,,,,
24834,98.838615,,,,,,
24835,98.744522,,,,,,
24836,98.567581,,,,,,
24837,98.649323,,,,,,
24838,98.827324,,,,,,
24839,98.179024,,,,,,
24840,98.822624,,,,,,
24841,98.658173,,,,,,
24842,97.473915,,,,,,
24843,98.196030,,,,,,
24844,99.078957,,,,,,
24845,99.064537,,,,,,
24846,98.138680,,,,,,
24847,98.493988,,,,,,
24848,98.471001,,,,,,
24849,98.886887,,,,,,
24850,98.484238,,,,,,
24851,98.385025,,,,,,
24852,98.485825,,,,,,
24853,98.479736,,,,,,
24854,98.968048,,,,,,
24855,98.391434,,,,,,
24856,98.280228,,,,,,
24857,98.448418,,,,,,
24858,98.914474,,,,,,
24859,98.768433,,,,,,
24860,98.709038,,,,,,
24861,98.206436,,,,,,
24862,98.754234,,,,,,
24863,98.806465,,,,,,
24864,98.246246,,,,,,
24865,98.754379,,,,,,
24866,97.830803,,,,,,
24867,99.021057,,,,,,
24868,98.670670,,,,,,
24869,98.796585,,,,,,
24870,98.461700,,,,,,
24871,98.543892,,,,,,
24872,98.892715,,,,,,
24873,98.916664,,,,,,
24874,98.031570,,,,,,
24875,98.784073,,,,,,
24876,97.841408,,,,,,
24877,98.805267,,,,,,
24878,98.603256,,,,,,
24879,98.843391,,,,,,
24880,99.147789,,,,,,
24881,98.251770,,,,,,
24882,98.711594,,,,,,
24883,98.982567,,,,,,
24884,98.117531,,,,,,
24885,98.003708,,,,,,
24886,98.800079,,,,,,
24887,98.826073,,,,,,
24888,98.500237,,,,,,
24889,98.829025,,,,,,
24890,98.524803,,,,,,
24891,98.265274,,,,,,
24892,98.456985,,,,,,
24893,98.287262,,,,,,
24894,98.862160,,,,,,
24895,98.542801,,,,,,
24896,98.310013,,,,,,
24897,98.499565,,,,,,
24898,98.411682,,,,,,
24899,98.604881,,,,,,
24900,98.160889,,,,,,
24901,98.737228,,,,,,
24902,98.615913,,,,,,
24903,98.660339,,,,,,
24904,98.620476,,,,,,
24905,98.928085,,,,,,
24906,98.466789,,,,,,
24907,98.440666,,,,,,
24908,98.457283,,,,,,
24909,98.642494,,,,,,
24910,98.351028,,,,,,
24911,98.715630,,,,,,
24912,98.799812,,,,,,
24913,98.869415,,,,,,
24914,98.439445,,,,,,
24915,98.532860,,,,,,
24916,98.387375,,,,,,
24917,98.623466,,,,,,
24918,98.834145,,,,,,
24919,98.570450,,,,,,
24920,98.792007,,,,,,
24921,98.239433,,,,,,
24922,98.560028,,,,,,
24923,98.673241,,,,,,
24924,98.736115,,,,,,
24925,98.410339,,,,,,
24926,99.278336,,,,,,
24927,98.899353,,,,,,
24928,98.513451,,,,,,
24929,98.692535,,,,,,
24930,98.031586,,,,,,
24931,98.736771,,,,,,
24932,98.742676,,,,,,
24933,98.648720,,,,,,
24934,98.471588,,,,,,
24935,98.375397,,,,,,
24936,97.986877,,,,,,
24937,98.178444,,,,,,
24938,98.789421,,,,,,
24939,98.198265,,,,,,
24940,98.911041,,,,,,
24941,98.768929,,,,,,
24942,98.440720,,,,,,
24943,98.214844,,,,,,
24944,98.666321,,,,,,
24945,98.409058,,,,,,
24946,98.518738,,,,,,
24947,98.266754,,,,,,
24948,98.521675,,,,,,
24949,98.455261,,,,,,
24950,98.227783,,,,,,
24951,98.949593,,,,,,
24952,98.386162,,,,,,
24953,98.754593,,,,,,
24954,98.122612,,,,,,
24955,98.537964,,,,,,
24956,98.522675,,,,,,
24957,98.829102,,,,,,
24958,98.942024,,,,,,
24959,98.890167,,,,,,
24960,98.770302,,,,,,
24961,98.508369,,,,,,
24962,99.105843,,,,,,
24963,98.332214,,,,,,
24964,98.619690,,,,,,
24965,99.072601,,,,,,
24966,97.946030,,,,,,
24967,98.642014,,,,,,
24968,98.422386,,,,,,
24969,98.669861,,,,,,
24970,98.946426,,,,,,
24971,98.699631,,,,,,
24972,98.558075,,,,,,
24973,98.366653,,,,,,
24974,98.243591,,,,,,
24975,99.117882,,,,,,
24976,98.792496,,,,,,
24977,98.396805,,,,,,
24978,98.399551,,,,,,
24979,98.789268,,,,,,
24980,98.951225,,,,,,
24981,98.286842,,,,,,
24982,98.653679,,,,,,
24983,98.580032,,,,,,
24984,98.436584,,,,,,
24985,98.589890,,,,,,
24986,98.624237,,,,,,
24987,98.803467,,,,,,
24988,97.974205,,,,,,
24989,99.100784,,,,,,
24990,98.699585,,,,,,
24991,98.335655,,,,,,
24992,98.532066,,,,,,
24993,98.297119,,,,,,
24994,98.429138,,,,,,
24995,98.489456,,,,,,
24996,98.640305,,,,,,
24997,98.857117,,,,,,
24998,98.406395,,,,,,
25000,,78.110000,0.110680,,,,
25000,98.444061,,,,,,
25001,98.512276,,,,,,
25002,98.800552,,,,,,
25003,98.892838,,,,,,
25004,98.701881,,,,,,
25005,98.759483,,,,,,
25006,98.276031,,,,,,
25007,98.335823,,,,,,
25008,98.246933,,,,,,
25009,99.180183,,,,,,
25010,98.773636,,,,,,
25011,98.080566,,,,,,
25012,98.622734,,,,,,
25013,98.070374,,,,,,
25014,98.240234,,,,,,
25015,99.231651,,,,,,
25016,98.439980,,,,,,
25017,98.918053,,,,,,
25018,98.063698,,,,,,
25019,98.728920,,,,,,
25020,99.041275,,,,,,
25021,99.083862,,,,,,
25022,98.185425,,,,,,
25023,99.107254,,,,,,
25024,98.605026,,,,,,
25025,98.349525,,,,,,
25026,98.860474,,,,,,
25027,97.991112,,,,,,
25028,98.687592,,,,,,
25029,98.792244,,,,,,
25030,98.542809,,,,,,
25031,98.567627,,,,,,
25032,98.596008,,,,,,
25033,98.289452,,,,,,
25034,98.714493,,,,,,
25035,98.696564,,,,,,
25036,98.122009,,,,,,
25037,98.920502,,,,,,
25038,98.442253,,,,,,
25039,99.093994,,,,,,
25040,98.394768,,,,,,
25041,98.336082,,,,,,
25042,98.584717,,,,,,
25043,98.889595,,,,,,
25044,98.492607,,,,,,
25045,98.628128,,,,,,
25046,98.832458,,,,,,
25047,98.003296,,,,,,
25048,98.018410,,,,,,
25049,98.180901,,,,,,
25050,99.225677,,,,,,
25051,98.639687,,,,,,
25052,98.937706,,,,,,
25053,98.420212,,,,,,
25054,98.977432,,,,,,
25055,98.190063,,,,,,
25056,98.880684,,,,,,
25057,98.492920,,,,,,
25058,98.359848,,,,,,
25059,98.027428,,,,,,
25060,98.414543,,,,,,
25061,98.464264,,,,,,
25062,97.734520,,,,,,
25063,98.659729,,,,,,
25064,98.336777,,,,,,
25065,99.045311,,,,,,
25066,98.835823,,,,,,
25067,98.401855,,,,,,
25068,98.713150,,,,,,
25069,98.950096,,,,,,
25070,98.363304,,,,,,
25071,99.019989,,,,,,
25072,98.549042,,,,,,
25073,98.526634,,,,,,
25074,99.033180,,,,,,
25075,98.625282,,,,,,
25076,98.770195,,,,,,
25077,98.812080,,,,,,
25078,98.073723,,,,,,
25079,98.932693,,,,,,
25080,98.658691,,,,,,
25081,98.796700,,,,,,
25082,98.423241,,,,,,
25083,98.514877,,,,,,
25084,98.580704,,,,,,
25085,98.115738,,,,,,
25086,98.827568,,,,,,
25087,98.761734,,,,,,
25088,98.226639,,,,,,
25089,98.635040,,,,,,
25090,98.514107,,,,,,
25091,98.431030,,,,,,
25092,98.949326,,,,,,
25093,98.966339,,,,,,
25094,98.309906,,,,,,
25095,98.840958,,,,,,
25096,98.468727,,,,,,
25097,98.636154,,,,,,
25098,98.787415,,,,,,
25099,98.276512,,,,,,
25100,98.708740,,,,,,
25101,98.915222,,,,,,
25102,98.045685,,,,,,
25103,98.173798,,,,,,
25104,98.839333,,,,,,
25105,98.848289,,,,,,
25106,98.155754,,,,,,
25107,98.331879,,,,,,
25108,98.830048,,,,,,
25109,98.709824,,,,,,
25110,98.460632,,,,,,
25111,98.463547,,,,,,
25112,98.681656,,,,,,
25113,98.838310,,,,,,
25114,98.336617,,,,,,
25115,98.771164,,,,,,
25116,98.439163,,,,,,
25117,98.678215,,,,,,
25118,98.415688,,,,,,
25119,98.955307,,,,,,
25120,98.631752,,,,,,
25121,98.394257,,,,,,
25122,98.804970,,,,,,
25123,98.522209,,,,,,
25124,98.471542,,,,,,
25125,98.647034,,,,,,
25126,98.633705,,,,,,
25127,98.075752,,,,,,
25128,98.612816,,,,,,
25129,98.398346,,,,,,
25130,98.386734,,,,,,
25131,98.729454,,,,,,
25132,98.725029,,,,,,
25133,98.460732,,,,,,
25134,98.843666,,,,,,
25135,98.778061,,,,,,
25136,98.915726,,,,,,
25137,98.694801,,,,,,
25138,98.716606,,,,,,
25139,98.961273,,,,,,
25140,98.302750,,,,,,
25141,99.047279,,,,,,
25142,98.921883,,,,,,
25143,98.675499,,,,,,
25144,98.358643,,,,,,
25145,98.935837,,,,,,
25146,98.769386,,,,,,
25147,98.501785,,,,,,
25148,98.816727,,,,,,
25149,98.515686,,,,,,
25150,98.426651,,,,,,
25151,97.714188,,,,,,
25152,98.599869,,,,,,
25153,98.493225,,,,,,
25154,98.252892,,,,,,
25155,98.230362,,,,,,
25156,98.556129,,,,,,
25157,98.421127,,,,,,
25158,98.669884,,,,,,
25159,98.575241,,,,,,
25160,98.495697,,,,,,
25161,98.826248,,,,,,
25162,98.614807,,,,,,
25163,98.429962,,,,,,
25164,98.490013,,,,,,
25165,98.445801,,,,,,
25166,98.406189,,,,,,
25167,98.413834,,,,,,
25168,98.210335,,,,,,
25169,98.118217,,,,,,
25170,98.940132,,,,,,
25171,98.146774,,,,,,
25172,98.652390,,,,,,
25173,98.596451,,,,,,
25174,98.140388,,,,,,
25175,98.686363,,,,,,
25176,98.767876,,,,,,
25177,98.304779,,,,,,
25178,98.836288,,,,,,
25179,99.027603,,,,,,
25180,98.611076,,,,,,
25181,98.477516,,,,,,
25182,98.726723,,,,,,
25183,99.015198,,,,,,
25184,99.252068,,,,,,
25185,98.583527,,,,,,
25186,98.367455,,,,,,
25187,98.327202,,,,,,
25188,98.536919,,,,,,
25189,98.768074,,,,,,
25190,98.377373,,,,,,
25191,98.700790,,,,,,
25192,98.851768,,,,,,
25193,98.537788,,,,,,
25194,98.845024,,,,,,
25195,98.879112,,,,,,
25196,98.230194,,,,,,
25197,98.459999,,,,,,
25198,99.003815,,,,,,
25200,,78.150000,0.111513,,,,
25200,98.868950,,,,,,
25201,98.328171,,,,,,
25202,98.403885,,,,,,
25203,99.035309,,,,,,
25204,99.089188,,,,,,
25205,98.783417,,,,,,
25206,99.002289,,,,,,
25207,98.754822,,,,,,
25208,98.333450,,,,,,
25209,98.346451,,,,,,
25210,98.581154,,,,,,
25211,99.076698,,,,,,
25212,98.468651,,,,,,
25213,98.849838,,,,,,
25214,97.882317,,,,,,
25215,98.627251,,,,,,
25216,98.562958,,,,,,
25217,98.241737,,,,,,
25218,98.686493,,,,,,
25219,98.866951,,,,,,
25220,98.348663,,,,,,
25221,98.623901,,,,,,
25222,98.918533,,,,,,
25223,98.517174,,,,,,
25224,98.402695,,,,,,
25225,98.312607,,,,,,
25226,98.395859,,,,,,
25227,98.455482,,,,,,
25228,98.472260,,,,,,
25229,98.608383,,,,,,
25230,98.643349,,,,,,
25231,98.247795,,,,,,
25232,98.514076,,,,,,
25233,97.616020,,,,,,
25234,98.645973,,,,,,
25235,98.359337,,,,,,
25236,98.643616,,,,,,
25237,98.287018,,,,,,
25238,98.885727,,,,,,
25239,98.608223,,,,,,
25240,98.739731,,,,,,
25241,98.074356,,,,,,
25242,99.142174,,,,,,
25243,98.530167,,,,,,
25244,99.111900,,,,,,
25245,98.518730,,,,,,
25246,98.920547,,,,,,
25247,98.743904,,,,,,
25248,98.505096,,,,,,
25249,98.670746,,,,,,
25250,98.742905,,,,,,
25251,98.544754,,,,,,
25252,98.800629,,,,,,
25253,98.340691,,,,,,
25254,98.766678,,,,,,
25255,98.140358,,,,,,
25256,99.035126,,,,,,
25257,98.811928,,,,,,
25258,98.502388,,,,,,
25259,98.069099,,,,,,
25260,98.785469,,,,,,
25261,97.871582,,,,,,
25262,98.168839,,,,,,
25263,98.780029,,,,,,
25264,99.099640,,,,,,
25265,99.030167,,,,,,
25266,98.365021,,,,,,
25267,98.865692,,,,,,
25268,98.617683,,,,,,
25269,98.664970,,,,,,
25270,98.937950,,,,,,
25271,98.977661,,,,,,
25272,98.826347,,,,,,
25273,99.040207,,,,,,
25274,98.813248,,,,,,
25275,98.753059,,,,,,
25276,98.781349,,,,,,
25277,98.607758,,,,,,
25278,98.816673,,,,,,
25279,98.245659,,,,,,
25280,98.725266,,,,,,
25281,98.374939,,,,,,
25282,98.597954,,,,,,
25283,98.317886,,,,,,
25284,98.876549,,,,,,
25285,98.725197,,,,,,
25286,98.350639,,,,,,
25287,98.473373,,,,,,
25288,98.927452,,,,,,
25289,98.193741,,,,,,
25290,98.140587,,,,,,
25291,98.400490,,,,,,
25292,98.631187,,,,,,
25293,98.673523,,,,,,
25294,98.466660,,,,,,
25295,98.601372,,,,,,
25296,98.591270,,,,,,
25297,98.122894,,,,,,
25298,98.949028,,,,,,
25299,98.903198,,,,,,
25300,98.856003,,,,,,
25301,98.052414,,,,,,
25302,98.808769,,,,,,
25303,99.075378,,,,,,
25304,98.585808,,,,,,
25305,98.377701,,,,,,
25306,98.773476,,,,,,
25307,98.182182,,,,,,
25308,98.762283,,,,,,
25309,99.235039,,,,,,
25310,98.314369,,,,,,
25311,98.293274,,,,,,
25312,98.755493,,,,,,
25313,98.489525,,,,,,
25314,98.113495,,,,,,
25315,98.462463,,,,,,
25316,98.519859,,,,,,
25317,98.476562,,,,,,
25318,98.453178,,,,,,
25319,98.612221,,,,,,
25320,98.496101,,,,,,
25321,98.486954,,,,,,
25322,98.455856,,,,,,
25323,98.773445,,,,,,
25324,98.185852,,,,,,
25325,98.294411,,,,,,
25326,99.018486,,,,,,
25327,98.434547,,,,,,
25328,98.551071,,,,,,
25329,98.780983,,,,,,
25330,98.957733,,,,,,
25331,98.685493,,,,,,
25332,98.589165,,,,,,
25333,98.217659,,,,,,
25334,98.586189,,,,,,
25335,98.732224,,,,,,
25336,98.601952,,,,,,
25337,98.173820,,,,,,
25338,98.851959,,,,,,
25339,98.498222,,,,,,
25340,98.335258,,,,,,
25341,99.014191,,,,,,
25342,98.880669,,,,,,
25343,97.698303,,,,,,
25344,99.073669,,,,,,
25345,98.957390,,,,,,
25346,98.872803,,,,,,
25347,98.954292,,,,,,
25348,98.049065,,,,,,
25349,98.464500,,,,,,
25350,98.227135,,,,,,
25351,98.520241,,,,,,
25352,98.503075,,,,,,
25353,98.965836,,,,,,
25354,98.041008,,,,,,
25355,97.486343,,,,,,
25356,98.205330,,,,,,
25357,98.671730,,,,,,
25358,98.356987,,,,,,
25359,98.948311,,,,,,
25360,98.806297,,,,,,
25361,98.024139,,,,,,
25362,98.452278,,,,,,
25363,98.515900,,,,,,
25364,98.951050,,,,,,
25365,98.569336,,,,,,
25366,98.503372,,,,,,
25367,98.954880,,,,,,
25368,98.459389,,,,,,
25369,98.706001,,,,,,
25370,98.560997,,,,,,
25371,98.502052,,,,,,
25372,98.727898,,,,,,
25373,97.972534,,,,,,
25374,98.589043,,,,,,
25375,98.758087,,,,,,
25376,98.760193,,,,,,
25377,97.945320,,,,,,
25378,98.961426,,,,,,
25379,98.733688,,,,,,
25380,98.826210,,,,,,
25381,98.153534,,,,,,
25382,98.755280,,,,,,
25383,98.689606,,,,,,
25384,98.463470,,,,,,
25385,98.436935,,,,,,
25386,98.862984,,,,,,
25387,98.610023,,,,,,
25388,98.035988,,,,,,
25389,98.951172,,,,,,
25390,98.141426,,,,,,
25391,98.639694,,,,,,
25392,98.786705,,,,,,
25393,98.183334,,,,,,
25394,98.280754,,,,,,
25395,98.579239,,,,,,
25396,98.607048,,,,,,
25397,98.547096,,,,,,
25398,98.919464,,,,,,
25400,,78.120000,0.111064,,,,
